trial_id,subject_id,session,trial_in_session,coherence,response,correct,rt_s
0,S01,1,1,0.5,1,1.0,0.4930938561645583
1,S01,1,2,-0.15,0,1.0,0.7963736490547233
2,S01,1,3,-0.5,1,0.0,0.5455582116888328
3,S01,1,4,-0.15,1,0.0,1.0716623052723655
4,S01,1,5,0.15,1,1.0,1.916339873371396
5,S01,1,6,-0.3,1,0.0,0.6026107350224518
6,S01,1,7,-0.05,0,1.0,0.9511939626454207
7,S01,1,8,0.5,1,1.0,0.6454008663768296
8,S01,1,9,0.3,1,1.0,0.7642696458236407
9,S01,1,10,-0.3,1,0.0,0.8307390394096233
10,S01,1,11,0.0,0,,0.6734486251453219
11,S01,1,12,-0.15,0,1.0,0.7396111866833359
12,S01,1,13,-0.05,0,1.0,0.9546560165997521
13,S01,1,14,0.5,1,1.0,0.7519339749804094
14,S01,1,15,-0.3,0,1.0,0.6912761257529909
15,S01,1,16,0.3,1,1.0,0.6067454958824544
16,S01,1,17,-0.15,0,1.0,1.5380372419994783
17,S01,1,18,0.15,0,0.0,1.0717711252824216
18,S01,1,19,-0.3,0,1.0,1.0319263304381605
19,S01,1,20,-0.15,0,1.0,0.8111331558777397
20,S01,1,21,-0.05,0,1.0,0.7346676602911686
21,S01,1,22,0.15,1,1.0,0.7461267297214871
22,S01,1,23,-0.5,0,1.0,0.5069179387819623
23,S01,1,24,-0.3,1,0.0,1.2370535559075373
24,S01,1,25,-0.15,1,0.0,0.8198095916124883
25,S01,1,26,0.0,0,,1.2973451344038014
26,S01,1,27,0.3,0,0.0,0.7085938334987614
27,S01,1,28,0.0,0,,1.0147997344963233
28,S01,1,29,-0.3,1,0.0,0.836852438682213
29,S01,1,30,-0.5,1,0.0,0.49427254672399723
30,S01,1,31,0.15,1,1.0,1.3732249643031242
31,S01,1,32,0.3,1,1.0,0.7141190354326934
32,S01,1,33,0.5,1,1.0,0.5317635118339599
33,S01,1,34,-0.05,0,1.0,1.0566832703242546
34,S01,1,35,-0.5,1,0.0,0.7239610062561482
35,S01,1,36,0.15,1,1.0,0.9315144596718398
36,S01,1,37,0.0,0,,0.9231193541581378
37,S01,1,38,0.0,1,,0.5069166415757722
38,S01,1,39,0.5,1,1.0,0.5725311698920933
39,S01,1,40,0.5,1,1.0,0.5669601347168693
40,S01,1,41,0.05,0,0.0,1.1404879779875037
41,S01,1,42,-0.05,1,0.0,0.8901015939649167
42,S01,1,43,0.3,1,1.0,0.9115314409312567
43,S01,1,44,0.0,0,,0.821101143126542
44,S01,1,45,-0.3,0,1.0,0.9242794278478663
45,S01,1,46,-0.5,1,0.0,0.6943041108968414
46,S01,1,47,0.05,0,0.0,0.8288824270780946
47,S01,1,48,0.3,1,1.0,0.835293078114349
48,S01,1,49,-0.5,0,1.0,0.743604117966471
49,S01,1,50,0.0,0,,1.821266639606815
50,S01,1,51,0.0,1,,0.708738497170062
51,S01,1,52,-0.3,1,0.0,0.5277266039950473
52,S01,1,53,0.5,0,0.0,0.7919838940878362
53,S01,1,54,0.15,1,1.0,0.6910052107944861
54,S01,1,55,0.0,1,,0.4933179203151116
55,S01,1,56,-0.5,0,1.0,0.5384505264746486
56,S01,1,57,0.0,1,,1.671516391528059
57,S01,1,58,0.0,0,,0.7040671572556481
58,S01,1,59,0.3,1,1.0,0.48598519723599354
59,S01,1,60,-0.5,0,1.0,1.316011494438132
60,S01,1,61,0.5,1,1.0,0.5332933739384245
61,S01,1,62,0.05,0,0.0,1.9905725625207014
62,S01,1,63,-0.3,0,1.0,0.7171122667208182
63,S01,1,64,0.05,1,1.0,1.4319524322137156
64,S01,1,65,-0.05,0,1.0,0.823926224019097
65,S01,1,66,0.5,0,0.0,0.8188542898103564
66,S01,1,67,-0.05,0,1.0,0.8500442090194377
67,S01,1,68,-0.3,0,1.0,0.7437117049128551
68,S01,1,69,0.05,1,1.0,0.9417749673766003
69,S01,1,70,0.3,1,1.0,0.9072090430087583
70,S01,1,71,0.5,1,1.0,0.7572488010428583
71,S01,1,72,-0.5,0,1.0,0.73587123588247
72,S01,1,73,0.3,0,0.0,0.649566920881358
73,S01,1,74,0.0,0,,0.8758146797582286
74,S01,1,75,-0.5,0,1.0,1.1263200759066168
75,S01,1,76,0.05,1,1.0,0.7127300734279736
76,S01,1,77,-0.15,0,1.0,0.9117948321233115
77,S01,1,78,0.3,1,1.0,1.1097190359711602
78,S01,1,79,0.5,1,1.0,0.8293247436518346
79,S01,1,80,0.15,1,1.0,1.0987996262649748
80,S01,1,81,0.15,0,0.0,0.6210243223667281
81,S01,1,82,0.15,0,0.0,0.9124485100065058
82,S01,1,83,0.05,0,0.0,0.8131786741326215
83,S01,1,84,0.05,1,1.0,0.8223820950736836
84,S01,1,85,0.3,1,1.0,1.2003396856481596
85,S01,1,86,0.15,1,1.0,0.7931185969082181
86,S01,1,87,0.0,1,,0.9777686427424794
87,S01,1,88,-0.15,0,1.0,0.5182246005912049
88,S01,1,89,0.05,1,1.0,1.4314122864301517
89,S01,1,90,-0.5,0,1.0,0.9233824450560679
90,S01,1,91,0.15,1,1.0,0.8330719578608105
91,S01,1,92,-0.05,1,0.0,0.803607576060719
92,S01,1,93,0.5,0,0.0,0.8534740372464361
93,S01,1,94,-0.05,0,1.0,1.2271308947649768
94,S01,1,95,0.5,1,1.0,1.1814211086268642
95,S01,1,96,0.0,1,,1.1348224123996598
96,S01,1,97,-0.05,0,1.0,0.8990976212158871
97,S01,1,98,0.05,1,1.0,1.164261536181406
98,S01,1,99,-0.3,0,1.0,0.9896983606906145
99,S01,1,100,0.05,0,0.0,0.9000678008385211
100,S01,1,101,0.0,1,,1.1105804440183225
101,S01,1,102,0.15,0,0.0,1.0399290334849103
102,S01,1,103,0.0,1,,0.8832849673880735
103,S01,1,104,-0.15,1,0.0,0.7330196311063301
104,S01,1,105,-0.05,1,0.0,1.0549706819031928
105,S01,1,106,0.05,0,0.0,0.6644222899740414
106,S01,1,107,0.0,0,,0.6401854637593959
107,S01,1,108,-0.05,0,1.0,0.9630655141974676
108,S01,1,109,0.3,1,1.0,0.9427445233348253
109,S01,1,110,0.15,1,1.0,0.9228932048152629
110,S01,1,111,-0.3,1,0.0,0.892682874940768
111,S01,1,112,0.05,1,1.0,0.49524474330744334
112,S01,1,113,0.5,0,0.0,0.8554481000187086
113,S01,1,114,0.0,0,,1.3605720248118556
114,S01,1,115,0.5,1,1.0,0.9189347979169136
115,S01,1,116,-0.05,1,0.0,1.1083332863135629
116,S01,1,117,0.05,1,1.0,0.9419617177749678
117,S01,1,118,-0.5,0,1.0,0.7820101827293453
118,S01,1,119,0.15,1,1.0,0.8132046572366651
119,S01,1,120,0.15,1,1.0,0.9435422286697037
120,S01,1,121,-0.3,1,0.0,0.5910803780932761
121,S01,1,122,-0.05,0,1.0,1.336175011503937
122,S01,1,123,0.0,1,,0.7149157892485904
123,S01,1,124,-0.15,1,0.0,1.073541948123688
124,S01,1,125,0.05,1,1.0,1.2803231092108844
125,S01,1,126,-0.5,0,1.0,0.9177098504234312
126,S01,1,127,-0.15,0,1.0,1.6262527280769847
127,S01,1,128,0.15,0,0.0,0.4836224776387743
128,S01,1,129,-0.5,0,1.0,0.6377942978452621
129,S01,1,130,0.5,1,1.0,1.046122600466698
130,S01,1,131,-0.15,1,0.0,0.5969477683146488
131,S01,1,132,-0.05,0,1.0,0.7065547032163021
132,S01,1,133,0.3,1,1.0,0.9206820100182623
133,S01,1,134,-0.15,1,0.0,0.5706159501963635
134,S01,1,135,-0.05,1,0.0,0.896033492874652
135,S01,1,136,0.3,1,1.0,0.9041272653472804
136,S01,1,137,0.15,1,1.0,0.8809478589367868
137,S01,1,138,0.5,1,1.0,0.7730554964501015
138,S01,1,139,0.05,1,1.0,0.7244771883486926
139,S01,1,140,0.3,1,1.0,0.8400315256915474
140,S01,1,141,-0.5,0,1.0,0.649319003417384
141,S01,1,142,-0.15,1,0.0,0.7867070773290811
142,S01,1,143,0.3,1,1.0,1.002856238738241
143,S01,1,144,-0.05,1,0.0,0.6138475067425927
144,S01,1,145,-0.15,0,1.0,0.44092655767642325
145,S01,1,146,0.3,1,1.0,0.9806186093767415
146,S01,1,147,-0.3,1,0.0,0.8402700578411294
147,S01,1,148,0.3,0,0.0,1.1529673837288574
148,S01,1,149,-0.5,0,1.0,0.584480961529837
149,S01,1,150,-0.05,0,1.0,0.8585931150630484
150,S01,1,151,0.05,0,0.0,0.9055606486591063
151,S01,1,152,0.15,0,0.0,0.7175615591218523
152,S01,1,153,-0.3,1,0.0,0.6199659986256262
153,S01,1,154,-0.5,0,1.0,0.9079374243212163
154,S01,1,155,-0.15,1,0.0,0.5755234732746707
155,S01,1,156,0.5,1,1.0,0.541757969999717
156,S01,1,157,-0.3,0,1.0,0.7663491325052054
157,S01,1,158,-0.3,1,0.0,1.0309801929033855
158,S01,1,159,-0.15,0,1.0,0.7298206160520773
159,S01,1,160,-0.3,1,0.0,0.6619187386919336
160,S01,1,161,-0.05,1,0.0,0.8369550566969647
161,S01,1,162,-0.15,0,1.0,0.9378865176341438
162,S01,1,163,-0.5,1,0.0,0.6586495039951183
163,S01,1,164,0.05,0,0.0,1.1898482600922102
164,S01,1,165,0.15,0,0.0,1.1579155450485294
165,S01,1,166,0.5,1,1.0,0.698861894155605
166,S01,1,167,-0.15,0,1.0,1.4634828039146026
167,S01,1,168,0.05,1,1.0,0.8998116886916739
168,S01,1,169,-0.3,0,1.0,1.0745845048635003
169,S01,1,170,-0.5,0,1.0,0.795866421190705
170,S01,1,171,0.5,1,1.0,0.7916077104862459
171,S01,1,172,-0.05,0,1.0,0.5654828063044423
172,S01,1,173,-0.15,0,1.0,0.6198163891318269
173,S01,1,174,0.05,1,1.0,0.8129463722221619
174,S01,1,175,0.3,1,1.0,1.0835741542999298
175,S01,1,176,-0.5,0,1.0,0.7991351029649573
176,S01,1,177,0.3,0,0.0,0.7341550455323396
177,S01,1,178,-0.3,0,1.0,0.9454963497236395
178,S01,1,179,0.0,1,,1.2122982200265489
179,S01,1,180,0.15,1,1.0,0.8490055952720221
180,S01,2,1,0.05,1,1.0,0.6806177547215632
181,S01,2,2,0.15,1,1.0,0.6417866376622163
182,S01,2,3,-0.05,1,0.0,0.9309714287942968
183,S01,2,4,0.3,0,0.0,0.8078367730767426
184,S01,2,5,0.15,1,1.0,0.8894738087370933
185,S01,2,6,0.5,1,1.0,0.6863369252218213
186,S01,2,7,-0.05,1,0.0,0.9065824120021113
187,S01,2,8,0.05,0,0.0,0.5586784225929586
188,S01,2,9,0.5,1,1.0,0.6875618620228648
189,S01,2,10,0.0,0,,1.2274312489688228
190,S01,2,11,0.5,1,1.0,0.6483829469137132
191,S01,2,12,0.0,0,,0.6873490967636313
192,S01,2,13,0.5,1,1.0,0.5534241376143675
193,S01,2,14,0.3,0,0.0,1.0436006142370071
194,S01,2,15,-0.3,0,1.0,0.3626048631192331
195,S01,2,16,0.05,1,1.0,1.6335707855673778
196,S01,2,17,-0.05,0,1.0,0.46516728132483487
197,S01,2,18,-0.05,0,1.0,0.7384617534300726
198,S01,2,19,0.5,1,1.0,0.4704749370308352
199,S01,2,20,-0.3,0,1.0,0.8253060339340106
200,S01,2,21,-0.5,0,1.0,0.7815400728778091
201,S01,2,22,-0.3,1,0.0,0.7477293610874267
202,S01,2,23,-0.3,0,1.0,0.6848030664255054
203,S01,2,24,-0.15,0,1.0,0.4712517107635284
204,S01,2,25,0.5,1,1.0,0.5760309746578832
205,S01,2,26,0.0,0,,0.778664603702728
206,S01,2,27,-0.15,0,1.0,0.561680410294545
207,S01,2,28,0.05,1,1.0,0.8749299367924863
208,S01,2,29,0.15,1,1.0,0.8040418585231077
209,S01,2,30,-0.15,0,1.0,0.6987679699118154
210,S01,2,31,-0.5,1,0.0,0.6394278225028721
211,S01,2,32,0.5,1,1.0,0.5838451991378026
212,S01,2,33,-0.15,1,0.0,0.47456462182459647
213,S01,2,34,-0.05,0,1.0,0.9157015117179425
214,S01,2,35,0.3,1,1.0,0.3474996948874856
215,S01,2,36,-0.3,0,1.0,0.7690498056392208
216,S01,2,37,-0.15,0,1.0,0.5291478907747582
217,S01,2,38,-0.15,0,1.0,0.8437013598011821
218,S01,2,39,-0.15,1,0.0,0.8521898170639318
219,S01,2,40,0.05,0,0.0,0.8918238331499283
220,S01,2,41,0.0,1,,1.0276665381936398
221,S01,2,42,-0.5,0,1.0,0.9123049808013582
222,S01,2,43,0.0,1,,0.7237417855391212
223,S01,2,44,0.15,1,1.0,0.9547073946491016
224,S01,2,45,0.3,1,1.0,0.6266679810731199
225,S01,2,46,-0.3,1,0.0,0.7780834848107782
226,S01,2,47,-0.5,0,1.0,0.8388789049286847
227,S01,2,48,0.5,0,0.0,0.5097976730072025
228,S01,2,49,-0.05,0,1.0,0.417803845642078
229,S01,2,50,-0.15,0,1.0,0.592136217845883
230,S01,2,51,-0.5,0,1.0,0.8775393434823267
231,S01,2,52,0.15,1,1.0,0.5732675733347519
232,S01,2,53,0.5,1,1.0,0.8620040375202472
233,S01,2,54,0.05,0,0.0,0.6200194010433486
234,S01,2,55,-0.15,0,1.0,0.7190639567723254
235,S01,2,56,0.05,1,1.0,0.7970286578935852
236,S01,2,57,-0.3,0,1.0,0.533292647526064
237,S01,2,58,-0.05,0,1.0,0.7542459685385692
238,S01,2,59,-0.15,0,1.0,0.49383753825137305
239,S01,2,60,0.15,1,1.0,0.6934740024130915
240,S01,2,61,0.15,0,0.0,0.744751284421655
241,S01,2,62,0.3,1,1.0,0.3762619611495423
242,S01,2,63,-0.15,0,1.0,0.5908559302431354
243,S01,2,64,-0.05,0,1.0,0.8659577261229002
244,S01,2,65,0.5,0,0.0,0.4669612525268368
245,S01,2,66,-0.15,0,1.0,0.8672855349070449
246,S01,2,67,-0.05,0,1.0,0.9329565283326821
247,S01,2,68,-0.3,0,1.0,0.7702941432318356
248,S01,2,69,0.0,0,,1.0165030568873255
249,S01,2,70,0.15,1,1.0,0.48610092168729707
250,S01,2,71,0.05,0,0.0,1.0591271964969937
251,S01,2,72,-0.05,0,1.0,0.6012057918145939
252,S01,2,73,0.3,0,0.0,0.7326161922725655
253,S01,2,74,-0.3,1,0.0,1.1787604143335357
254,S01,2,75,0.0,0,,0.736764348143883
255,S01,2,76,0.3,0,0.0,0.7148684675913834
256,S01,2,77,-0.5,1,0.0,0.483606871135609
257,S01,2,78,0.15,1,1.0,1.2612109011969972
258,S01,2,79,0.0,0,,0.6317606853409685
259,S01,2,80,0.3,1,1.0,0.8523417806198188
260,S01,2,81,-0.5,0,1.0,0.9117789810094806
261,S01,2,82,-0.05,0,1.0,0.9842852302788675
262,S01,2,83,-0.5,0,1.0,0.7069167690057272
263,S01,2,84,0.05,1,1.0,0.8190340341496363
264,S01,2,85,0.3,1,1.0,0.49796845644834503
265,S01,2,86,0.5,1,1.0,1.0427430166414278
266,S01,2,87,0.3,1,1.0,0.7653643227978847
267,S01,2,88,-0.3,0,1.0,0.7149889537408056
268,S01,2,89,0.0,0,,0.6019514460524509
269,S01,2,90,0.15,1,1.0,0.7781260106845372
270,S01,2,91,0.05,0,0.0,0.7886925273713477
271,S01,2,92,0.15,1,1.0,1.2655948720677446
272,S01,2,93,-0.05,0,1.0,0.8026481591830468
273,S01,2,94,-0.5,1,0.0,0.6505842507112782
274,S01,2,95,-0.3,0,1.0,0.5262690518722184
275,S01,2,96,0.5,1,1.0,0.5214345841413055
276,S01,2,97,0.3,1,1.0,0.822241634221702
277,S01,2,98,0.0,1,,0.49574945507415324
278,S01,2,99,0.5,1,1.0,0.8491940545764852
279,S01,2,100,0.05,1,1.0,1.0662958009579928
280,S01,2,101,0.15,1,1.0,0.603875304268023
281,S01,2,102,-0.15,0,1.0,0.8425809931387138
282,S01,2,103,-0.3,0,1.0,1.0218243774196902
283,S01,2,104,0.3,1,1.0,0.6866798547405105
284,S01,2,105,0.05,0,0.0,0.7316936313108606
285,S01,2,106,0.0,0,,0.7726031000222302
286,S01,2,107,0.05,0,0.0,0.8587857605612811
287,S01,2,108,0.3,1,1.0,0.5976669740541642
288,S01,2,109,0.05,0,0.0,0.7149079653486325
289,S01,2,110,0.5,1,1.0,0.6936645365724977
290,S01,2,111,-0.5,1,0.0,0.5615741519178225
291,S01,2,112,0.3,1,1.0,0.5146617759208488
292,S01,2,113,0.0,0,,0.48542855943996455
293,S01,2,114,-0.05,1,0.0,0.8070362404658705
294,S01,2,115,0.05,1,1.0,1.1240403059006712
295,S01,2,116,-0.5,0,1.0,0.7179161829445913
296,S01,2,117,0.3,1,1.0,0.5196282169824114
297,S01,2,118,0.0,1,,0.6621810676086692
298,S01,2,119,-0.05,1,0.0,0.7302291402529519
299,S01,2,120,0.0,0,,1.3676059938741696
300,S01,2,121,0.15,1,1.0,1.3042680465112306
301,S01,2,122,0.05,1,1.0,1.3073339954208063
302,S01,2,123,0.15,0,0.0,0.7936770257027577
303,S01,2,124,0.05,1,1.0,1.9484525399836155
304,S01,2,125,-0.3,0,1.0,0.5845592440610725
305,S01,2,126,0.0,1,,0.7388062153132506
306,S01,2,127,-0.15,0,1.0,0.9867224550528916
307,S01,2,128,0.3,1,1.0,0.7703873642123626
308,S01,2,129,-0.5,0,1.0,0.706084286254442
309,S01,2,130,0.0,1,,0.47532464333257995
310,S01,2,131,0.0,1,,0.6210324492786238
311,S01,2,132,0.3,1,1.0,0.7010204466298658
312,S01,2,133,0.15,0,0.0,0.6300496920121956
313,S01,2,134,-0.05,0,1.0,0.5494417102775132
314,S01,2,135,-0.5,0,1.0,0.5455129707766255
315,S01,2,136,0.3,1,1.0,0.770449570602109
316,S01,2,137,0.5,1,1.0,0.7870489858349861
317,S01,2,138,-0.3,0,1.0,0.4195351244678237
318,S01,2,139,-0.5,0,1.0,0.6403673131561093
319,S01,2,140,-0.15,0,1.0,0.7432428090062931
320,S01,2,141,0.3,0,0.0,0.7590358107378761
321,S01,2,142,-0.05,1,0.0,0.5861656124762407
322,S01,2,143,0.15,0,0.0,0.563321063564244
323,S01,2,144,0.15,1,1.0,1.0841653254097219
324,S01,2,145,0.0,1,,0.4058050269318345
325,S01,2,146,-0.3,1,0.0,0.5643315426188595
326,S01,2,147,0.5,1,1.0,0.5731471699957564
327,S01,2,148,0.15,1,1.0,0.7011286865994721
328,S01,2,149,-0.05,1,0.0,0.6621068127337736
329,S01,2,150,-0.3,0,1.0,0.814828248893279
330,S01,2,151,0.5,1,1.0,0.7166624996801791
331,S01,2,152,0.05,0,0.0,0.7677221162524198
332,S01,2,153,0.5,1,1.0,0.5398402464409139
333,S01,2,154,-0.15,0,1.0,0.7182801060235385
334,S01,2,155,-0.05,0,1.0,0.8158978960387357
335,S01,2,156,-0.15,1,0.0,0.6198569844429194
336,S01,2,157,-0.3,0,1.0,0.8325182866128148
337,S01,2,158,-0.5,0,1.0,0.8472237108107183
338,S01,2,159,0.5,1,1.0,0.9606938966628641
339,S01,2,160,-0.3,0,1.0,1.043830336261693
340,S01,2,161,0.05,1,1.0,0.7319395315938941
341,S01,2,162,-0.05,1,0.0,0.8272400990075249
342,S01,2,163,-0.05,1,0.0,0.7637095458611344
343,S01,2,164,-0.5,0,1.0,0.6127578280179049
344,S01,2,165,-0.3,0,1.0,0.6677118981527653
345,S01,2,166,-0.5,0,1.0,0.6436634594825754
346,S01,2,167,0.0,1,,1.1330120328782043
347,S01,2,168,-0.15,1,0.0,0.8343675740213192
348,S01,2,169,-0.3,0,1.0,0.5162804575036093
349,S01,2,170,0.5,1,1.0,0.836120206740033
350,S01,2,171,-0.15,0,1.0,0.8117814419306946
351,S01,2,172,0.0,0,,0.9380126639292725
352,S01,2,173,0.3,1,1.0,0.7727169159025589
353,S01,2,174,0.15,1,1.0,0.840515984493259
354,S01,2,175,-0.15,1,0.0,0.851660884536658
355,S01,2,176,0.05,0,0.0,0.493805632348679
356,S01,2,177,0.15,1,1.0,0.8745317786316115
357,S01,2,178,-0.5,0,1.0,0.5264217875205313
358,S01,2,179,-0.5,0,1.0,0.5611357774096724
359,S01,2,180,-0.5,0,1.0,0.6422346797379848
360,S01,3,1,-0.5,0,1.0,0.39707292472982236
361,S01,3,2,0.3,1,1.0,0.7892618582969443
362,S01,3,3,-0.15,0,1.0,0.6007168967972359
363,S01,3,4,0.3,1,1.0,0.821203227687419
364,S01,3,5,0.3,1,1.0,0.5470248344137966
365,S01,3,6,-0.3,1,0.0,0.6451014714492407
366,S01,3,7,0.15,1,1.0,0.8152579166844469
367,S01,3,8,0.3,0,0.0,0.9307012961767123
368,S01,3,9,0.0,0,,0.9053578157713248
369,S01,3,10,0.5,1,1.0,0.6793222558612366
370,S01,3,11,-0.15,0,1.0,0.8637048881333245
371,S01,3,12,-0.05,1,0.0,0.596256632458807
372,S01,3,13,0.3,1,1.0,0.8316828933151412
373,S01,3,14,-0.3,0,1.0,0.6091842440496048
374,S01,3,15,0.0,0,,0.7126996314080912
375,S01,3,16,-0.3,0,1.0,0.6720323137793084
376,S01,3,17,0.05,1,1.0,0.6731736325371426
377,S01,3,18,0.15,1,1.0,0.5381907547408873
378,S01,3,19,0.0,0,,0.7629960593273695
379,S01,3,20,0.0,0,,0.7136197454680198
380,S01,3,21,0.05,1,1.0,0.6905687800788978
381,S01,3,22,0.05,0,0.0,0.7245814172112903
382,S01,3,23,0.5,1,1.0,0.32645900762874774
383,S01,3,24,0.0,1,,0.708196723863755
384,S01,3,25,0.5,1,1.0,0.8647745042372305
385,S01,3,26,-0.3,0,1.0,0.942894099454402
386,S01,3,27,-0.05,0,1.0,0.7526368250431978
387,S01,3,28,0.15,1,1.0,0.7105871586811283
388,S01,3,29,0.0,0,,0.398174945005027
389,S01,3,30,0.0,0,,0.6547769477251428
390,S01,3,31,0.15,0,0.0,0.8611406957796662
391,S01,3,32,0.15,1,1.0,0.637427029065334
392,S01,3,33,0.5,1,1.0,0.7837149506948247
393,S01,3,34,0.15,1,1.0,0.9294311963195276
394,S01,3,35,0.5,1,1.0,0.5018872086882555
395,S01,3,36,-0.15,0,1.0,0.7321609275646309
396,S01,3,37,-0.05,1,0.0,1.125053662397068
397,S01,3,38,-0.3,0,1.0,0.4419682368337032
398,S01,3,39,0.0,0,,0.6886061563090744
399,S01,3,40,-0.05,0,1.0,0.48838685712934266
400,S01,3,41,-0.15,0,1.0,0.5577958258288614
401,S01,3,42,-0.05,1,0.0,1.233544187963785
402,S01,3,43,-0.3,0,1.0,0.593707196999956
403,S01,3,44,0.05,0,0.0,0.4365410862797755
404,S01,3,45,0.05,1,1.0,0.5632707722407628
405,S01,3,46,-0.3,0,1.0,0.41994844218541183
406,S01,3,47,-0.15,0,1.0,0.7399956061616272
407,S01,3,48,-0.05,0,1.0,0.8371900968802674
408,S01,3,49,0.3,1,1.0,0.8350583387785343
409,S01,3,50,-0.5,0,1.0,0.7011984020376734
410,S01,3,51,0.0,0,,0.5185279712883725
411,S01,3,52,0.15,0,0.0,0.7862937966338783
412,S01,3,53,0.3,1,1.0,0.6318885119786211
413,S01,3,54,-0.5,0,1.0,0.7787528064895127
414,S01,3,55,-0.3,1,0.0,0.8109640232613385
415,S01,3,56,-0.3,0,1.0,1.1381111405789697
416,S01,3,57,-0.5,0,1.0,0.4531219918603085
417,S01,3,58,-0.5,0,1.0,0.43671113744699097
418,S01,3,59,-0.15,0,1.0,0.6194886039138087
419,S01,3,60,0.05,1,1.0,0.7237803304345138
420,S01,3,61,0.05,0,0.0,0.6166980524126913
421,S01,3,62,0.3,1,1.0,0.5138476849451871
422,S01,3,63,0.3,1,1.0,0.7144354745146356
423,S01,3,64,0.0,1,,0.6647697774802859
424,S01,3,65,0.3,0,0.0,0.5382883967576119
425,S01,3,66,-0.15,0,1.0,0.4825989919307482
426,S01,3,67,-0.3,0,1.0,0.3501109579464478
427,S01,3,68,-0.3,0,1.0,0.9525829358794946
428,S01,3,69,0.3,1,1.0,0.943453838895645
429,S01,3,70,0.3,1,1.0,0.8183630429836853
430,S01,3,71,-0.3,0,1.0,0.7611997842187997
431,S01,3,72,0.05,1,1.0,0.6337773890268431
432,S01,3,73,0.3,1,1.0,0.7702554069407017
433,S01,3,74,0.05,1,1.0,0.5439100327259182
434,S01,3,75,0.15,1,1.0,0.727235394231534
435,S01,3,76,0.5,1,1.0,0.47044705596924347
436,S01,3,77,0.0,0,,0.8943818798439473
437,S01,3,78,0.3,1,1.0,1.0150732114755743
438,S01,3,79,-0.05,1,0.0,0.5627285777744973
439,S01,3,80,-0.15,0,1.0,0.6117692938458068
440,S01,3,81,0.5,1,1.0,0.5986199444472448
441,S01,3,82,0.15,0,0.0,0.4278931612355914
442,S01,3,83,0.5,1,1.0,0.37954127489460804
443,S01,3,84,0.0,0,,1.1657085942525993
444,S01,3,85,0.0,0,,0.8295922212926168
445,S01,3,86,0.5,1,1.0,0.49255933653027245
446,S01,3,87,-0.3,0,1.0,0.6502772896976459
447,S01,3,88,0.15,1,1.0,0.6201761606978027
448,S01,3,89,-0.5,0,1.0,0.6035726495674918
449,S01,3,90,-0.5,0,1.0,0.5182130825788077
450,S01,3,91,-0.5,0,1.0,0.5686419486688203
451,S01,3,92,-0.15,1,0.0,0.8544102728148442
452,S01,3,93,0.05,0,0.0,0.8795006715796718
453,S01,3,94,-0.5,0,1.0,0.8813080307051191
454,S01,3,95,-0.15,0,1.0,0.7879883543759443
455,S01,3,96,-0.05,0,1.0,0.7497190240283578
456,S01,3,97,-0.05,0,1.0,1.1723654040623577
457,S01,3,98,0.05,1,1.0,0.7007217374179617
458,S01,3,99,0.5,1,1.0,0.3198391916255676
459,S01,3,100,0.05,1,1.0,0.9307529075791672
460,S01,3,101,0.0,0,,0.8177097432934359
461,S01,3,102,0.15,1,1.0,0.7052294584514935
462,S01,3,103,-0.3,0,1.0,0.8279605251555046
463,S01,3,104,0.5,1,1.0,0.5193902686126406
464,S01,3,105,0.5,1,1.0,0.3235699272746579
465,S01,3,106,-0.15,0,1.0,0.8994324310731622
466,S01,3,107,0.15,0,0.0,0.5898285680378001
467,S01,3,108,0.3,1,1.0,0.5016442736251399
468,S01,3,109,0.05,0,0.0,0.4155181974304186
469,S01,3,110,0.05,0,0.0,0.9198755901285253
470,S01,3,111,-0.05,0,1.0,0.37187606137023993
471,S01,3,112,0.3,1,1.0,0.9283437888656201
472,S01,3,113,0.0,0,,0.6916471433361743
473,S01,3,114,0.05,1,1.0,0.9330312530310714
474,S01,3,115,-0.15,1,0.0,0.7948359869780063
475,S01,3,116,-0.5,0,1.0,0.9821400282835508
476,S01,3,117,0.5,1,1.0,0.6525469440754309
477,S01,3,118,-0.15,0,1.0,0.9906333237941991
478,S01,3,119,0.15,1,1.0,0.6066897231857604
479,S01,3,120,0.5,1,1.0,0.37916938879190965
480,S01,3,121,-0.5,0,1.0,0.7700698418816498
481,S01,3,122,-0.15,0,1.0,0.45492717168385094
482,S01,3,123,0.0,0,,0.9383758534071022
483,S01,3,124,-0.3,0,1.0,0.4865088540292895
484,S01,3,125,-0.5,1,0.0,0.6334730007241708
485,S01,3,126,0.3,1,1.0,1.1063793664486075
486,S01,3,127,0.5,1,1.0,0.7061299607811542
487,S01,3,128,0.15,0,0.0,0.6685848975830697
488,S01,3,129,-0.05,0,1.0,0.839613783624047
489,S01,3,130,-0.05,0,1.0,0.6427004184454996
490,S01,3,131,-0.5,1,0.0,1.12141560164596
491,S01,3,132,0.5,1,1.0,0.47844954022888025
492,S01,3,133,-0.5,0,1.0,0.5696544879918144
493,S01,3,134,-0.15,0,1.0,0.8308631216056716
494,S01,3,135,-0.3,0,1.0,0.7255465274771609
495,S01,3,136,-0.05,1,0.0,0.8486855651241929
496,S01,3,137,0.3,1,1.0,0.5703214254845045
497,S01,3,138,0.05,0,0.0,0.6937068489004076
498,S01,3,139,0.05,1,1.0,0.9626849626599744
499,S01,3,140,0.5,0,0.0,0.7476617517622244
500,S01,3,141,-0.05,0,1.0,0.8277443851951866
501,S01,3,142,-0.05,1,0.0,1.0804962571190873
502,S01,3,143,0.5,1,1.0,0.7683735478038493
503,S01,3,144,-0.5,0,1.0,0.7408102783929993
504,S01,3,145,0.15,0,0.0,0.45284627208997363
505,S01,3,146,-0.5,0,1.0,0.6504473227139829
506,S01,3,147,0.3,1,1.0,0.6907809488595262
507,S01,3,148,-0.05,1,0.0,1.1252609046864865
508,S01,3,149,-0.5,0,1.0,0.26317396331919773
509,S01,3,150,-0.15,0,1.0,0.6778502370026123
510,S01,3,151,-0.3,0,1.0,0.6748975091705046
511,S01,3,152,-0.5,0,1.0,0.433265913034742
512,S01,3,153,0.15,0,0.0,0.5492743745908624
513,S01,3,154,0.15,0,0.0,1.073520678090496
514,S01,3,155,0.05,1,1.0,0.8477438361284347
515,S01,3,156,0.15,1,1.0,1.1956886554212953
516,S01,3,157,0.0,0,,0.7243556612381106
517,S01,3,158,0.5,0,0.0,0.39577315964758625
518,S01,3,159,0.3,1,1.0,0.6003266043104265
519,S01,3,160,0.15,1,1.0,0.6185419962480976
520,S01,3,161,0.0,0,,0.9260148245641149
521,S01,3,162,-0.3,1,0.0,0.7889311576407503
522,S01,3,163,0.0,1,,0.8801377414619724
523,S01,3,164,-0.3,0,1.0,1.2272295387583987
524,S01,3,165,-0.05,1,0.0,1.0602091339170796
525,S01,3,166,-0.05,0,1.0,0.5867240150577774
526,S01,3,167,0.05,1,1.0,0.9842661050180361
527,S01,3,168,-0.3,1,0.0,0.6625100960998191
528,S01,3,169,0.15,0,0.0,0.6694083016343569
529,S01,3,170,0.0,0,,1.12857903530423
530,S01,3,171,-0.15,0,1.0,0.5499483954653639
531,S01,3,172,0.05,1,1.0,0.9639902902324886
532,S01,3,173,-0.5,0,1.0,0.7236662836116247
533,S01,3,174,-0.15,1,0.0,0.5472532608956148
534,S01,3,175,-0.15,0,1.0,0.4490341542890462
535,S01,3,176,-0.15,0,1.0,0.6934388102139575
536,S01,3,177,-0.5,0,1.0,0.256728058680129
537,S01,3,178,0.5,1,1.0,0.8038607361650544
538,S01,3,179,-0.05,0,1.0,0.8239622229633539
539,S01,3,180,-0.05,0,1.0,1.114316563305524
540,S01,4,1,-0.3,0,1.0,0.8273762561948185
541,S01,4,2,0.0,1,,0.7990206655063611
542,S01,4,3,0.05,1,1.0,0.6781118726095885
543,S01,4,4,-0.5,0,1.0,0.45196358475986276
544,S01,4,5,0.5,1,1.0,0.34953551371191643
545,S01,4,6,0.5,1,1.0,0.7165409359767995
546,S01,4,7,0.05,1,1.0,0.6230406259877003
547,S01,4,8,0.3,1,1.0,0.41796988410573105
548,S01,4,9,0.3,1,1.0,0.5056876998845052
549,S01,4,10,-0.05,1,0.0,0.8034141069477679
550,S01,4,11,-0.5,0,1.0,0.5883189165829725
551,S01,4,12,0.05,1,1.0,0.5249133850810946
552,S01,4,13,0.0,1,,0.9959893024810667
553,S01,4,14,-0.05,0,1.0,0.4753568103378141
554,S01,4,15,-0.15,0,1.0,0.9840924685621905
555,S01,4,16,0.0,0,,0.7660573344683427
556,S01,4,17,0.05,0,0.0,0.6356799823605098
557,S01,4,18,-0.3,0,1.0,0.5779781956680321
558,S01,4,19,0.3,1,1.0,0.6341011833616748
559,S01,4,20,0.5,1,1.0,0.6387142550915599
560,S01,4,21,-0.5,0,1.0,0.3345895964384233
561,S01,4,22,0.5,1,1.0,0.4447924325920663
562,S01,4,23,-0.3,0,1.0,0.6284377587677242
563,S01,4,24,0.15,0,0.0,0.9350385882875321
564,S01,4,25,-0.15,1,0.0,0.9237307182168649
565,S01,4,26,0.0,1,,1.1321910433308693
566,S01,4,27,0.3,1,1.0,0.8388207519838524
567,S01,4,28,0.05,1,1.0,0.5609007404735564
568,S01,4,29,0.0,1,,0.7218466774838754
569,S01,4,30,-0.5,0,1.0,0.7455522355879696
570,S01,4,31,-0.3,0,1.0,0.8147409738925718
571,S01,4,32,0.3,1,1.0,0.5858958117282295
572,S01,4,33,0.15,1,1.0,0.774563453665789
573,S01,4,34,-0.15,0,1.0,0.5913480664300316
574,S01,4,35,-0.3,0,1.0,0.4084670561981733
575,S01,4,36,0.3,1,1.0,0.5999423844849348
576,S01,4,37,0.0,1,,0.6899091484276046
577,S01,4,38,-0.5,0,1.0,0.477522939533925
578,S01,4,39,0.0,0,,0.8428141901249353
579,S01,4,40,-0.15,0,1.0,0.6296983910087386
580,S01,4,41,0.3,1,1.0,0.6915764317995378
581,S01,4,42,-0.3,1,0.0,0.7656337403480052
582,S01,4,43,0.0,1,,1.4150637628986742
583,S01,4,44,-0.3,0,1.0,0.6027216693942505
584,S01,4,45,-0.5,0,1.0,0.7681999523080939
585,S01,4,46,0.0,0,,0.7722391232801192
586,S01,4,47,-0.05,1,0.0,0.7659425495847529
587,S01,4,48,0.0,1,,0.707383997217624
588,S01,4,49,0.5,0,0.0,0.571517738398402
589,S01,4,50,0.05,1,1.0,0.6641327724358729
590,S01,4,51,0.3,1,1.0,0.818104288718465
591,S01,4,52,-0.05,1,0.0,0.5775963660875616
592,S01,4,53,-0.05,0,1.0,0.46496962958619753
593,S01,4,54,0.0,1,,0.6239038003136484
594,S01,4,55,0.15,1,1.0,0.5624965543511576
595,S01,4,56,0.15,1,1.0,0.5786613513813591
596,S01,4,57,-0.5,0,1.0,0.5289374664214345
597,S01,4,58,0.3,0,0.0,0.5340309117716101
598,S01,4,59,-0.05,1,0.0,0.677689713993571
599,S01,4,60,-0.5,0,1.0,0.47415546646600326
600,S01,4,61,0.15,1,1.0,0.7546886818563778
601,S01,4,62,-0.5,0,1.0,1.0699324435086595
602,S01,4,63,-0.15,0,1.0,0.7122744124816213
603,S01,4,64,-0.3,1,0.0,0.5402589295984057
604,S01,4,65,-0.15,0,1.0,0.35084410269866684
605,S01,4,66,-0.05,0,1.0,1.2058905431795546
606,S01,4,67,0.0,0,,0.7800278055631331
607,S01,4,68,0.05,1,1.0,0.6760402012016091
608,S01,4,69,-0.5,0,1.0,0.29098006553400046
609,S01,4,70,0.05,1,1.0,0.6857220486958423
610,S01,4,71,-0.15,1,0.0,0.6970750193781803
611,S01,4,72,0.0,1,,0.6255454884400858
612,S01,4,73,0.3,1,1.0,0.42643238681152357
613,S01,4,74,0.05,1,1.0,0.47857234842416424
614,S01,4,75,-0.5,0,1.0,0.9428299040389019
615,S01,4,76,0.15,1,1.0,0.6914390986149995
616,S01,4,77,-0.05,1,0.0,0.6103077130744733
617,S01,4,78,0.3,1,1.0,0.6268500794167583
618,S01,4,79,-0.3,0,1.0,0.6149665002933381
619,S01,4,80,-0.5,0,1.0,0.36749396934340706
620,S01,4,81,0.05,1,1.0,0.9143873321283741
621,S01,4,82,-0.05,0,1.0,0.6712112931232355
622,S01,4,83,0.3,1,1.0,0.6399429421125492
623,S01,4,84,0.05,1,1.0,1.070445022328753
624,S01,4,85,-0.5,0,1.0,0.38113592427440357
625,S01,4,86,-0.5,0,1.0,0.44299497851227776
626,S01,4,87,0.15,1,1.0,0.7345920297469484
627,S01,4,88,0.5,1,1.0,0.7065970663392075
628,S01,4,89,-0.15,0,1.0,0.5657435723647087
629,S01,4,90,-0.15,0,1.0,0.5742513017123783
630,S01,4,91,0.5,1,1.0,0.656238255102112
631,S01,4,92,0.5,1,1.0,1.0383636417765132
632,S01,4,93,-0.05,0,1.0,0.7218929644127471
633,S01,4,94,-0.05,1,0.0,0.5693127113521267
634,S01,4,95,0.0,1,,0.5394661300898846
635,S01,4,96,0.15,1,1.0,0.646159470659905
636,S01,4,97,-0.3,0,1.0,0.7852455314207917
637,S01,4,98,0.15,1,1.0,1.4775273639332602
638,S01,4,99,0.15,1,1.0,0.6166916030293391
639,S01,4,100,0.05,1,1.0,0.7222161445345325
640,S01,4,101,0.15,1,1.0,1.084800795158662
641,S01,4,102,0.0,1,,0.7881747357146566
642,S01,4,103,0.05,1,1.0,0.7508052139982482
643,S01,4,104,0.3,1,1.0,0.9341718108499492
644,S01,4,105,0.15,1,1.0,0.6910200841510802
645,S01,4,106,-0.3,0,1.0,0.47099356201932263
646,S01,4,107,-0.3,0,1.0,0.8711449081538577
647,S01,4,108,0.5,0,0.0,0.3523754808109602
648,S01,4,109,0.3,1,1.0,0.8243087528717203
649,S01,4,110,0.5,1,1.0,0.5490819436695343
650,S01,4,111,0.05,1,1.0,0.6506328078000252
651,S01,4,112,-0.15,0,1.0,0.6141569332427358
652,S01,4,113,0.05,1,1.0,0.6790530473740901
653,S01,4,114,-0.05,1,0.0,0.6252278358118836
654,S01,4,115,0.05,0,0.0,0.8011488923732991
655,S01,4,116,0.05,0,0.0,0.6310958946966275
656,S01,4,117,0.15,1,1.0,0.3929135050283401
657,S01,4,118,0.5,1,1.0,0.5502117957886655
658,S01,4,119,0.15,1,1.0,0.8804662212344846
659,S01,4,120,-0.15,1,0.0,0.387134614777764
660,S01,4,121,0.0,0,,0.7238546755537377
661,S01,4,122,0.5,1,1.0,0.4835067973837353
662,S01,4,123,0.5,0,0.0,0.7145120274334397
663,S01,4,124,0.3,1,1.0,0.5766116160936987
664,S01,4,125,-0.3,0,1.0,0.7693815708832652
665,S01,4,126,-0.15,0,1.0,0.8058698985333294
666,S01,4,127,-0.5,0,1.0,0.6645588152525251
667,S01,4,128,-0.05,0,1.0,1.0951296892396458
668,S01,4,129,0.0,1,,0.6807370332481086
669,S01,4,130,0.5,1,1.0,0.5592159841946855
670,S01,4,131,0.5,1,1.0,0.618040206470386
671,S01,4,132,-0.15,0,1.0,0.689575071088943
672,S01,4,133,-0.5,0,1.0,0.5118457458837659
673,S01,4,134,0.3,1,1.0,0.4820303542832933
674,S01,4,135,-0.15,0,1.0,0.6748712295916316
675,S01,4,136,0.5,1,1.0,0.3618379526251476
676,S01,4,137,-0.05,0,1.0,0.4000524011287461
677,S01,4,138,-0.5,0,1.0,0.4023552181663361
678,S01,4,139,-0.15,0,1.0,0.8096741243350074
679,S01,4,140,0.5,1,1.0,0.5871145355110494
680,S01,4,141,-0.15,0,1.0,0.8121117599826216
681,S01,4,142,0.05,1,1.0,0.5831346315463901
682,S01,4,143,0.15,1,1.0,0.9011701714171245
683,S01,4,144,0.3,1,1.0,0.41949496482254767
684,S01,4,145,0.15,1,1.0,0.49658515712301565
685,S01,4,146,-0.15,0,1.0,0.8962269139298361
686,S01,4,147,0.0,1,,0.7579432869095425
687,S01,4,148,-0.3,0,1.0,0.7500858042031634
688,S01,4,149,-0.15,0,1.0,0.7186723285812366
689,S01,4,150,-0.5,0,1.0,0.47019858293895583
690,S01,4,151,0.15,1,1.0,0.48155652759926637
691,S01,4,152,0.05,0,0.0,0.42420160949473756
692,S01,4,153,-0.3,0,1.0,1.0293645725355494
693,S01,4,154,0.0,0,,0.4600244823124063
694,S01,4,155,-0.05,0,1.0,1.054001657303247
695,S01,4,156,-0.3,0,1.0,0.6381709408223438
696,S01,4,157,0.5,1,1.0,0.5929719414357149
697,S01,4,158,-0.15,0,1.0,0.7114774781054904
698,S01,4,159,-0.3,0,1.0,0.7221271287922836
699,S01,4,160,-0.05,0,1.0,0.5684248771457487
700,S01,4,161,-0.05,0,1.0,0.38701872296012824
701,S01,4,162,0.3,1,1.0,0.5270811901073157
702,S01,4,163,-0.05,0,1.0,0.8035221689554201
703,S01,4,164,-0.05,0,1.0,0.5237180437707883
704,S01,4,165,0.15,0,0.0,0.9081515126297081
705,S01,4,166,0.5,1,1.0,0.5306239919526663
706,S01,4,167,-0.5,0,1.0,0.39758375120601863
707,S01,4,168,-0.05,0,1.0,0.7376059773939415
708,S01,4,169,-0.3,1,0.0,0.7007346139566775
709,S01,4,170,-0.15,1,0.0,0.776033551787176
710,S01,4,171,-0.5,0,1.0,0.24314456592631145
711,S01,4,172,0.15,1,1.0,0.28660611158590404
712,S01,4,173,-0.3,0,1.0,0.8265813576634239
713,S01,4,174,0.3,1,1.0,0.4114423133857569
714,S01,4,175,0.5,1,1.0,0.733622479737478
715,S01,4,176,0.15,0,0.0,0.9229392978339197
716,S01,4,177,0.0,0,,0.5194199326421166
717,S01,4,178,-0.3,1,0.0,0.4665560129399311
718,S01,4,179,0.3,1,1.0,0.7614927761384729
719,S01,4,180,0.05,1,1.0,0.6321670825497767
720,S01,5,1,0.05,0,0.0,0.4114128663178149
721,S01,5,2,0.0,1,,0.5158142737559155
722,S01,5,3,-0.15,1,0.0,1.0495445169981379
723,S01,5,4,0.5,1,1.0,0.5844162474464623
724,S01,5,5,-0.3,0,1.0,0.5673373165805308
725,S01,5,6,0.3,1,1.0,0.5901068081567504
726,S01,5,7,0.05,0,0.0,0.646501667647411
727,S01,5,8,0.3,1,1.0,0.4015861088072744
728,S01,5,9,0.0,0,,0.6510068089152361
729,S01,5,10,-0.05,0,1.0,0.5816309365129599
730,S01,5,11,0.5,1,1.0,0.5204261507558189
731,S01,5,12,-0.3,0,1.0,0.3256019759745445
732,S01,5,13,0.3,1,1.0,0.6674015139673448
733,S01,5,14,0.05,1,1.0,0.49444108554156974
734,S01,5,15,0.0,1,,0.9326513618807871
735,S01,5,16,0.5,1,1.0,0.5116398392174734
736,S01,5,17,0.5,1,1.0,0.44057667915860027
737,S01,5,18,-0.15,0,1.0,0.6843571184848085
738,S01,5,19,0.05,0,0.0,0.7086641002678279
739,S01,5,20,-0.3,0,1.0,0.6114565230550945
740,S01,5,21,-0.5,0,1.0,0.6705721710236431
741,S01,5,22,0.05,0,0.0,0.41165130667713346
742,S01,5,23,0.0,1,,0.7526662317561144
743,S01,5,24,-0.5,0,1.0,0.4302779949259778
744,S01,5,25,0.0,0,,0.647713145016777
745,S01,5,26,-0.05,1,0.0,1.0110087785241904
746,S01,5,27,-0.3,0,1.0,0.4762176532042387
747,S01,5,28,-0.15,0,1.0,0.7228329562384441
748,S01,5,29,0.5,1,1.0,0.6782036498336491
749,S01,5,30,-0.5,0,1.0,0.6026450972899057
750,S01,5,31,-0.5,0,1.0,0.5347805542362868
751,S01,5,32,-0.5,0,1.0,0.5580945747812844
752,S01,5,33,-0.5,0,1.0,0.613844568165698
753,S01,5,34,-0.05,0,1.0,0.544518384236466
754,S01,5,35,0.05,1,1.0,0.6776371727987495
755,S01,5,36,-0.05,0,1.0,1.2668440251572959
756,S01,5,37,-0.15,0,1.0,0.729304760380565
757,S01,5,38,-0.15,1,0.0,0.666001090475707
758,S01,5,39,-0.15,1,0.0,0.5828907466559174
759,S01,5,40,0.3,0,0.0,0.47613067123277464
760,S01,5,41,0.15,1,1.0,0.6947501377207119
761,S01,5,42,0.5,1,1.0,0.5745846962080703
762,S01,5,43,0.05,1,1.0,0.6650529716767939
763,S01,5,44,0.3,0,0.0,1.2696210823280523
764,S01,5,45,-0.3,0,1.0,0.4868242191639232
765,S01,5,46,-0.15,0,1.0,0.49765168065710447
766,S01,5,47,-0.05,1,0.0,0.6167300075627765
767,S01,5,48,-0.5,0,1.0,0.5162125142429721
768,S01,5,49,-0.3,0,1.0,0.4697823951819118
769,S01,5,50,-0.5,0,1.0,0.5595339498699934
770,S01,5,51,0.15,1,1.0,0.7112043635168197
771,S01,5,52,0.15,1,1.0,0.7833240973062587
772,S01,5,53,0.3,1,1.0,0.5145676965546712
773,S01,5,54,0.15,1,1.0,0.932785349528843
774,S01,5,55,-0.15,0,1.0,0.7675847655929603
775,S01,5,56,0.15,1,1.0,1.4242384965052106
776,S01,5,57,-0.15,1,0.0,0.5269498218469808
777,S01,5,58,0.05,1,1.0,0.5381985191696304
778,S01,5,59,-0.05,0,1.0,0.6280087648703412
779,S01,5,60,-0.15,0,1.0,0.711704384475078
780,S01,5,61,0.3,1,1.0,0.6813294551969609
781,S01,5,62,-0.5,0,1.0,0.6221261451007947
782,S01,5,63,-0.15,0,1.0,1.1735292315314516
783,S01,5,64,0.3,1,1.0,0.35349248058808064
784,S01,5,65,0.05,0,0.0,0.4195220739454941
785,S01,5,66,0.5,1,1.0,0.5078547574215626
786,S01,5,67,-0.5,0,1.0,0.9227517794399689
787,S01,5,68,0.15,1,1.0,0.7940594346329467
788,S01,5,69,0.3,1,1.0,0.4501574340173358
789,S01,5,70,0.5,1,1.0,0.5515557700886796
790,S01,5,71,-0.3,0,1.0,0.5661573132143157
791,S01,5,72,-0.15,0,1.0,0.6100915363661735
792,S01,5,73,-0.3,0,1.0,0.5119812962377338
793,S01,5,74,-0.5,0,1.0,0.5390050636849053
794,S01,5,75,-0.3,0,1.0,0.8059306381444096
795,S01,5,76,0.0,0,,0.6164848195519075
796,S01,5,77,0.3,1,1.0,0.70655038866674
797,S01,5,78,0.15,1,1.0,0.8084840456028602
798,S01,5,79,-0.05,1,0.0,0.9805652503811291
799,S01,5,80,-0.05,0,1.0,0.535853317523295
800,S01,5,81,-0.05,0,1.0,0.6851342032042236
801,S01,5,82,0.3,1,1.0,0.49649048891289016
802,S01,5,83,0.0,1,,0.718889513132767
803,S01,5,84,-0.15,0,1.0,0.6637655146707124
804,S01,5,85,0.0,1,,0.5148384163535977
805,S01,5,86,-0.05,0,1.0,0.7124537577349824
806,S01,5,87,-0.5,0,1.0,0.9690757802668051
807,S01,5,88,0.5,1,1.0,0.6019195831771694
808,S01,5,89,0.0,0,,0.48854097650382133
809,S01,5,90,-0.3,0,1.0,0.4597963187704499
810,S01,5,91,0.3,1,1.0,0.588990613141903
811,S01,5,92,-0.05,1,0.0,0.5304656253758203
812,S01,5,93,0.0,0,,0.9882963820138139
813,S01,5,94,0.5,1,1.0,0.35569465894450447
814,S01,5,95,0.15,1,1.0,0.7437417819239551
815,S01,5,96,0.05,1,1.0,0.4385396442873342
816,S01,5,97,0.05,1,1.0,0.6725925607369004
817,S01,5,98,0.5,1,1.0,0.39309763097206213
818,S01,5,99,0.5,1,1.0,0.6348199806216114
819,S01,5,100,0.5,1,1.0,0.7018790430754798
820,S01,5,101,0.15,1,1.0,0.7110974707786683
821,S01,5,102,0.15,1,1.0,0.8779019925015243
822,S01,5,103,-0.15,1,0.0,0.33302229319053145
823,S01,5,104,-0.5,0,1.0,0.5462072022543557
824,S01,5,105,-0.5,0,1.0,0.6006617494357083
825,S01,5,106,-0.05,0,1.0,0.8098292859006523
826,S01,5,107,0.05,0,0.0,0.4072725502646331
827,S01,5,108,0.3,1,1.0,0.6691050184124229
828,S01,5,109,0.15,1,1.0,0.7732540864909003
829,S01,5,110,0.3,1,1.0,0.6170072028888961
830,S01,5,111,0.3,0,0.0,0.41633623997785735
831,S01,5,112,-0.05,0,1.0,0.5860624764862483
832,S01,5,113,-0.3,0,1.0,0.8415346701948461
833,S01,5,114,-0.05,0,1.0,0.9306100306227795
834,S01,5,115,-0.5,0,1.0,0.5974660827874211
835,S01,5,116,0.15,1,1.0,0.7877237830470013
836,S01,5,117,0.05,1,1.0,0.896356985707585
837,S01,5,118,-0.5,0,1.0,0.5954790353916332
838,S01,5,119,-0.15,0,1.0,0.9074214426075142
839,S01,5,120,-0.15,0,1.0,0.8978789113314534
840,S01,5,121,-0.05,0,1.0,1.4035525868400611
841,S01,5,122,0.3,1,1.0,0.5166087318901206
842,S01,5,123,0.15,1,1.0,0.5648660198015131
843,S01,5,124,-0.15,1,0.0,0.29895756204383417
844,S01,5,125,0.05,1,1.0,0.7573891861884895
845,S01,5,126,0.3,1,1.0,1.023787921165369
846,S01,5,127,-0.15,0,1.0,0.9301435298337086
847,S01,5,128,-0.15,0,1.0,0.8166779398817655
848,S01,5,129,-0.5,0,1.0,0.7709015358760049
849,S01,5,130,-0.3,0,1.0,0.684214690099904
850,S01,5,131,0.5,1,1.0,0.484724665904862
851,S01,5,132,0.05,1,1.0,1.2767654034609242
852,S01,5,133,-0.05,0,1.0,0.7680901822857275
853,S01,5,134,0.3,1,1.0,0.8194462958313675
854,S01,5,135,0.3,1,1.0,0.30551812557307995
855,S01,5,136,0.3,1,1.0,0.3198669576855229
856,S01,5,137,-0.3,0,1.0,0.6244121383399186
857,S01,5,138,0.0,1,,0.5441180978467175
858,S01,5,139,0.0,0,,0.7535298716744525
859,S01,5,140,0.05,1,1.0,0.5951571865798133
860,S01,5,141,0.0,1,,1.5202643046840365
861,S01,5,142,-0.05,0,1.0,0.9162750483698912
862,S01,5,143,0.5,1,1.0,0.7951655715927344
863,S01,5,144,-0.05,1,0.0,0.3841848492267714
864,S01,5,145,-0.05,0,1.0,0.8572614774217814
865,S01,5,146,-0.5,1,0.0,0.5001552212319014
866,S01,5,147,0.05,1,1.0,1.040051147924049
867,S01,5,148,0.05,1,1.0,0.8196589629332752
868,S01,5,149,-0.3,0,1.0,0.5892957346420132
869,S01,5,150,0.15,0,0.0,0.46498218331099944
870,S01,5,151,-0.05,0,1.0,0.7122861292454209
871,S01,5,152,0.05,1,1.0,0.9581947642334795
872,S01,5,153,0.0,1,,1.087195810568136
873,S01,5,154,0.15,0,0.0,0.5871125635378478
874,S01,5,155,-0.3,0,1.0,1.2098978993067333
875,S01,5,156,-0.3,0,1.0,0.81467490971805
876,S01,5,157,-0.3,0,1.0,0.46501145877055194
877,S01,5,158,0.15,0,0.0,0.47611795014442404
878,S01,5,159,-0.5,0,1.0,0.5088550149893931
879,S01,5,160,0.5,1,1.0,0.4757943456968868
880,S01,5,161,0.0,1,,0.8067404029825387
881,S01,5,162,0.0,1,,0.708885572328511
882,S01,5,163,0.0,1,,0.6487972828218667
883,S01,5,164,0.0,1,,0.45602848181155614
884,S01,5,165,0.5,1,1.0,0.6364027225599944
885,S01,5,166,-0.3,1,0.0,0.37951421978727223
886,S01,5,167,0.15,1,1.0,0.8874190167606546
887,S01,5,168,0.15,1,1.0,0.37420882768070285
888,S01,5,169,-0.3,0,1.0,0.3741247648827552
889,S01,5,170,0.0,1,,0.5463542433372311
890,S01,5,171,-0.3,0,1.0,0.5261693608638023
891,S01,5,172,-0.5,0,1.0,0.4387468734599645
892,S01,5,173,0.05,1,1.0,0.602783175113524
893,S01,5,174,0.0,1,,0.757850335817174
894,S01,5,175,0.5,1,1.0,0.41233568679369775
895,S01,5,176,0.5,1,1.0,0.5700398374493633
896,S01,5,177,0.15,1,1.0,0.3334977184438159
897,S01,5,178,0.5,1,1.0,0.4083037695772497
898,S01,5,179,0.15,1,1.0,0.4022495875891808
899,S01,5,180,-0.15,0,1.0,0.8841637402493381
900,S01,6,1,-0.3,0,1.0,0.3675562580892035
901,S01,6,2,0.15,1,1.0,0.7533888451031536
902,S01,6,3,0.15,0,0.0,0.7076847319801617
903,S01,6,4,0.5,1,1.0,0.6343600140386507
904,S01,6,5,-0.3,0,1.0,0.5050329267611113
905,S01,6,6,0.5,1,1.0,0.895964325766997
906,S01,6,7,0.5,1,1.0,0.585263486869822
907,S01,6,8,0.3,1,1.0,0.5615552075837664
908,S01,6,9,0.3,1,1.0,0.3228563548942049
909,S01,6,10,-0.3,0,1.0,0.5204036540706783
910,S01,6,11,0.05,1,1.0,0.8429181358839087
911,S01,6,12,0.15,0,0.0,0.9582125032583589
912,S01,6,13,-0.3,0,1.0,0.5863469648138444
913,S01,6,14,0.3,0,0.0,0.9271198354865824
914,S01,6,15,0.0,1,,0.5253603496610616
915,S01,6,16,-0.5,0,1.0,0.5754693691212821
916,S01,6,17,0.05,1,1.0,0.7599189342307539
917,S01,6,18,0.5,1,1.0,0.6086866528510403
918,S01,6,19,-0.05,0,1.0,0.7013498966784577
919,S01,6,20,0.5,1,1.0,0.5661604229148912
920,S01,6,21,0.0,0,,0.5220993438404752
921,S01,6,22,0.05,1,1.0,0.9785252912034528
922,S01,6,23,0.05,1,1.0,0.8737815858807533
923,S01,6,24,-0.3,0,1.0,0.6366129305560793
924,S01,6,25,-0.05,1,0.0,0.880252597138491
925,S01,6,26,-0.15,1,0.0,0.9369970331447973
926,S01,6,27,0.15,1,1.0,0.7519022685775247
927,S01,6,28,0.0,1,,1.2515517483384475
928,S01,6,29,0.3,1,1.0,0.7067342454517185
929,S01,6,30,-0.3,0,1.0,0.4597389641733012
930,S01,6,31,0.3,1,1.0,0.6272498454209259
931,S01,6,32,-0.5,0,1.0,0.6805100983933419
932,S01,6,33,-0.05,0,1.0,0.9892623193963873
933,S01,6,34,-0.15,0,1.0,0.668577706114872
934,S01,6,35,-0.15,0,1.0,0.4910454675172215
935,S01,6,36,0.5,1,1.0,0.48159423519908373
936,S01,6,37,-0.5,0,1.0,0.350540360410011
937,S01,6,38,0.05,1,1.0,0.8391862203666525
938,S01,6,39,0.5,1,1.0,0.455911265745404
939,S01,6,40,-0.5,0,1.0,0.42073672152609237
940,S01,6,41,0.0,0,,0.8873333563321131
941,S01,6,42,0.3,1,1.0,0.9206507337925032
942,S01,6,43,0.3,1,1.0,0.4780664412396521
943,S01,6,44,-0.3,0,1.0,0.6141408310312847
944,S01,6,45,-0.05,0,1.0,0.6380097087343571
945,S01,6,46,-0.3,0,1.0,0.8726654077400453
946,S01,6,47,0.0,1,,0.6757569495114545
947,S01,6,48,-0.15,0,1.0,0.4789937389644014
948,S01,6,49,0.5,1,1.0,0.5095927526229644
949,S01,6,50,-0.5,1,0.0,0.7135128806057752
950,S01,6,51,-0.5,0,1.0,0.47924627112653406
951,S01,6,52,0.5,1,1.0,0.4319322364337883
952,S01,6,53,0.5,1,1.0,0.49646235758359797
953,S01,6,54,-0.15,0,1.0,0.4829535492043814
954,S01,6,55,-0.3,0,1.0,0.554029210296963
955,S01,6,56,-0.5,0,1.0,0.44067309903204094
956,S01,6,57,-0.15,0,1.0,1.2337137886266318
957,S01,6,58,-0.5,0,1.0,0.2990866771639051
958,S01,6,59,0.05,0,0.0,0.5286276072424594
959,S01,6,60,0.0,0,,0.5803653605185
960,S01,6,61,-0.5,0,1.0,0.38993160171345054
961,S01,6,62,0.0,0,,0.7756204017584204
962,S01,6,63,-0.3,0,1.0,0.4757972877172193
963,S01,6,64,0.15,1,1.0,0.4231668034149541
964,S01,6,65,0.15,1,1.0,0.6526870654066398
965,S01,6,66,-0.5,0,1.0,0.4716023084163296
966,S01,6,67,0.05,1,1.0,0.5545642154502097
967,S01,6,68,-0.05,0,1.0,0.9961169320558272
968,S01,6,69,-0.05,0,1.0,0.7632962929821561
969,S01,6,70,-0.05,0,1.0,0.738135368566882
970,S01,6,71,0.3,1,1.0,0.6674337255171475
971,S01,6,72,0.3,1,1.0,0.6572958374774469
972,S01,6,73,0.15,1,1.0,0.5933520087921924
973,S01,6,74,-0.15,0,1.0,0.5204024245771993
974,S01,6,75,0.5,1,1.0,0.5293494537198793
975,S01,6,76,0.05,1,1.0,0.6230675212923938
976,S01,6,77,0.0,0,,0.4006071704960499
977,S01,6,78,0.0,1,,0.5122157420229941
978,S01,6,79,0.0,1,,0.6172747570763267
979,S01,6,80,-0.15,1,0.0,0.8247268902115277
980,S01,6,81,-0.15,0,1.0,0.6576094704873107
981,S01,6,82,-0.3,0,1.0,0.4547102333053107
982,S01,6,83,0.0,0,,0.5008679757254813
983,S01,6,84,0.0,0,,0.9532096192093422
984,S01,6,85,0.0,0,,0.6509125357932863
985,S01,6,86,0.15,0,0.0,0.2833292399811157
986,S01,6,87,0.15,1,1.0,0.6116104974484882
987,S01,6,88,-0.15,1,0.0,0.7694406796440709
988,S01,6,89,0.3,1,1.0,0.4206316482089745
989,S01,6,90,-0.05,1,0.0,0.6790578433471981
990,S01,6,91,0.05,1,1.0,0.6972389652301585
991,S01,6,92,-0.05,0,1.0,0.49161756265985174
992,S01,6,93,0.05,0,0.0,0.9562038217790143
993,S01,6,94,0.15,1,1.0,0.663902849536555
994,S01,6,95,-0.05,1,0.0,0.6006376673355579
995,S01,6,96,0.15,0,0.0,0.6020620763291528
996,S01,6,97,-0.3,0,1.0,0.4062525150656504
997,S01,6,98,-0.3,0,1.0,0.4020087063772924
998,S01,6,99,-0.05,1,0.0,0.5854235836698422
999,S01,6,100,0.3,1,1.0,0.5170999600660813
1000,S01,6,101,0.0,1,,0.6402589827319998
1001,S01,6,102,0.15,0,0.0,0.9322626749837032
1002,S01,6,103,-0.5,0,1.0,0.6099897967512321
1003,S01,6,104,0.15,1,1.0,0.3839267650324063
1004,S01,6,105,0.15,1,1.0,0.8736333278503547
1005,S01,6,106,-0.3,0,1.0,0.5074778963126815
1006,S01,6,107,0.0,0,,0.8435754030841515
1007,S01,6,108,0.5,1,1.0,0.45573112140799454
1008,S01,6,109,-0.05,0,1.0,0.6879222561533676
1009,S01,6,110,0.05,1,1.0,0.476499205859911
1010,S01,6,111,-0.05,1,0.0,0.7311527893360548
1011,S01,6,112,0.05,0,0.0,0.8506016454986312
1012,S01,6,113,-0.05,1,0.0,0.42370698590999667
1013,S01,6,114,0.15,1,1.0,0.8098025124279197
1014,S01,6,115,-0.3,0,1.0,0.47660273108808515
1015,S01,6,116,-0.05,1,0.0,1.088474107082166
1016,S01,6,117,-0.5,0,1.0,0.6312439246900076
1017,S01,6,118,-0.15,0,1.0,0.7419731811019823
1018,S01,6,119,-0.5,0,1.0,0.48602863036366234
1019,S01,6,120,-0.15,0,1.0,1.320231222037925
1020,S01,6,121,0.3,1,1.0,0.5083404000969475
1021,S01,6,122,-0.05,0,1.0,0.5020739805322405
1022,S01,6,123,0.05,1,1.0,0.5537378781166862
1023,S01,6,124,0.15,1,1.0,0.8509118111586881
1024,S01,6,125,0.3,1,1.0,0.5943491987977805
1025,S01,6,126,-0.15,0,1.0,0.621434956676487
1026,S01,6,127,0.15,1,1.0,0.5566737809880558
1027,S01,6,128,0.3,1,1.0,0.5615075209806418
1028,S01,6,129,0.05,0,0.0,0.5766453600727016
1029,S01,6,130,-0.5,0,1.0,0.614796512344468
1030,S01,6,131,-0.15,0,1.0,0.5874133944912046
1031,S01,6,132,0.5,1,1.0,0.42492996476061046
1032,S01,6,133,-0.15,0,1.0,0.8283038152249139
1033,S01,6,134,0.3,1,1.0,0.4396947203920956
1034,S01,6,135,0.0,1,,0.704967384667604
1035,S01,6,136,0.5,1,1.0,0.29760384874361673
1036,S01,6,137,0.3,1,1.0,0.39375279669999064
1037,S01,6,138,0.3,1,1.0,0.5226831603974686
1038,S01,6,139,-0.15,0,1.0,0.5436860107562204
1039,S01,6,140,-0.3,0,1.0,0.49827088106653505
1040,S01,6,141,0.5,1,1.0,0.6330092107835917
1041,S01,6,142,0.15,1,1.0,0.7994496584666579
1042,S01,6,143,0.0,0,,0.7435321592228242
1043,S01,6,144,0.05,0,0.0,0.4992236532520209
1044,S01,6,145,-0.15,0,1.0,0.6111119071714611
1045,S01,6,146,0.5,0,0.0,0.8721665225430875
1046,S01,6,147,-0.5,0,1.0,1.0229245843402976
1047,S01,6,148,-0.15,0,1.0,0.8308284035638142
1048,S01,6,149,-0.5,0,1.0,0.38503268162286014
1049,S01,6,150,0.0,0,,0.6635508485441461
1050,S01,6,151,0.0,1,,0.729459012571046
1051,S01,6,152,0.05,0,0.0,0.6805509219514803
1052,S01,6,153,-0.3,0,1.0,0.7867522619069283
1053,S01,6,154,-0.5,0,1.0,0.6245486519295155
1054,S01,6,155,0.05,1,1.0,0.4972620738170887
1055,S01,6,156,0.15,1,1.0,0.5305980513859034
1056,S01,6,157,0.5,1,1.0,0.6687411173235777
1057,S01,6,158,0.05,1,1.0,0.9947068818796218
1058,S01,6,159,-0.3,0,1.0,0.6196576339903378
1059,S01,6,160,0.3,1,1.0,0.8997535455330853
1060,S01,6,161,-0.5,0,1.0,0.5271302841735568
1061,S01,6,162,-0.15,0,1.0,0.4921056680303335
1062,S01,6,163,0.0,1,,0.8164111322873997
1063,S01,6,164,-0.05,0,1.0,1.5694170466600061
1064,S01,6,165,-0.5,0,1.0,0.3578287029596522
1065,S01,6,166,-0.3,0,1.0,0.8882233217185761
1066,S01,6,167,0.5,1,1.0,0.5972581065169533
1067,S01,6,168,-0.05,0,1.0,0.5511943915235548
1068,S01,6,169,0.3,1,1.0,0.340495730875307
1069,S01,6,170,0.05,1,1.0,0.3555973471346374
1070,S01,6,171,0.5,1,1.0,0.43777593659922787
1071,S01,6,172,0.05,1,1.0,0.7445538336928367
1072,S01,6,173,0.15,1,1.0,0.8108624271102847
1073,S01,6,174,-0.05,1,0.0,0.9171016882614412
1074,S01,6,175,-0.3,0,1.0,0.6301678156197348
1075,S01,6,176,-0.05,1,0.0,0.6932943473627448
1076,S01,6,177,-0.15,1,0.0,0.575219005607985
1077,S01,6,178,-0.5,0,1.0,0.5725924424419643
1078,S01,6,179,0.5,1,1.0,0.422602842490108
1079,S01,6,180,0.3,0,0.0,0.412445378770826
1080,S01,7,1,-0.3,0,1.0,0.40280286538287974
1081,S01,7,2,0.3,1,1.0,0.6352997263900739
1082,S01,7,3,-0.05,0,1.0,0.6246518921713262
1083,S01,7,4,-0.05,0,1.0,0.5625016227939219
1084,S01,7,5,-0.05,1,0.0,0.4479114136657057
1085,S01,7,6,0.3,0,0.0,0.6127668920870547
1086,S01,7,7,0.05,0,0.0,0.7689529599417326
1087,S01,7,8,-0.15,0,1.0,0.6854016129896744
1088,S01,7,9,0.5,1,1.0,0.5703587023573707
1089,S01,7,10,-0.5,0,1.0,0.4844958488368736
1090,S01,7,11,0.5,1,1.0,0.48774692069475634
1091,S01,7,12,0.15,1,1.0,0.5998507963782006
1092,S01,7,13,0.05,1,1.0,0.5708234921070352
1093,S01,7,14,0.05,1,1.0,0.5901196464058076
1094,S01,7,15,-0.3,0,1.0,0.6571768966575011
1095,S01,7,16,-0.5,0,1.0,0.7414093666087357
1096,S01,7,17,0.0,0,,0.5178481409231752
1097,S01,7,18,0.15,1,1.0,0.6071603474593036
1098,S01,7,19,0.0,1,,0.489085582476005
1099,S01,7,20,-0.15,0,1.0,0.5430195440564385
1100,S01,7,21,0.3,1,1.0,0.5196398223252882
1101,S01,7,22,0.5,1,1.0,0.526232391250558
1102,S01,7,23,-0.5,0,1.0,0.5220161698703233
1103,S01,7,24,0.05,0,0.0,0.6559381055604107
1104,S01,7,25,-0.5,0,1.0,0.562182977750166
1105,S01,7,26,0.05,0,0.0,0.5170913213113322
1106,S01,7,27,-0.15,0,1.0,0.6573253495915776
1107,S01,7,28,0.5,1,1.0,0.6175449942729677
1108,S01,7,29,0.5,1,1.0,0.3914848741384353
1109,S01,7,30,-0.5,0,1.0,0.3070028646706081
1110,S01,7,31,-0.15,0,1.0,0.8316878708211523
1111,S01,7,32,-0.3,0,1.0,0.4161692986368633
1112,S01,7,33,0.5,1,1.0,0.42995510285868416
1113,S01,7,34,0.15,0,0.0,0.7628185720411822
1114,S01,7,35,0.0,1,,0.522051746109751
1115,S01,7,36,0.15,1,1.0,0.8135795220369574
1116,S01,7,37,0.05,1,1.0,0.543860045452793
1117,S01,7,38,0.3,1,1.0,0.45577402895907954
1118,S01,7,39,0.5,1,1.0,0.3623100673923911
1119,S01,7,40,0.0,1,,0.5597290700014557
1120,S01,7,41,0.05,0,0.0,0.77315460120466
1121,S01,7,42,0.15,1,1.0,0.5358113601812778
1122,S01,7,43,0.3,1,1.0,0.7622674019057507
1123,S01,7,44,0.3,1,1.0,0.5748224997200204
1124,S01,7,45,0.5,1,1.0,0.5163887284903083
1125,S01,7,46,0.05,1,1.0,0.52179589160698
1126,S01,7,47,0.3,1,1.0,0.7978272177942728
1127,S01,7,48,0.3,1,1.0,0.7061482604955053
1128,S01,7,49,0.0,0,,0.8295943621891951
1129,S01,7,50,0.05,1,1.0,0.6276637274412036
1130,S01,7,51,-0.15,0,1.0,0.4371869918043817
1131,S01,7,52,0.3,1,1.0,0.5979461526591289
1132,S01,7,53,0.0,1,,0.7838206925016338
1133,S01,7,54,-0.05,0,1.0,0.7656781352434281
1134,S01,7,55,-0.5,0,1.0,0.5586738569589691
1135,S01,7,56,0.0,1,,0.7460455312420926
1136,S01,7,57,-0.5,0,1.0,0.4125863314415848
1137,S01,7,58,0.5,1,1.0,0.41794404895222986
1138,S01,7,59,0.15,1,1.0,0.4526090434044817
1139,S01,7,60,-0.15,0,1.0,0.8358095552084008
1140,S01,7,61,-0.5,0,1.0,0.8645171462319611
1141,S01,7,62,0.3,1,1.0,1.3267006894067404
1142,S01,7,63,-0.15,0,1.0,0.6661154953378408
1143,S01,7,64,0.05,1,1.0,0.7271700690807943
1144,S01,7,65,-0.3,0,1.0,0.5498581788157691
1145,S01,7,66,-0.3,0,1.0,0.6069939221211551
1146,S01,7,67,-0.5,0,1.0,0.38584545653225577
1147,S01,7,68,-0.3,0,1.0,0.5467706111950928
1148,S01,7,69,-0.15,0,1.0,0.49899501172349825
1149,S01,7,70,-0.15,0,1.0,0.576073526882488
1150,S01,7,71,0.05,1,1.0,0.5388338230506167
1151,S01,7,72,0.05,1,1.0,0.7635480031688867
1152,S01,7,73,-0.15,0,1.0,0.7495409915695468
1153,S01,7,74,-0.3,0,1.0,0.6244556451805066
1154,S01,7,75,0.5,1,1.0,0.41840766686774344
1155,S01,7,76,0.0,0,,0.4822777021642202
1156,S01,7,77,0.5,1,1.0,0.6035129801071101
1157,S01,7,78,-0.5,0,1.0,0.5031880366532983
1158,S01,7,79,-0.15,0,1.0,0.37873922218334216
1159,S01,7,80,-0.05,0,1.0,0.6884913664721968
1160,S01,7,81,0.15,1,1.0,0.6898094894147682
1161,S01,7,82,0.05,0,0.0,0.4307199405363951
1162,S01,7,83,-0.05,0,1.0,0.76745977282156
1163,S01,7,84,-0.15,0,1.0,0.42283629545985607
1164,S01,7,85,-0.3,0,1.0,0.4636133865519333
1165,S01,7,86,0.05,1,1.0,0.4474366634154144
1166,S01,7,87,0.0,0,,0.5344055940121661
1167,S01,7,88,0.15,1,1.0,0.44560928180784565
1168,S01,7,89,-0.3,0,1.0,0.7635295038844337
1169,S01,7,90,-0.15,0,1.0,0.5853465828282036
1170,S01,7,91,-0.05,1,0.0,0.582770862154287
1171,S01,7,92,-0.05,1,0.0,0.9074949978159871
1172,S01,7,93,0.15,1,1.0,0.8449416236176335
1173,S01,7,94,0.3,1,1.0,0.5157181913600491
1174,S01,7,95,-0.05,0,1.0,0.7166840514140237
1175,S01,7,96,-0.5,0,1.0,0.4268443903835164
1176,S01,7,97,-0.3,0,1.0,0.5579852833131416
1177,S01,7,98,0.3,1,1.0,0.4260287379146739
1178,S01,7,99,-0.5,0,1.0,0.567095845025602
1179,S01,7,100,0.3,1,1.0,0.796216050678238
1180,S01,7,101,-0.15,0,1.0,0.8209994544115319
1181,S01,7,102,-0.15,1,0.0,0.635182856407448
1182,S01,7,103,-0.3,0,1.0,0.3387299736280334
1183,S01,7,104,0.15,1,1.0,0.5254499101275647
1184,S01,7,105,0.3,1,1.0,0.5577929894058232
1185,S01,7,106,0.0,1,,0.4676997893046825
1186,S01,7,107,-0.05,0,1.0,0.43621581655352554
1187,S01,7,108,0.15,1,1.0,0.9465016602204859
1188,S01,7,109,-0.3,0,1.0,0.7242163043926441
1189,S01,7,110,0.5,1,1.0,0.5798552624152774
1190,S01,7,111,-0.3,0,1.0,0.6986262264358443
1191,S01,7,112,-0.5,0,1.0,0.3605065344826569
1192,S01,7,113,-0.5,0,1.0,0.39197662189249255
1193,S01,7,114,0.15,1,1.0,0.6666851302038386
1194,S01,7,115,0.0,0,,0.7392357204619869
1195,S01,7,116,-0.05,1,0.0,0.4489656361501888
1196,S01,7,117,0.5,1,1.0,0.5242611582576883
1197,S01,7,118,-0.15,1,0.0,0.6124600475884505
1198,S01,7,119,0.3,1,1.0,0.7440239974969886
1199,S01,7,120,0.5,1,1.0,0.5476942756714231
1200,S01,7,121,-0.15,0,1.0,0.9828076380126154
1201,S01,7,122,0.0,0,,0.6120344928861385
1202,S01,7,123,-0.05,1,0.0,0.48255657823013864
1203,S01,7,124,0.15,1,1.0,0.973934319049414
1204,S01,7,125,0.15,0,0.0,0.6927359643502293
1205,S01,7,126,-0.3,0,1.0,0.5615252838012137
1206,S01,7,127,0.15,1,1.0,0.49315799765696433
1207,S01,7,128,0.15,1,1.0,0.5660377106548061
1208,S01,7,129,0.5,1,1.0,0.44779801310454304
1209,S01,7,130,-0.5,0,1.0,0.36249115313746416
1210,S01,7,131,0.15,1,1.0,0.3435122427808267
1211,S01,7,132,-0.05,0,1.0,0.5858053752755137
1212,S01,7,133,-0.05,0,1.0,0.8125019225435067
1213,S01,7,134,-0.15,0,1.0,0.8936129759475412
1214,S01,7,135,-0.15,0,1.0,0.8226714234422083
1215,S01,7,136,0.5,1,1.0,0.6721412184721538
1216,S01,7,137,0.5,1,1.0,0.3731479853833228
1217,S01,7,138,0.0,1,,0.7269991754276469
1218,S01,7,139,-0.15,0,1.0,0.724234992584656
1219,S01,7,140,-0.5,0,1.0,0.5920911202502149
1220,S01,7,141,0.3,1,1.0,0.5580778802673133
1221,S01,7,142,-0.05,0,1.0,0.6835779184649493
1222,S01,7,143,0.0,1,,1.1981964366950053
1223,S01,7,144,0.05,0,0.0,0.8610791360717157
1224,S01,7,145,-0.3,0,1.0,0.6559111592675051
1225,S01,7,146,-0.5,0,1.0,0.6061215193159581
1226,S01,7,147,-0.05,1,0.0,0.5786031101744222
1227,S01,7,148,0.0,1,,0.8064169259517915
1228,S01,7,149,-0.05,0,1.0,0.6810336960685713
1229,S01,7,150,-0.3,0,1.0,0.7228770737078368
1230,S01,7,151,0.3,1,1.0,0.4705764117251788
1231,S01,7,152,0.05,0,0.0,0.8137057032609066
1232,S01,7,153,0.0,0,,0.6162088018279317
1233,S01,7,154,-0.3,0,1.0,0.7060099275824644
1234,S01,7,155,0.5,1,1.0,0.5388568506412098
1235,S01,7,156,0.0,1,,0.684868793558146
1236,S01,7,157,-0.05,1,0.0,0.6089615908919109
1237,S01,7,158,0.0,0,,0.6661792530124293
1238,S01,7,159,0.3,1,1.0,0.5078883523331341
1239,S01,7,160,-0.05,0,1.0,0.6055430315940502
1240,S01,7,161,0.15,1,1.0,0.7109815764220813
1241,S01,7,162,0.05,1,1.0,0.41532336357729605
1242,S01,7,163,0.15,1,1.0,0.768131518841224
1243,S01,7,164,-0.3,0,1.0,0.7066622897851805
1244,S01,7,165,0.5,1,1.0,0.4663299566527391
1245,S01,7,166,0.15,1,1.0,0.651797835879076
1246,S01,7,167,-0.5,0,1.0,0.3849766053325234
1247,S01,7,168,-0.3,0,1.0,0.6385802614272547
1248,S01,7,169,0.0,1,,0.5368227074905777
1249,S01,7,170,0.3,1,1.0,0.2662639281381845
1250,S01,7,171,-0.5,0,1.0,0.7081912886140862
1251,S01,7,172,-0.3,0,1.0,0.42669664011392905
1252,S01,7,173,0.05,1,1.0,0.6449962514650732
1253,S01,7,174,0.3,1,1.0,0.6029891539421705
1254,S01,7,175,0.05,1,1.0,0.7506219538262606
1255,S01,7,176,-0.05,0,1.0,0.660707385228486
1256,S01,7,177,-0.5,0,1.0,0.5417609214921566
1257,S01,7,178,0.05,0,0.0,0.6100026229422837
1258,S01,7,179,0.5,1,1.0,0.3290922288435054
1259,S01,7,180,0.0,1,,0.6711217764305337
1260,S01,8,1,-0.05,0,1.0,0.615655048506562
1261,S01,8,2,0.3,1,1.0,0.6527175072030758
1262,S01,8,3,0.15,1,1.0,0.7068918976854057
1263,S01,8,4,0.3,1,1.0,0.4701837631257306
1264,S01,8,5,0.15,0,0.0,0.6770677128305627
1265,S01,8,6,0.05,1,1.0,0.7339497722630822
1266,S01,8,7,-0.15,0,1.0,0.614864246618616
1267,S01,8,8,0.15,1,1.0,0.4998042682057918
1268,S01,8,9,0.05,1,1.0,0.5934757866586932
1269,S01,8,10,0.0,0,,0.5140723001667536
1270,S01,8,11,0.05,1,1.0,0.7213713391883223
1271,S01,8,12,0.15,1,1.0,0.3980510647072824
1272,S01,8,13,0.0,1,,1.0299069716985874
1273,S01,8,14,0.0,1,,0.9591537680155401
1274,S01,8,15,-0.5,0,1.0,0.5593462724383308
1275,S01,8,16,-0.3,1,0.0,0.7283668029737614
1276,S01,8,17,0.3,1,1.0,0.7133443338162253
1277,S01,8,18,-0.15,0,1.0,0.6438419925900004
1278,S01,8,19,0.15,1,1.0,0.5868388184949582
1279,S01,8,20,0.5,1,1.0,0.45496815246770694
1280,S01,8,21,0.5,1,1.0,0.7684334409320807
1281,S01,8,22,0.3,0,0.0,0.45271202857993736
1282,S01,8,23,-0.15,0,1.0,0.49766613784090113
1283,S01,8,24,-0.3,0,1.0,0.7482708392879622
1284,S01,8,25,-0.3,0,1.0,0.7261945900311072
1285,S01,8,26,0.3,1,1.0,0.527983643281546
1286,S01,8,27,0.05,1,1.0,0.7621681323858499
1287,S01,8,28,0.0,0,,0.8132631212542512
1288,S01,8,29,-0.3,0,1.0,0.39409934077037445
1289,S01,8,30,-0.3,0,1.0,0.8247303445475435
1290,S01,8,31,0.05,0,0.0,0.7917843570556305
1291,S01,8,32,0.15,1,1.0,0.7029244782736267
1292,S01,8,33,0.05,1,1.0,0.7936398314055624
1293,S01,8,34,0.15,1,1.0,0.6783023874938577
1294,S01,8,35,0.05,1,1.0,0.6395911159594176
1295,S01,8,36,-0.3,0,1.0,0.32926944859871354
1296,S01,8,37,0.05,0,0.0,0.6823387984321057
1297,S01,8,38,-0.05,1,0.0,0.44537618118822586
1298,S01,8,39,-0.05,0,1.0,1.1513657629590335
1299,S01,8,40,-0.15,0,1.0,0.6022142242229174
1300,S01,8,41,-0.5,0,1.0,0.8659896611779208
1301,S01,8,42,-0.5,0,1.0,0.5189027802504271
1302,S01,8,43,-0.5,0,1.0,0.42058949264882245
1303,S01,8,44,0.0,1,,0.97004458733703
1304,S01,8,45,0.3,1,1.0,0.6350972609098384
1305,S01,8,46,0.15,1,1.0,1.2313253741979104
1306,S01,8,47,0.5,1,1.0,0.41775726034187144
1307,S01,8,48,0.05,1,1.0,0.9575109428501805
1308,S01,8,49,0.5,1,1.0,0.9646874405702127
1309,S01,8,50,-0.05,1,0.0,0.9743000699820029
1310,S01,8,51,-0.15,0,1.0,0.7678447668964814
1311,S01,8,52,0.15,1,1.0,0.9242128811148591
1312,S01,8,53,0.5,1,1.0,0.48489083990230186
1313,S01,8,54,-0.5,0,1.0,0.39563019292410817
1314,S01,8,55,0.05,1,1.0,0.5688785793802741
1315,S01,8,56,-0.3,0,1.0,0.5814247287780068
1316,S01,8,57,-0.3,0,1.0,0.7130779433011262
1317,S01,8,58,-0.15,0,1.0,0.5034594454555035
1318,S01,8,59,0.0,0,,0.617537747519396
1319,S01,8,60,-0.5,0,1.0,0.41120709790724636
1320,S01,8,61,-0.3,0,1.0,0.752107541878367
1321,S01,8,62,0.3,1,1.0,0.9868211917963255
1322,S01,8,63,0.5,1,1.0,0.3782353994581062
1323,S01,8,64,0.3,1,1.0,0.6684237972650745
1324,S01,8,65,0.5,1,1.0,0.6841565687170393
1325,S01,8,66,0.15,1,1.0,0.5912557110617677
1326,S01,8,67,-0.3,0,1.0,0.3902897153138942
1327,S01,8,68,0.15,1,1.0,0.8907517541521613
1328,S01,8,69,-0.05,1,0.0,0.4443152523817609
1329,S01,8,70,-0.15,0,1.0,0.9765410838883033
1330,S01,8,71,-0.3,0,1.0,0.46732432180007594
1331,S01,8,72,0.0,1,,0.4398551015015978
1332,S01,8,73,0.15,1,1.0,0.5488497381541807
1333,S01,8,74,-0.05,1,0.0,0.6571379659077887
1334,S01,8,75,0.05,0,0.0,0.6959695921199586
1335,S01,8,76,0.15,1,1.0,0.7493645483145107
1336,S01,8,77,0.5,1,1.0,0.5403625248316917
1337,S01,8,78,0.3,1,1.0,0.9577818778171528
1338,S01,8,79,-0.05,1,0.0,0.6484842067949773
1339,S01,8,80,0.15,0,0.0,0.6857841557916368
1340,S01,8,81,0.5,1,1.0,0.5353643636007739
1341,S01,8,82,-0.5,0,1.0,0.31477934399053337
1342,S01,8,83,-0.15,0,1.0,0.45021319278899324
1343,S01,8,84,-0.05,0,1.0,0.673007208079535
1344,S01,8,85,-0.05,0,1.0,0.7506255773210404
1345,S01,8,86,0.0,0,,0.38720977609103086
1346,S01,8,87,0.0,0,,1.1559496945080356
1347,S01,8,88,0.5,1,1.0,0.5816413913145787
1348,S01,8,89,0.5,1,1.0,0.5012610232867936
1349,S01,8,90,-0.15,0,1.0,0.7170252447742433
1350,S01,8,91,-0.15,0,1.0,0.5404263629059882
1351,S01,8,92,0.0,1,,0.7169945965752358
1352,S01,8,93,-0.05,1,0.0,0.7300596199405434
1353,S01,8,94,-0.5,0,1.0,0.7154174491815728
1354,S01,8,95,0.3,1,1.0,0.5469340946639385
1355,S01,8,96,-0.05,1,0.0,0.44728291743566434
1356,S01,8,97,-0.3,0,1.0,0.4490645543521332
1357,S01,8,98,0.3,1,1.0,0.5348125011154726
1358,S01,8,99,-0.15,1,0.0,0.4345818393492761
1359,S01,8,100,-0.3,0,1.0,0.4364483785764213
1360,S01,8,101,-0.5,0,1.0,0.39389529122174455
1361,S01,8,102,0.5,1,1.0,0.45935503584604237
1362,S01,8,103,0.05,1,1.0,0.7655360913540504
1363,S01,8,104,0.5,1,1.0,0.4534602199336606
1364,S01,8,105,-0.05,1,0.0,0.7809623227521982
1365,S01,8,106,0.05,1,1.0,0.6624874983974579
1366,S01,8,107,0.15,1,1.0,0.4814913534220769
1367,S01,8,108,-0.5,0,1.0,0.5552410703839507
1368,S01,8,109,-0.15,0,1.0,0.6628301300266339
1369,S01,8,110,0.5,1,1.0,0.5957457204036475
1370,S01,8,111,-0.05,1,0.0,0.8359554746000148
1371,S01,8,112,0.3,1,1.0,0.8260508371636058
1372,S01,8,113,0.3,1,1.0,0.6687188297296885
1373,S01,8,114,-0.3,0,1.0,0.6003184302692816
1374,S01,8,115,-0.5,0,1.0,0.5965701502443375
1375,S01,8,116,0.0,1,,0.5989325025287803
1376,S01,8,117,0.3,1,1.0,0.4944078972600274
1377,S01,8,118,0.0,0,,1.0250917328067752
1378,S01,8,119,0.05,1,1.0,0.5671869559138955
1379,S01,8,120,-0.5,0,1.0,0.3965044721613763
1380,S01,8,121,-0.3,0,1.0,0.6686118311480704
1381,S01,8,122,-0.5,0,1.0,0.4423708426194868
1382,S01,8,123,-0.5,0,1.0,0.6306925548507913
1383,S01,8,124,-0.05,0,1.0,0.9319215624850293
1384,S01,8,125,-0.05,0,1.0,0.5426817852056898
1385,S01,8,126,-0.15,0,1.0,0.7575253624752951
1386,S01,8,127,-0.5,0,1.0,0.4265525989095482
1387,S01,8,128,0.05,1,1.0,0.6219641750026441
1388,S01,8,129,0.5,1,1.0,0.5478422889392722
1389,S01,8,130,0.5,1,1.0,0.4328817498870968
1390,S01,8,131,-0.3,0,1.0,0.6098127072195171
1391,S01,8,132,0.3,1,1.0,0.5500920154735343
1392,S01,8,133,-0.15,0,1.0,0.7937712334656742
1393,S01,8,134,0.15,1,1.0,0.7944041551147352
1394,S01,8,135,0.5,1,1.0,0.43344669275741965
1395,S01,8,136,-0.3,0,1.0,0.6301763801485405
1396,S01,8,137,-0.5,0,1.0,0.6652419176871246
1397,S01,8,138,0.05,0,0.0,0.5025176750620759
1398,S01,8,139,-0.3,0,1.0,0.5491499826151782
1399,S01,8,140,0.5,1,1.0,0.5444896254445685
1400,S01,8,141,-0.3,0,1.0,0.42993176881858824
1401,S01,8,142,-0.05,0,1.0,1.0796558750721126
1402,S01,8,143,0.0,1,,0.6065953312519221
1403,S01,8,144,-0.05,0,1.0,1.0665400072733706
1404,S01,8,145,0.3,1,1.0,0.490179096313871
1405,S01,8,146,0.0,1,,0.5989334956675673
1406,S01,8,147,0.3,1,1.0,0.3704425319371504
1407,S01,8,148,0.15,0,0.0,0.7288745277565964
1408,S01,8,149,-0.15,1,0.0,0.4559385615111651
1409,S01,8,150,-0.3,0,1.0,0.5524289589017001
1410,S01,8,151,0.0,0,,0.5393914903286194
1411,S01,8,152,-0.5,0,1.0,0.5333246241815529
1412,S01,8,153,-0.15,1,0.0,0.2937821346502768
1413,S01,8,154,-0.15,0,1.0,0.6406136040633444
1414,S01,8,155,0.5,1,1.0,0.5488163953564824
1415,S01,8,156,0.3,1,1.0,0.5143661427373278
1416,S01,8,157,0.15,1,1.0,0.5720000669644565
1417,S01,8,158,-0.15,0,1.0,0.5441372718470411
1418,S01,8,159,0.5,1,1.0,0.48165723024436446
1419,S01,8,160,0.0,1,,1.0296660336591215
1420,S01,8,161,0.3,1,1.0,0.7327204250098627
1421,S01,8,162,-0.5,0,1.0,0.4815294578880684
1422,S01,8,163,0.05,1,1.0,0.590693034316722
1423,S01,8,164,-0.05,0,1.0,0.8227222600553504
1424,S01,8,165,0.05,0,0.0,0.6918108836420626
1425,S01,8,166,-0.15,0,1.0,0.46730507219753
1426,S01,8,167,0.05,1,1.0,0.6162423472870218
1427,S01,8,168,0.15,1,1.0,0.9146919042814595
1428,S01,8,169,0.3,1,1.0,0.6586430476577745
1429,S01,8,170,-0.5,0,1.0,0.4483571558213323
1430,S01,8,171,-0.15,0,1.0,0.41601147245292835
1431,S01,8,172,0.0,0,,0.7226903103917475
1432,S01,8,173,0.05,1,1.0,0.6634883189161584
1433,S01,8,174,0.0,0,,0.64792542699781
1434,S01,8,175,0.0,0,,0.8478248544634536
1435,S01,8,176,-0.05,0,1.0,0.764285441719268
1436,S01,8,177,-0.05,0,1.0,0.4433526064028972
1437,S01,8,178,-0.5,0,1.0,0.5029274906672415
1438,S01,8,179,0.0,0,,0.4821845515326265
1439,S01,8,180,0.15,0,0.0,0.5465310031046114
1440,S02,1,1,0.3,0,0.0,0.7348815807746996
1441,S02,1,2,0.05,0,0.0,0.7901047093184126
1442,S02,1,3,-0.3,0,1.0,0.7844863932891597
1443,S02,1,4,-0.5,0,1.0,0.7137890240880732
1444,S02,1,5,0.5,1,1.0,0.8128183511461146
1445,S02,1,6,-0.15,1,0.0,0.7089228788907622
1446,S02,1,7,0.0,1,,1.4388953490293828
1447,S02,1,8,0.05,0,0.0,2.10916691586696
1448,S02,1,9,0.3,0,0.0,0.8799541219133836
1449,S02,1,10,-0.15,0,1.0,1.188737787821423
1450,S02,1,11,-0.05,1,0.0,1.5288717345254272
1451,S02,1,12,0.0,0,,1.1879722392846166
1452,S02,1,13,0.05,0,0.0,1.8066828928158214
1453,S02,1,14,0.15,0,0.0,0.9980727940424508
1454,S02,1,15,-0.3,0,1.0,1.2899944901387523
1455,S02,1,16,0.05,0,0.0,1.0791778244831178
1456,S02,1,17,0.5,0,0.0,0.9753220944635002
1457,S02,1,18,0.3,1,1.0,0.6075185556320455
1458,S02,1,19,0.15,1,1.0,0.7730291761557921
1459,S02,1,20,-0.3,1,0.0,1.1674081265288418
1460,S02,1,21,0.15,0,0.0,1.0951610470177953
1461,S02,1,22,0.3,0,0.0,0.8401962037559552
1462,S02,1,23,0.15,1,1.0,1.2342565232127074
1463,S02,1,24,-0.5,1,0.0,0.9184822709316789
1464,S02,1,25,-0.5,1,0.0,0.8703927160700126
1465,S02,1,26,-0.05,0,1.0,1.0227701978343675
1466,S02,1,27,-0.15,0,1.0,0.9867214794741188
1467,S02,1,28,-0.05,0,1.0,0.698800143000315
1468,S02,1,29,0.0,0,,1.0518069697860677
1469,S02,1,30,0.15,1,1.0,0.871208686568056
1470,S02,1,31,0.0,1,,1.1203203110506428
1471,S02,1,32,-0.5,0,1.0,0.8493406697074843
1472,S02,1,33,-0.15,0,1.0,0.8776590867986467
1473,S02,1,34,0.5,1,1.0,0.9794027779477581
1474,S02,1,35,-0.3,0,1.0,0.859123994839232
1475,S02,1,36,-0.5,0,1.0,1.083836158294259
1476,S02,1,37,0.05,0,0.0,1.0461516336642078
1477,S02,1,38,0.3,0,0.0,1.3276699664016012
1478,S02,1,39,-0.3,0,1.0,0.7991956366960605
1479,S02,1,40,0.3,1,1.0,1.0930333591336592
1480,S02,1,41,0.05,0,0.0,1.0536020045020773
1481,S02,1,42,0.3,0,0.0,0.4964804299309518
1482,S02,1,43,-0.3,0,1.0,0.9205144987359973
1483,S02,1,44,0.0,0,,1.6821697234166475
1484,S02,1,45,-0.15,1,0.0,0.8062158845463779
1485,S02,1,46,0.0,0,,0.9522146279742522
1486,S02,1,47,0.3,0,0.0,0.8281008516176952
1487,S02,1,48,-0.05,1,0.0,1.394908469273772
1488,S02,1,49,-0.5,0,1.0,0.7829273991467339
1489,S02,1,50,0.3,0,0.0,0.959297018082295
1490,S02,1,51,-0.05,1,0.0,0.643887627057789
1491,S02,1,52,0.15,0,0.0,1.2948257511541519
1492,S02,1,53,-0.15,0,1.0,1.0517612603286355
1493,S02,1,54,0.0,1,,0.770913284907726
1494,S02,1,55,-0.15,0,1.0,0.6081086150099804
1495,S02,1,56,0.5,1,1.0,1.1182691512279788
1496,S02,1,57,0.0,1,,1.0298484734075237
1497,S02,1,58,-0.15,0,1.0,1.086829299024759
1498,S02,1,59,0.05,1,1.0,1.8771735969362051
1499,S02,1,60,0.15,1,1.0,1.3030513885257657
1500,S02,1,61,0.0,1,,1.6132510757231886
1501,S02,1,62,-0.05,1,0.0,1.0871870572643259
1502,S02,1,63,0.05,1,1.0,1.2740465532284824
1503,S02,1,64,0.5,1,1.0,1.0310784558705743
1504,S02,1,65,-0.5,1,0.0,0.7289439254758872
1505,S02,1,66,0.3,1,1.0,1.292747928075964
1506,S02,1,67,0.15,0,0.0,0.8285402535826274
1507,S02,1,68,-0.15,1,0.0,1.2863064774245687
1508,S02,1,69,0.15,0,0.0,1.1491204659777412
1509,S02,1,70,-0.05,0,1.0,1.0493489328604322
1510,S02,1,71,0.0,1,,1.0040252084350625
1511,S02,1,72,0.3,1,1.0,0.719786206140139
1512,S02,1,73,0.15,0,0.0,0.8203919310310054
1513,S02,1,74,0.5,1,1.0,0.8564783723253395
1514,S02,1,75,-0.05,1,0.0,0.8975491470710513
1515,S02,1,76,-0.3,1,0.0,1.0251819255136576
1516,S02,1,77,0.05,1,1.0,1.1808588694677429
1517,S02,1,78,0.05,1,1.0,3.036961362333408
1518,S02,1,79,-0.3,1,0.0,0.8608675391336397
1519,S02,1,80,0.15,0,0.0,0.5943256934962557
1520,S02,1,81,0.15,1,1.0,1.8781957230974187
1521,S02,1,82,0.15,1,1.0,0.6138484118578763
1522,S02,1,83,-0.15,0,1.0,1.597337943237154
1523,S02,1,84,-0.5,1,0.0,0.6803225701111725
1524,S02,1,85,0.3,1,1.0,0.8158398063907453
1525,S02,1,86,-0.05,1,0.0,1.6097878222308046
1526,S02,1,87,-0.15,0,1.0,1.1838675936084238
1527,S02,1,88,0.5,1,1.0,0.5874811334109361
1528,S02,1,89,-0.15,0,1.0,0.6895898464773345
1529,S02,1,90,-0.05,1,0.0,1.1804416839237555
1530,S02,1,91,0.3,0,0.0,0.7097050073062912
1531,S02,1,92,-0.15,0,1.0,1.2009082339099304
1532,S02,1,93,-0.3,1,0.0,1.1577620249278036
1533,S02,1,94,-0.05,1,0.0,0.8613839981713073
1534,S02,1,95,0.15,0,0.0,0.8857858333786636
1535,S02,1,96,-0.15,0,1.0,1.1422159116337287
1536,S02,1,97,-0.05,1,0.0,0.8512413649926796
1537,S02,1,98,-0.3,1,0.0,0.9882074206870709
1538,S02,1,99,-0.15,0,1.0,2.093274110673996
1539,S02,1,100,-0.15,0,1.0,1.1586820943141225
1540,S02,1,101,0.05,1,1.0,0.9649923579934404
1541,S02,1,102,0.0,1,,2.0788454662894633
1542,S02,1,103,0.5,1,1.0,1.1196876558503714
1543,S02,1,104,-0.05,0,1.0,0.7974376141830388
1544,S02,1,105,-0.5,0,1.0,0.6794503000367497
1545,S02,1,106,0.15,1,1.0,0.6313884941480494
1546,S02,1,107,0.5,1,1.0,0.9626705518132477
1547,S02,1,108,0.05,0,0.0,0.5932693730569316
1548,S02,1,109,0.0,0,,2.0778514666323304
1549,S02,1,110,-0.5,0,1.0,0.8099953612335398
1550,S02,1,111,0.05,1,1.0,1.406290547075658
1551,S02,1,112,0.3,1,1.0,0.8704996748535406
1552,S02,1,113,0.3,0,0.0,1.056072950051493
1553,S02,1,114,0.5,0,0.0,0.8407555516031179
1554,S02,1,115,-0.3,1,0.0,0.979883917568663
1555,S02,1,116,0.0,0,,1.5811720732452765
1556,S02,1,117,0.5,0,0.0,1.4655071036086678
1557,S02,1,118,0.5,1,1.0,1.4238445489452285
1558,S02,1,119,0.3,1,1.0,2.574565183347615
1559,S02,1,120,0.3,1,1.0,0.7847180848286129
1560,S02,1,121,0.0,0,,1.2392178267358624
1561,S02,1,122,-0.5,1,0.0,0.7160224214665455
1562,S02,1,123,0.0,0,,1.5590070016925128
1563,S02,1,124,-0.05,1,0.0,0.8076266778606722
1564,S02,1,125,0.5,1,1.0,1.2652453890047513
1565,S02,1,126,-0.05,0,1.0,1.145622146877899
1566,S02,1,127,0.3,1,1.0,0.9424730866794345
1567,S02,1,128,-0.3,1,0.0,0.9740557665832686
1568,S02,1,129,0.5,1,1.0,0.6250741527656474
1569,S02,1,130,-0.05,0,1.0,0.7866798191967052
1570,S02,1,131,-0.3,1,0.0,1.0314983925039318
1571,S02,1,132,-0.15,1,0.0,1.1014045003223596
1572,S02,1,133,-0.3,1,0.0,0.7994562615827329
1573,S02,1,134,-0.3,0,1.0,0.8905282742646804
1574,S02,1,135,-0.3,0,1.0,1.115261262442837
1575,S02,1,136,0.5,0,0.0,0.6902566958926624
1576,S02,1,137,0.3,1,1.0,0.5730090568554921
1577,S02,1,138,0.15,0,0.0,1.624701352412579
1578,S02,1,139,-0.3,0,1.0,1.05328795002662
1579,S02,1,140,0.05,0,0.0,0.9366990683115856
1580,S02,1,141,-0.5,0,1.0,0.7154267714796513
1581,S02,1,142,0.5,1,1.0,0.6884364054289334
1582,S02,1,143,-0.15,0,1.0,1.4613691373813313
1583,S02,1,144,-0.5,0,1.0,0.5975566782985466
1584,S02,1,145,-0.5,0,1.0,0.984962641231221
1585,S02,1,146,0.5,0,0.0,0.9847042932010941
1586,S02,1,147,0.05,0,0.0,1.3559451421399549
1587,S02,1,148,0.5,1,1.0,0.7811274471896482
1588,S02,1,149,-0.5,0,1.0,1.335096081801628
1589,S02,1,150,-0.5,1,0.0,1.1116288448080378
1590,S02,1,151,0.15,1,1.0,0.9129089097910708
1591,S02,1,152,-0.05,1,0.0,0.8697097143616228
1592,S02,1,153,0.05,1,1.0,1.0361638330249001
1593,S02,1,154,0.0,0,,0.963438565579933
1594,S02,1,155,0.05,1,1.0,0.8310495065195436
1595,S02,1,156,0.15,1,1.0,1.0559238623038734
1596,S02,1,157,-0.05,0,1.0,0.9962243266909167
1597,S02,1,158,-0.5,1,0.0,1.4473574454563742
1598,S02,1,159,0.05,1,1.0,0.9433032944470039
1599,S02,1,160,-0.5,0,1.0,0.7045193369295514
1600,S02,1,161,0.15,0,0.0,1.0356787936852319
1601,S02,1,162,0.5,0,0.0,0.9458720353617747
1602,S02,1,163,0.0,1,,1.216751562281976
1603,S02,1,164,0.15,0,0.0,1.1386834525866012
1604,S02,1,165,-0.5,0,1.0,0.8864802916829786
1605,S02,1,166,-0.3,0,1.0,0.956733248153287
1606,S02,1,167,-0.05,1,0.0,1.2950597148310115
1607,S02,1,168,-0.3,0,1.0,0.7261976338024289
1608,S02,1,169,-0.3,0,1.0,0.7785014611918145
1609,S02,1,170,-0.15,0,1.0,0.6592087482862955
1610,S02,1,171,-0.05,0,1.0,0.8143833139088545
1611,S02,1,172,0.05,1,1.0,1.4742699862900779
1612,S02,1,173,-0.5,1,0.0,1.0376841639044438
1613,S02,1,174,0.3,1,1.0,1.6743773642004438
1614,S02,1,175,0.0,0,,1.7399883609458489
1615,S02,1,176,0.0,1,,1.3080140601661447
1616,S02,1,177,0.5,1,1.0,0.9157110248103035
1617,S02,1,178,0.0,1,,1.1096249232689523
1618,S02,1,179,-0.15,1,0.0,0.5601223112704315
1619,S02,1,180,0.05,1,1.0,1.0515985089977458
1620,S02,2,1,-0.05,1,0.0,1.3074607342639792
1621,S02,2,2,-0.5,0,1.0,0.7673422619072553
1622,S02,2,3,-0.05,0,1.0,2.0142259921510295
1623,S02,2,4,0.5,1,1.0,0.8421194471919665
1624,S02,2,5,0.15,0,0.0,1.5849445622278682
1625,S02,2,6,0.0,1,,0.811881941547578
1626,S02,2,7,0.3,1,1.0,0.929248932400829
1627,S02,2,8,-0.05,1,0.0,1.221016777904369
1628,S02,2,9,0.3,1,1.0,0.9176146746167158
1629,S02,2,10,-0.05,0,1.0,1.106886388925764
1630,S02,2,11,0.05,0,0.0,0.9900128767604343
1631,S02,2,12,-0.05,0,1.0,1.616663638540627
1632,S02,2,13,0.15,0,0.0,1.0545921149629407
1633,S02,2,14,-0.3,0,1.0,1.4581621563712257
1634,S02,2,15,-0.5,0,1.0,0.6176753117246152
1635,S02,2,16,0.05,1,1.0,1.0717300225222202
1636,S02,2,17,0.15,1,1.0,0.8035664931764473
1637,S02,2,18,-0.5,1,0.0,0.8277145251952456
1638,S02,2,19,-0.05,1,0.0,0.6223937473521651
1639,S02,2,20,-0.05,1,0.0,0.6570038513224058
1640,S02,2,21,0.05,1,1.0,0.7881415476854176
1641,S02,2,22,0.15,0,0.0,1.161518693410746
1642,S02,2,23,0.15,0,0.0,0.7045037955737792
1643,S02,2,24,-0.3,0,1.0,0.7950098501457926
1644,S02,2,25,-0.15,0,1.0,1.358708836880741
1645,S02,2,26,-0.15,0,1.0,0.9533733752302926
1646,S02,2,27,0.3,1,1.0,1.0964173517616957
1647,S02,2,28,0.05,0,0.0,0.8918680411531655
1648,S02,2,29,-0.15,0,1.0,0.6756971595275163
1649,S02,2,30,0.05,1,1.0,0.9332053688413227
1650,S02,2,31,0.0,1,,1.359178815121062
1651,S02,2,32,0.0,1,,0.9270484322180391
1652,S02,2,33,0.3,1,1.0,0.6963274073880135
1653,S02,2,34,-0.3,0,1.0,1.1296283732606476
1654,S02,2,35,0.3,1,1.0,1.4734140614025073
1655,S02,2,36,0.0,1,,0.9928126908833397
1656,S02,2,37,-0.05,0,1.0,0.7392405947258655
1657,S02,2,38,-0.3,0,1.0,0.6171383295476172
1658,S02,2,39,0.5,0,0.0,1.0577426520499993
1659,S02,2,40,-0.15,0,1.0,0.5320721710884845
1660,S02,2,41,0.3,0,0.0,1.0189020906777846
1661,S02,2,42,-0.05,0,1.0,0.4334555115004064
1662,S02,2,43,0.5,0,0.0,0.8023451398552918
1663,S02,2,44,-0.5,0,1.0,1.0379766742303123
1664,S02,2,45,-0.3,0,1.0,0.6996164866078478
1665,S02,2,46,0.3,0,0.0,1.4675938202468644
1666,S02,2,47,-0.5,0,1.0,0.8578723927554059
1667,S02,2,48,-0.05,0,1.0,1.2332887116799087
1668,S02,2,49,0.0,1,,1.2072549225148208
1669,S02,2,50,0.0,1,,1.0948835845286318
1670,S02,2,51,-0.05,0,1.0,1.1304289575215964
1671,S02,2,52,0.5,1,1.0,0.3063207731367681
1672,S02,2,53,-0.5,0,1.0,0.9337304489795805
1673,S02,2,54,0.15,0,0.0,0.7084875385446002
1674,S02,2,55,0.5,1,1.0,0.7467766380966182
1675,S02,2,56,0.0,0,,1.092552346018079
1676,S02,2,57,0.05,1,1.0,1.33053649313872
1677,S02,2,58,0.3,1,1.0,0.6569859399577237
1678,S02,2,59,-0.5,0,1.0,0.6674107288354684
1679,S02,2,60,0.5,1,1.0,0.6927110887677765
1680,S02,2,61,0.05,0,0.0,1.0169959388146719
1681,S02,2,62,-0.3,0,1.0,0.7872162054950324
1682,S02,2,63,0.05,0,0.0,1.132016086471324
1683,S02,2,64,-0.05,0,1.0,0.5828901566586678
1684,S02,2,65,0.5,1,1.0,0.7296506647248588
1685,S02,2,66,-0.15,0,1.0,1.4749618861393008
1686,S02,2,67,0.5,1,1.0,0.7053757665651549
1687,S02,2,68,0.0,1,,1.1097915019469513
1688,S02,2,69,-0.5,0,1.0,0.9993976174561894
1689,S02,2,70,0.15,0,0.0,1.0242446348155556
1690,S02,2,71,0.0,1,,1.754602472845181
1691,S02,2,72,-0.5,0,1.0,0.7803820296350938
1692,S02,2,73,-0.3,0,1.0,1.0166690356408825
1693,S02,2,74,-0.15,0,1.0,0.9819207812814947
1694,S02,2,75,0.0,0,,1.4684710845937055
1695,S02,2,76,0.3,1,1.0,0.7555412771617181
1696,S02,2,77,0.5,1,1.0,1.3994547512223274
1697,S02,2,78,-0.05,0,1.0,0.7964666085740876
1698,S02,2,79,0.15,0,0.0,1.52582058810645
1699,S02,2,80,-0.15,0,1.0,0.6866310349752055
1700,S02,2,81,0.5,1,1.0,0.9194783831462637
1701,S02,2,82,0.0,1,,0.9826809564804859
1702,S02,2,83,-0.05,1,0.0,1.2536662328162342
1703,S02,2,84,-0.15,0,1.0,1.0422988537201556
1704,S02,2,85,0.3,1,1.0,1.0891940265614506
1705,S02,2,86,0.3,1,1.0,0.6308491033991823
1706,S02,2,87,0.0,0,,0.6222372075818152
1707,S02,2,88,-0.15,0,1.0,0.6515027087639571
1708,S02,2,89,0.15,1,1.0,0.6472922785999904
1709,S02,2,90,-0.3,0,1.0,0.6288510420311683
1710,S02,2,91,0.15,1,1.0,0.773544839722593
1711,S02,2,92,-0.3,1,0.0,0.7155168696338576
1712,S02,2,93,-0.15,1,0.0,0.9223490256567817
1713,S02,2,94,0.3,1,1.0,0.6694482443785936
1714,S02,2,95,0.5,1,1.0,0.6121718686991211
1715,S02,2,96,0.15,1,1.0,0.8641476062795598
1716,S02,2,97,0.0,0,,1.3400044354421659
1717,S02,2,98,0.05,0,0.0,0.8502846108408775
1718,S02,2,99,-0.5,0,1.0,0.7509921176571441
1719,S02,2,100,0.15,1,1.0,0.947443546174147
1720,S02,2,101,0.05,1,1.0,0.7325340315597382
1721,S02,2,102,-0.5,0,1.0,0.6915667711423352
1722,S02,2,103,-0.15,1,0.0,0.7531170635414557
1723,S02,2,104,0.3,0,0.0,1.121894036507058
1724,S02,2,105,-0.15,0,1.0,1.1775501182130448
1725,S02,2,106,0.15,0,0.0,0.7325399579890733
1726,S02,2,107,-0.05,1,0.0,0.9432112915978058
1727,S02,2,108,-0.05,1,0.0,1.1499290486518903
1728,S02,2,109,0.05,1,1.0,1.0564100916605836
1729,S02,2,110,0.3,0,0.0,0.9645727105160568
1730,S02,2,111,0.05,1,1.0,0.7337153357298478
1731,S02,2,112,-0.5,0,1.0,1.2498465831336674
1732,S02,2,113,0.0,0,,0.8254190081148163
1733,S02,2,114,0.15,1,1.0,0.7634758916852756
1734,S02,2,115,0.05,1,1.0,0.6618544112610905
1735,S02,2,116,0.05,0,0.0,0.9173495943884752
1736,S02,2,117,-0.15,0,1.0,1.293059339021987
1737,S02,2,118,-0.5,0,1.0,0.8339197847573804
1738,S02,2,119,0.15,0,0.0,0.8945403043212675
1739,S02,2,120,0.05,0,0.0,1.2057398873327374
1740,S02,2,121,0.0,1,,1.375533637566966
1741,S02,2,122,-0.05,0,1.0,1.2337876234996934
1742,S02,2,123,-0.5,0,1.0,0.4470924526370253
1743,S02,2,124,-0.15,0,1.0,1.1531074453230188
1744,S02,2,125,-0.15,1,0.0,1.0528694054546996
1745,S02,2,126,0.3,1,1.0,0.6752237169486612
1746,S02,2,127,-0.15,0,1.0,1.0542160714429207
1747,S02,2,128,-0.3,1,0.0,1.199782057664762
1748,S02,2,129,0.0,1,,0.8353099782707285
1749,S02,2,130,0.15,0,0.0,1.2037453087651733
1750,S02,2,131,0.05,0,0.0,1.060190791465753
1751,S02,2,132,-0.5,0,1.0,0.3379364137787442
1752,S02,2,133,-0.5,0,1.0,0.7584583810652605
1753,S02,2,134,-0.3,0,1.0,0.9263005160421175
1754,S02,2,135,0.3,1,1.0,0.7810250382267179
1755,S02,2,136,0.0,1,,1.0969790895570137
1756,S02,2,137,0.15,1,1.0,0.8851874534211914
1757,S02,2,138,0.05,0,0.0,1.9055792126233346
1758,S02,2,139,-0.3,0,1.0,0.7655295166212759
1759,S02,2,140,0.05,1,1.0,0.7694278619882096
1760,S02,2,141,0.15,0,0.0,1.183931297756376
1761,S02,2,142,-0.3,0,1.0,0.7930337790882344
1762,S02,2,143,-0.05,0,1.0,0.9425169977154739
1763,S02,2,144,0.05,0,0.0,0.919279507781626
1764,S02,2,145,0.5,1,1.0,0.9653642891489721
1765,S02,2,146,0.3,1,1.0,0.6275785071280017
1766,S02,2,147,-0.3,0,1.0,1.1154209697873254
1767,S02,2,148,-0.15,0,1.0,1.0794411574390228
1768,S02,2,149,-0.3,0,1.0,1.4693161695786385
1769,S02,2,150,-0.05,1,0.0,1.0229559363973968
1770,S02,2,151,-0.5,0,1.0,0.5727492349732594
1771,S02,2,152,0.5,1,1.0,0.8126442563682719
1772,S02,2,153,-0.5,0,1.0,0.8429261372302743
1773,S02,2,154,0.15,1,1.0,1.3318449336682876
1774,S02,2,155,0.5,1,1.0,0.5723685951006883
1775,S02,2,156,-0.3,1,0.0,0.5487455425368478
1776,S02,2,157,0.3,1,1.0,0.9133046785546796
1777,S02,2,158,-0.15,1,0.0,1.6103428652447886
1778,S02,2,159,-0.3,0,1.0,1.0465478766931176
1779,S02,2,160,-0.15,0,1.0,1.1495435481331375
1780,S02,2,161,0.5,1,1.0,0.5204777816160371
1781,S02,2,162,0.15,1,1.0,0.936442559570987
1782,S02,2,163,0.0,0,,1.4380556614159887
1783,S02,2,164,0.5,1,1.0,0.8459765110997463
1784,S02,2,165,-0.3,1,0.0,0.5391819903048239
1785,S02,2,166,-0.5,0,1.0,0.7728733687403828
1786,S02,2,167,-0.15,0,1.0,1.103673486565699
1787,S02,2,168,0.3,1,1.0,0.33829609218011236
1788,S02,2,169,0.5,1,1.0,0.7482056456175649
1789,S02,2,170,-0.3,1,0.0,0.660404527487911
1790,S02,2,171,0.5,1,1.0,0.9926657005007761
1791,S02,2,172,0.5,0,0.0,0.6777078133514702
1792,S02,2,173,0.5,1,1.0,0.870571126553217
1793,S02,2,174,0.05,1,1.0,0.9684431175635434
1794,S02,2,175,-0.3,0,1.0,0.7488115780108687
1795,S02,2,176,0.0,1,,1.8007391734287883
1796,S02,2,177,0.3,1,1.0,0.725263704304279
1797,S02,2,178,-0.05,1,0.0,0.992417894169204
1798,S02,2,179,0.0,0,,0.9899255437589598
1799,S02,2,180,-0.5,0,1.0,0.8115838513643858
1800,S02,3,1,0.15,1,1.0,0.9527130952527676
1801,S02,3,2,0.15,1,1.0,0.7874546309627125
1802,S02,3,3,-0.3,1,0.0,0.7479001300276984
1803,S02,3,4,0.05,0,0.0,1.3597977690679062
1804,S02,3,5,0.0,1,,0.9130098072079471
1805,S02,3,6,0.15,1,1.0,1.1964600163487713
1806,S02,3,7,0.3,1,1.0,0.766938504982125
1807,S02,3,8,-0.5,1,0.0,0.9733961667601018
1808,S02,3,9,0.5,1,1.0,0.7118628836406319
1809,S02,3,10,-0.05,0,1.0,1.0773294596203837
1810,S02,3,11,-0.5,0,1.0,0.5695551934526114
1811,S02,3,12,-0.3,0,1.0,0.847257379220035
1812,S02,3,13,0.15,0,0.0,0.7015201909047157
1813,S02,3,14,0.5,1,1.0,0.6146302457466223
1814,S02,3,15,-0.15,1,0.0,0.771519862627296
1815,S02,3,16,-0.5,0,1.0,0.658806250706603
1816,S02,3,17,0.15,1,1.0,1.1469376515373406
1817,S02,3,18,0.05,0,0.0,0.7849843912567616
1818,S02,3,19,0.05,0,0.0,0.9382599508415983
1819,S02,3,20,-0.05,1,0.0,1.25840814323109
1820,S02,3,21,-0.05,0,1.0,1.0701435545031552
1821,S02,3,22,0.05,1,1.0,0.5370609386087866
1822,S02,3,23,0.3,1,1.0,0.5097935012613298
1823,S02,3,24,0.0,1,,1.034137355483904
1824,S02,3,25,0.3,1,1.0,0.6767251564667931
1825,S02,3,26,-0.15,0,1.0,0.533799942471481
1826,S02,3,27,-0.15,1,0.0,0.7197968132876242
1827,S02,3,28,0.0,1,,1.0462412286726728
1828,S02,3,29,0.15,1,1.0,0.7690489663458104
1829,S02,3,30,0.5,1,1.0,0.7054124914426539
1830,S02,3,31,0.05,0,0.0,0.8306327438732969
1831,S02,3,32,0.15,1,1.0,0.6916869007256927
1832,S02,3,33,0.15,1,1.0,0.9146351363775851
1833,S02,3,34,-0.05,0,1.0,0.546817758669488
1834,S02,3,35,0.5,1,1.0,0.5441770196459327
1835,S02,3,36,0.5,1,1.0,0.8784333174657769
1836,S02,3,37,-0.5,0,1.0,0.4550463809683712
1837,S02,3,38,-0.5,0,1.0,0.6948334705741365
1838,S02,3,39,-0.5,0,1.0,0.6128304635933447
1839,S02,3,40,-0.05,0,1.0,0.7700389713206516
1840,S02,3,41,-0.5,0,1.0,0.9058594653920917
1841,S02,3,42,0.5,1,1.0,0.9648000741109668
1842,S02,3,43,0.5,1,1.0,0.508190039556309
1843,S02,3,44,0.15,0,0.0,0.3879518904039869
1844,S02,3,45,0.3,0,0.0,0.7459081915998944
1845,S02,3,46,0.5,1,1.0,0.39463806271793855
1846,S02,3,47,0.5,1,1.0,0.8889493989451979
1847,S02,3,48,0.3,1,1.0,0.77264668141972
1848,S02,3,49,-0.15,0,1.0,0.548264678829064
1849,S02,3,50,0.05,1,1.0,0.712104415550563
1850,S02,3,51,-0.5,1,0.0,0.496021052744511
1851,S02,3,52,-0.3,0,1.0,0.6129899370791446
1852,S02,3,53,-0.15,0,1.0,0.49554596030661785
1853,S02,3,54,0.0,1,,1.3885997332082034
1854,S02,3,55,0.15,1,1.0,0.6297570089488126
1855,S02,3,56,0.5,1,1.0,0.6943392217832698
1856,S02,3,57,0.5,1,1.0,0.7880966296585183
1857,S02,3,58,-0.3,0,1.0,1.0902742039056814
1858,S02,3,59,-0.15,0,1.0,0.8604752956831355
1859,S02,3,60,0.0,1,,0.8476826121816596
1860,S02,3,61,-0.3,0,1.0,0.8023129580502162
1861,S02,3,62,0.15,1,1.0,0.6224125139490412
1862,S02,3,63,-0.3,0,1.0,0.585650221705551
1863,S02,3,64,-0.05,0,1.0,0.821382781176742
1864,S02,3,65,-0.3,1,0.0,0.41567641139246925
1865,S02,3,66,0.0,0,,0.7508739521486995
1866,S02,3,67,0.3,1,1.0,0.6800652878150504
1867,S02,3,68,-0.5,0,1.0,1.2339754854490579
1868,S02,3,69,-0.5,0,1.0,1.0077904012328711
1869,S02,3,70,0.05,0,0.0,1.0165796930273314
1870,S02,3,71,0.05,1,1.0,1.1573970823073105
1871,S02,3,72,0.15,1,1.0,0.6345504620920073
1872,S02,3,73,-0.05,0,1.0,0.9247158427041413
1873,S02,3,74,-0.05,0,1.0,1.1106001715630052
1874,S02,3,75,0.05,1,1.0,0.6696946613452595
1875,S02,3,76,-0.15,0,1.0,0.5540525544564516
1876,S02,3,77,0.15,0,0.0,0.9340521026718854
1877,S02,3,78,-0.15,0,1.0,0.5702465754924408
1878,S02,3,79,-0.3,0,1.0,0.9145322000221794
1879,S02,3,80,-0.3,0,1.0,1.0839314802029107
1880,S02,3,81,-0.15,0,1.0,0.6416304553582813
1881,S02,3,82,-0.05,0,1.0,0.6896929928547016
1882,S02,3,83,0.3,1,1.0,1.0731407169601277
1883,S02,3,84,-0.3,0,1.0,0.7936211304832604
1884,S02,3,85,0.3,1,1.0,1.0252035218160969
1885,S02,3,86,0.05,0,0.0,0.8301035221603027
1886,S02,3,87,-0.5,0,1.0,0.6568541795382893
1887,S02,3,88,0.3,1,1.0,0.7874586363635344
1888,S02,3,89,0.15,1,1.0,1.3969957178800598
1889,S02,3,90,-0.15,0,1.0,1.0847725779942041
1890,S02,3,91,0.5,1,1.0,0.5620108565278227
1891,S02,3,92,0.15,1,1.0,0.8974017276940572
1892,S02,3,93,0.0,1,,0.8337336734076538
1893,S02,3,94,0.3,1,1.0,0.6735087060203097
1894,S02,3,95,0.05,1,1.0,1.0364172486653973
1895,S02,3,96,0.0,1,,0.9956168356868087
1896,S02,3,97,-0.5,0,1.0,0.524728602358703
1897,S02,3,98,0.0,0,,0.9235741415646492
1898,S02,3,99,-0.15,0,1.0,0.7250735735399096
1899,S02,3,100,0.05,1,1.0,1.0159884333347915
1900,S02,3,101,-0.15,0,1.0,0.7160398535484408
1901,S02,3,102,-0.5,0,1.0,0.6580210011901412
1902,S02,3,103,0.15,1,1.0,0.7370979314061761
1903,S02,3,104,-0.5,0,1.0,0.41960710087218367
1904,S02,3,105,0.5,1,1.0,1.1181590321231607
1905,S02,3,106,-0.5,1,0.0,0.6954125387852087
1906,S02,3,107,0.3,1,1.0,1.2789665204761638
1907,S02,3,108,0.0,1,,0.9329232675786284
1908,S02,3,109,0.05,1,1.0,1.0944605787622816
1909,S02,3,110,0.5,1,1.0,0.5723079090584505
1910,S02,3,111,0.3,0,0.0,0.6509299064904038
1911,S02,3,112,0.3,0,0.0,0.7725262917473895
1912,S02,3,113,0.5,1,1.0,1.12861337044197
1913,S02,3,114,-0.05,1,0.0,0.6840430562127132
1914,S02,3,115,0.05,1,1.0,0.5091558223488992
1915,S02,3,116,-0.15,0,1.0,1.156355273627726
1916,S02,3,117,0.0,0,,1.143963031054417
1917,S02,3,118,0.15,0,0.0,0.7488536411025885
1918,S02,3,119,0.0,0,,1.706610761248475
1919,S02,3,120,-0.05,0,1.0,1.6930083756802994
1920,S02,3,121,-0.05,0,1.0,0.5323677185954223
1921,S02,3,122,0.0,0,,0.7526658452461402
1922,S02,3,123,0.5,1,1.0,0.6825025411772146
1923,S02,3,124,0.3,0,0.0,0.8811513092835523
1924,S02,3,125,0.3,1,1.0,0.8407793531865528
1925,S02,3,126,-0.05,0,1.0,0.8970411884446997
1926,S02,3,127,0.0,0,,0.672426111224185
1927,S02,3,128,-0.3,0,1.0,0.9151225413318557
1928,S02,3,129,0.0,0,,1.0915949614976463
1929,S02,3,130,-0.05,0,1.0,1.1887568104379298
1930,S02,3,131,0.0,0,,0.6472984017079586
1931,S02,3,132,0.05,1,1.0,0.8402370334994016
1932,S02,3,133,0.15,1,1.0,0.7385077106895241
1933,S02,3,134,-0.3,1,0.0,0.5495933689866656
1934,S02,3,135,-0.5,0,1.0,0.6476661190525466
1935,S02,3,136,-0.5,0,1.0,0.5147610544613078
1936,S02,3,137,0.5,1,1.0,0.46548754189168046
1937,S02,3,138,-0.15,1,0.0,1.0644337966839623
1938,S02,3,139,-0.3,0,1.0,0.6885101705676526
1939,S02,3,140,-0.05,0,1.0,0.7244225474198728
1940,S02,3,141,-0.15,0,1.0,1.2205793655983947
1941,S02,3,142,0.0,0,,1.101909543768542
1942,S02,3,143,-0.5,0,1.0,0.38401319297861
1943,S02,3,144,0.05,0,0.0,1.009481402724319
1944,S02,3,145,0.5,1,1.0,0.7805580089954431
1945,S02,3,146,-0.3,0,1.0,0.7227370902130241
1946,S02,3,147,0.5,1,1.0,0.6329150137497653
1947,S02,3,148,0.0,0,,0.5715762576721931
1948,S02,3,149,-0.05,0,1.0,1.657424805616249
1949,S02,3,150,-0.15,1,0.0,0.7935577010505342
1950,S02,3,151,-0.3,0,1.0,0.8681738514332185
1951,S02,3,152,-0.15,1,0.0,0.8062937183416015
1952,S02,3,153,0.15,0,0.0,0.6912505480928154
1953,S02,3,154,0.0,0,,1.177329122676942
1954,S02,3,155,0.3,1,1.0,0.8187678439786128
1955,S02,3,156,-0.3,1,0.0,0.7325101732247196
1956,S02,3,157,-0.05,1,0.0,0.9893386283057966
1957,S02,3,158,-0.05,1,0.0,0.8717089912519257
1958,S02,3,159,0.5,1,1.0,1.1606330999184846
1959,S02,3,160,-0.3,0,1.0,0.9934621607256998
1960,S02,3,161,-0.15,0,1.0,0.9866150239898703
1961,S02,3,162,0.0,1,,0.5888041077876158
1962,S02,3,163,0.3,1,1.0,0.918367940156524
1963,S02,3,164,0.05,1,1.0,1.0418093628535292
1964,S02,3,165,-0.3,1,0.0,0.5841994841268332
1965,S02,3,166,0.05,1,1.0,0.57102805677288
1966,S02,3,167,-0.15,0,1.0,1.0645678108108818
1967,S02,3,168,0.3,1,1.0,1.019826540059845
1968,S02,3,169,-0.3,0,1.0,0.6518686502905459
1969,S02,3,170,-0.5,0,1.0,0.5699299780401087
1970,S02,3,171,-0.5,0,1.0,0.7211544622203714
1971,S02,3,172,0.3,1,1.0,0.6878780568220707
1972,S02,3,173,-0.15,1,0.0,0.5393551593067795
1973,S02,3,174,-0.3,0,1.0,0.5824224894508703
1974,S02,3,175,-0.05,1,0.0,0.981520354047577
1975,S02,3,176,0.05,0,0.0,0.6759414737913635
1976,S02,3,177,0.15,1,1.0,1.125864567106859
1977,S02,3,178,-0.05,0,1.0,1.036563014518439
1978,S02,3,179,0.3,0,0.0,0.8689797645991825
1979,S02,3,180,0.05,1,1.0,0.9254686182579047
1980,S02,4,1,-0.05,0,1.0,0.5866712561149819
1981,S02,4,2,0.3,1,1.0,0.5101570684749253
1982,S02,4,3,0.5,1,1.0,0.6334444091790218
1983,S02,4,4,0.3,1,1.0,0.6058193480617964
1984,S02,4,5,-0.5,0,1.0,0.6604253551888207
1985,S02,4,6,-0.15,1,0.0,1.5862285078606981
1986,S02,4,7,-0.05,0,1.0,0.9273205520185214
1987,S02,4,8,0.3,0,0.0,0.9924877569656013
1988,S02,4,9,-0.3,0,1.0,0.5971550760372702
1989,S02,4,10,-0.5,0,1.0,0.6266259425476457
1990,S02,4,11,-0.5,0,1.0,0.7412366050919768
1991,S02,4,12,0.0,1,,0.5811743753376329
1992,S02,4,13,0.3,1,1.0,0.7195915107827392
1993,S02,4,14,0.3,0,0.0,0.5912563443369705
1994,S02,4,15,-0.15,1,0.0,0.7905047527077356
1995,S02,4,16,-0.15,0,1.0,0.8381206892540661
1996,S02,4,17,-0.05,0,1.0,0.6497531946307263
1997,S02,4,18,0.05,0,0.0,0.6194400452007764
1998,S02,4,19,0.15,1,1.0,0.9475594968951953
1999,S02,4,20,-0.5,0,1.0,0.9397244189754999
2000,S02,4,21,0.15,1,1.0,1.0459164767154183
2001,S02,4,22,-0.3,0,1.0,0.6966159459161523
2002,S02,4,23,0.3,1,1.0,0.7010285905666838
2003,S02,4,24,0.5,1,1.0,0.7417824858127238
2004,S02,4,25,0.0,0,,1.3489216002528648
2005,S02,4,26,-0.3,0,1.0,0.9648222726437032
2006,S02,4,27,0.5,1,1.0,0.5554209640179185
2007,S02,4,28,0.5,1,1.0,0.570930564850881
2008,S02,4,29,0.15,1,1.0,0.5808669987988708
2009,S02,4,30,0.5,1,1.0,0.7757515114269085
2010,S02,4,31,0.5,1,1.0,0.47699814914129113
2011,S02,4,32,-0.15,0,1.0,0.6806571767078479
2012,S02,4,33,0.05,0,0.0,1.2904935489263976
2013,S02,4,34,-0.3,0,1.0,0.9282795256159088
2014,S02,4,35,0.0,0,,0.7012429097470547
2015,S02,4,36,0.05,1,1.0,0.6792980696009167
2016,S02,4,37,0.05,0,0.0,0.41626892728952986
2017,S02,4,38,-0.05,0,1.0,0.7164621903451318
2018,S02,4,39,-0.5,0,1.0,0.7126107046828909
2019,S02,4,40,-0.05,0,1.0,1.0069537358622056
2020,S02,4,41,0.5,1,1.0,0.5091006432575051
2021,S02,4,42,0.15,1,1.0,0.4096366362058944
2022,S02,4,43,-0.15,0,1.0,0.6391496375865673
2023,S02,4,44,-0.05,0,1.0,0.6352901932252191
2024,S02,4,45,-0.05,0,1.0,0.584114772071845
2025,S02,4,46,-0.3,0,1.0,0.8307140917011767
2026,S02,4,47,-0.3,0,1.0,0.7338316506672341
2027,S02,4,48,0.0,0,,1.280927465949384
2028,S02,4,49,0.0,0,,0.7191227375441006
2029,S02,4,50,0.5,1,1.0,0.5680564897082649
2030,S02,4,51,-0.05,1,0.0,1.2938261397020585
2031,S02,4,52,0.3,1,1.0,0.543655606459677
2032,S02,4,53,0.05,1,1.0,1.0222766264521834
2033,S02,4,54,-0.5,0,1.0,0.8270533788917908
2034,S02,4,55,-0.15,0,1.0,0.5231631798240604
2035,S02,4,56,-0.15,0,1.0,0.8523250914616973
2036,S02,4,57,-0.05,0,1.0,0.8341896461877862
2037,S02,4,58,0.0,1,,1.0400845629536195
2038,S02,4,59,0.15,1,1.0,0.8395064191636988
2039,S02,4,60,0.0,0,,0.6125572845828676
2040,S02,4,61,0.3,1,1.0,0.3767523089498691
2041,S02,4,62,0.05,1,1.0,0.5864184940679962
2042,S02,4,63,-0.5,0,1.0,0.7165914896909427
2043,S02,4,64,0.15,1,1.0,0.5565040206438046
2044,S02,4,65,0.5,1,1.0,1.058167150945017
2045,S02,4,66,0.0,0,,1.1646956374176662
2046,S02,4,67,0.15,1,1.0,0.5907232024133462
2047,S02,4,68,0.3,1,1.0,0.6972645788414913
2048,S02,4,69,0.05,1,1.0,0.6977379894829796
2049,S02,4,70,0.15,1,1.0,0.8389269860749097
2050,S02,4,71,-0.05,0,1.0,0.9782972004899421
2051,S02,4,72,0.5,1,1.0,0.428471457577093
2052,S02,4,73,-0.15,0,1.0,0.9036447914587623
2053,S02,4,74,0.5,1,1.0,0.7332125809100672
2054,S02,4,75,0.0,0,,0.6868113214054068
2055,S02,4,76,0.0,0,,1.2951124854690572
2056,S02,4,77,0.5,1,1.0,0.6176423789417309
2057,S02,4,78,-0.5,0,1.0,0.8309611116840326
2058,S02,4,79,0.3,1,1.0,0.4573399084426822
2059,S02,4,80,0.15,1,1.0,1.119142738623155
2060,S02,4,81,-0.15,1,0.0,0.9018529652809987
2061,S02,4,82,-0.3,1,0.0,0.5672723171286447
2062,S02,4,83,-0.05,0,1.0,0.9476122976289132
2063,S02,4,84,0.05,0,0.0,1.32389210291909
2064,S02,4,85,0.15,1,1.0,0.6767294682406972
2065,S02,4,86,0.15,1,1.0,0.674239573727186
2066,S02,4,87,0.0,1,,0.8187660435654283
2067,S02,4,88,0.5,1,1.0,0.6538911916032207
2068,S02,4,89,-0.15,0,1.0,1.057099471250507
2069,S02,4,90,0.3,1,1.0,0.839591296276032
2070,S02,4,91,-0.05,0,1.0,0.7972991386121018
2071,S02,4,92,0.05,0,0.0,0.9199765687898782
2072,S02,4,93,0.3,1,1.0,1.2138083469705068
2073,S02,4,94,0.0,0,,1.0471944219290503
2074,S02,4,95,0.0,0,,0.8435594949482716
2075,S02,4,96,-0.5,0,1.0,0.6008574956565018
2076,S02,4,97,-0.15,1,0.0,0.855525938056474
2077,S02,4,98,-0.3,0,1.0,0.9638834292995325
2078,S02,4,99,-0.05,0,1.0,0.6873021548428491
2079,S02,4,100,-0.05,1,0.0,1.0631496744842728
2080,S02,4,101,0.3,1,1.0,0.7079744130540785
2081,S02,4,102,0.5,1,1.0,0.6472170424915406
2082,S02,4,103,-0.15,0,1.0,1.7085106303055124
2083,S02,4,104,0.0,1,,1.0565853224703128
2084,S02,4,105,0.05,1,1.0,0.7294032234489597
2085,S02,4,106,-0.05,0,1.0,0.9518346311441793
2086,S02,4,107,0.3,1,1.0,0.9795688912078648
2087,S02,4,108,-0.15,0,1.0,0.9775861592317086
2088,S02,4,109,-0.5,0,1.0,0.3522838298647844
2089,S02,4,110,0.0,1,,0.3770702309292226
2090,S02,4,111,-0.3,0,1.0,0.729220908916812
2091,S02,4,112,0.3,1,1.0,0.8358194761474457
2092,S02,4,113,-0.3,0,1.0,0.8154477958544746
2093,S02,4,114,-0.05,1,0.0,0.7456034286056314
2094,S02,4,115,0.05,0,0.0,1.0382126441302828
2095,S02,4,116,0.15,0,0.0,1.1207503843607907
2096,S02,4,117,0.0,1,,0.5497973886369011
2097,S02,4,118,-0.05,0,1.0,0.5231164307001895
2098,S02,4,119,0.05,0,0.0,0.9492967402809257
2099,S02,4,120,0.15,0,0.0,1.0082969590729833
2100,S02,4,121,0.5,1,1.0,0.5438979970820685
2101,S02,4,122,-0.15,0,1.0,0.4449398555751597
2102,S02,4,123,0.05,0,0.0,0.845486488523131
2103,S02,4,124,0.3,1,1.0,0.8191230998112639
2104,S02,4,125,-0.3,0,1.0,0.675375069312576
2105,S02,4,126,-0.3,0,1.0,0.9875043501347116
2106,S02,4,127,-0.15,0,1.0,0.878449074250625
2107,S02,4,128,0.5,1,1.0,0.5280451473629423
2108,S02,4,129,0.05,0,0.0,0.7141756298426669
2109,S02,4,130,-0.3,0,1.0,0.737339115119284
2110,S02,4,131,0.3,1,1.0,0.6625714852663734
2111,S02,4,132,-0.5,0,1.0,0.39129787936353916
2112,S02,4,133,-0.15,0,1.0,0.8560626111214844
2113,S02,4,134,0.15,1,1.0,0.6809183481435139
2114,S02,4,135,-0.5,0,1.0,0.5720856265882732
2115,S02,4,136,-0.15,0,1.0,0.5927507520926796
2116,S02,4,137,0.3,1,1.0,1.1578958003875905
2117,S02,4,138,-0.5,0,1.0,0.7677260856573628
2118,S02,4,139,-0.05,1,0.0,1.4525515810151235
2119,S02,4,140,-0.3,0,1.0,0.6744270762984572
2120,S02,4,141,0.5,1,1.0,0.7812401841691109
2121,S02,4,142,0.15,1,1.0,0.8604849690558094
2122,S02,4,143,-0.5,0,1.0,0.533611473443557
2123,S02,4,144,0.05,0,0.0,0.7759731846109497
2124,S02,4,145,-0.05,0,1.0,1.009637815805391
2125,S02,4,146,0.15,1,1.0,0.5925285968509818
2126,S02,4,147,-0.5,0,1.0,0.8687484154392275
2127,S02,4,148,0.0,1,,0.9105407912640348
2128,S02,4,149,0.05,0,0.0,1.0942792865453377
2129,S02,4,150,0.05,1,1.0,0.9462912606377752
2130,S02,4,151,0.05,0,0.0,0.536563373644081
2131,S02,4,152,-0.3,0,1.0,0.7293822966266612
2132,S02,4,153,0.5,1,1.0,0.8749106213674058
2133,S02,4,154,-0.3,0,1.0,0.7652950270359375
2134,S02,4,155,-0.3,0,1.0,0.7347986504328472
2135,S02,4,156,0.3,1,1.0,0.7650761597264578
2136,S02,4,157,-0.05,1,0.0,0.5049989149414722
2137,S02,4,158,0.15,1,1.0,1.1267501269690265
2138,S02,4,159,-0.5,0,1.0,0.33560749553527364
2139,S02,4,160,-0.15,0,1.0,1.20484092162302
2140,S02,4,161,0.0,0,,0.78303764084567
2141,S02,4,162,0.15,1,1.0,0.9146630138153066
2142,S02,4,163,-0.5,0,1.0,0.3756619657017944
2143,S02,4,164,-0.3,0,1.0,0.9199137924002612
2144,S02,4,165,-0.15,0,1.0,0.9514022959866092
2145,S02,4,166,-0.5,0,1.0,0.7495145505083336
2146,S02,4,167,0.5,1,1.0,0.37151235869875704
2147,S02,4,168,-0.5,0,1.0,0.5140944951728786
2148,S02,4,169,0.05,1,1.0,0.9477945624616458
2149,S02,4,170,-0.15,1,0.0,1.1165638007245615
2150,S02,4,171,0.15,0,0.0,0.6147181912803753
2151,S02,4,172,0.3,1,1.0,0.5669220632279974
2152,S02,4,173,0.0,1,,0.9538968662399668
2153,S02,4,174,0.5,1,1.0,1.3215792120418504
2154,S02,4,175,0.05,1,1.0,0.7055556954952793
2155,S02,4,176,-0.3,0,1.0,0.6587485856460179
2156,S02,4,177,-0.5,0,1.0,0.5539501596915715
2157,S02,4,178,-0.3,0,1.0,0.7084474545934615
2158,S02,4,179,0.15,1,1.0,1.1459784764310241
2159,S02,4,180,0.0,1,,0.8521083828723317
2160,S02,5,1,0.05,1,1.0,0.7668110034042308
2161,S02,5,2,-0.15,0,1.0,1.272564129096004
2162,S02,5,3,-0.15,0,1.0,0.7721221533243052
2163,S02,5,4,0.05,1,1.0,0.9981165297527086
2164,S02,5,5,0.3,1,1.0,1.1274370869919481
2165,S02,5,6,0.5,1,1.0,0.7158318575493621
2166,S02,5,7,0.5,1,1.0,0.7059501475622973
2167,S02,5,8,-0.3,0,1.0,0.7047423207598651
2168,S02,5,9,-0.15,0,1.0,0.8703851627183662
2169,S02,5,10,-0.15,0,1.0,0.7067027272374806
2170,S02,5,11,-0.3,0,1.0,1.561679225649464
2171,S02,5,12,0.0,1,,0.5671394042029118
2172,S02,5,13,-0.05,0,1.0,0.7804683500909504
2173,S02,5,14,-0.15,1,0.0,0.9075376265508763
2174,S02,5,15,-0.05,0,1.0,0.9434669895044498
2175,S02,5,16,-0.5,0,1.0,0.5599806261936261
2176,S02,5,17,-0.05,1,0.0,0.5005041103309119
2177,S02,5,18,0.0,1,,0.5910949587656688
2178,S02,5,19,0.0,1,,0.8907403600873491
2179,S02,5,20,0.5,1,1.0,0.34697145753902475
2180,S02,5,21,0.05,1,1.0,0.9822494955861346
2181,S02,5,22,0.15,1,1.0,1.0974536938956525
2182,S02,5,23,0.0,1,,1.0657669557326455
2183,S02,5,24,-0.5,0,1.0,0.8253521412343937
2184,S02,5,25,0.15,1,1.0,0.38429322017077117
2185,S02,5,26,0.5,0,0.0,0.3502650678263865
2186,S02,5,27,0.3,1,1.0,0.650877380129003
2187,S02,5,28,-0.05,0,1.0,0.6123933653864955
2188,S02,5,29,0.0,1,,0.5358954822325693
2189,S02,5,30,0.3,1,1.0,0.6125176910649935
2190,S02,5,31,0.0,0,,1.3353217387611909
2191,S02,5,32,0.05,1,1.0,1.4267743898552159
2192,S02,5,33,-0.15,0,1.0,0.598194189590353
2193,S02,5,34,-0.05,0,1.0,0.834799932822403
2194,S02,5,35,-0.15,1,0.0,0.866632020710557
2195,S02,5,36,-0.15,0,1.0,0.7157960416137834
2196,S02,5,37,0.15,1,1.0,1.124098623725651
2197,S02,5,38,0.3,1,1.0,0.6151423693949202
2198,S02,5,39,0.5,1,1.0,0.5103054522544308
2199,S02,5,40,0.05,1,1.0,0.6427578892831018
2200,S02,5,41,0.05,1,1.0,0.756650105574776
2201,S02,5,42,0.15,1,1.0,0.36130850904225176
2202,S02,5,43,0.0,1,,0.7884276820170533
2203,S02,5,44,0.05,0,0.0,0.8499424999332369
2204,S02,5,45,0.5,1,1.0,0.31861279049555474
2205,S02,5,46,0.0,0,,0.8901159774851906
2206,S02,5,47,0.3,1,1.0,0.5182704994828687
2207,S02,5,48,0.05,1,1.0,0.8609604125822826
2208,S02,5,49,0.05,1,1.0,0.8556236821777272
2209,S02,5,50,0.15,1,1.0,0.8131325728910318
2210,S02,5,51,0.05,0,0.0,1.043247580897064
2211,S02,5,52,0.5,1,1.0,0.2460149381659956
2212,S02,5,53,-0.5,0,1.0,0.44590021585536216
2213,S02,5,54,0.3,1,1.0,0.654460278876635
2214,S02,5,55,-0.05,0,1.0,0.4920893618354323
2215,S02,5,56,-0.5,0,1.0,0.7575887353000462
2216,S02,5,57,-0.05,0,1.0,0.6205422072992136
2217,S02,5,58,0.0,0,,1.1257740664342315
2218,S02,5,59,-0.5,0,1.0,0.8292155694191687
2219,S02,5,60,-0.15,1,0.0,0.7384909110150127
2220,S02,5,61,-0.3,0,1.0,0.6627102912963087
2221,S02,5,62,-0.05,1,0.0,0.5391305160904449
2222,S02,5,63,0.3,1,1.0,0.7112731928319355
2223,S02,5,64,0.0,1,,1.0693950818896427
2224,S02,5,65,0.3,0,0.0,0.768435893635984
2225,S02,5,66,0.05,1,1.0,1.2399962750004583
2226,S02,5,67,0.0,1,,0.7559250754902218
2227,S02,5,68,-0.15,0,1.0,0.694006555381851
2228,S02,5,69,0.5,1,1.0,0.47293874500069094
2229,S02,5,70,-0.5,0,1.0,1.1426291683044325
2230,S02,5,71,-0.3,0,1.0,0.462679447534521
2231,S02,5,72,-0.3,0,1.0,0.8742117147435735
2232,S02,5,73,0.05,1,1.0,1.0472573536315832
2233,S02,5,74,-0.5,0,1.0,0.7730363583289256
2234,S02,5,75,-0.5,0,1.0,0.4836627188795818
2235,S02,5,76,-0.15,0,1.0,0.5307243851469646
2236,S02,5,77,0.0,0,,0.8039458800522341
2237,S02,5,78,0.3,1,1.0,0.8343892533431563
2238,S02,5,79,0.05,1,1.0,0.6852748323943987
2239,S02,5,80,-0.3,0,1.0,0.6456055826081133
2240,S02,5,81,-0.5,0,1.0,0.5153877248313746
2241,S02,5,82,-0.05,1,0.0,0.8434663316585558
2242,S02,5,83,-0.15,0,1.0,0.7808435987596791
2243,S02,5,84,0.5,1,1.0,0.9863324510561612
2244,S02,5,85,0.5,1,1.0,0.7309439800488402
2245,S02,5,86,0.3,1,1.0,0.490021027170323
2246,S02,5,87,-0.15,0,1.0,0.5490504093189276
2247,S02,5,88,0.15,1,1.0,0.9648735986360226
2248,S02,5,89,0.0,1,,0.8475037945082334
2249,S02,5,90,-0.05,0,1.0,1.491479367422672
2250,S02,5,91,-0.15,0,1.0,1.4065609636456684
2251,S02,5,92,0.15,1,1.0,0.5956413932870356
2252,S02,5,93,-0.3,0,1.0,0.7720045240214731
2253,S02,5,94,0.5,1,1.0,0.4366967299383132
2254,S02,5,95,0.5,1,1.0,0.7607810001427382
2255,S02,5,96,-0.5,0,1.0,1.037686698105858
2256,S02,5,97,-0.5,0,1.0,0.6434117196910274
2257,S02,5,98,0.15,1,1.0,0.6873526213455319
2258,S02,5,99,0.5,1,1.0,0.6926148036894971
2259,S02,5,100,-0.15,0,1.0,1.023188643989697
2260,S02,5,101,0.15,0,0.0,1.0254630193970602
2261,S02,5,102,-0.05,0,1.0,0.73033376652047
2262,S02,5,103,0.05,1,1.0,0.6805491015016893
2263,S02,5,104,0.3,1,1.0,0.7594360719821148
2264,S02,5,105,-0.3,0,1.0,0.640134851607521
2265,S02,5,106,0.15,1,1.0,1.1242397305090217
2266,S02,5,107,-0.15,0,1.0,0.7001360182952594
2267,S02,5,108,0.0,1,,0.864549092868777
2268,S02,5,109,0.3,1,1.0,0.7899722943197444
2269,S02,5,110,0.5,1,1.0,0.40628325382876584
2270,S02,5,111,-0.3,0,1.0,0.5990861140277182
2271,S02,5,112,0.05,1,1.0,1.4661870629926628
2272,S02,5,113,0.3,1,1.0,0.9193341178068506
2273,S02,5,114,-0.3,0,1.0,0.6355297450770296
2274,S02,5,115,-0.5,0,1.0,0.7617825038973166
2275,S02,5,116,-0.05,1,0.0,1.1840309108452385
2276,S02,5,117,-0.5,0,1.0,0.5774404237366648
2277,S02,5,118,-0.5,0,1.0,0.7873778843833237
2278,S02,5,119,0.3,1,1.0,0.8636518683692795
2279,S02,5,120,0.3,1,1.0,0.5040934849939869
2280,S02,5,121,-0.05,0,1.0,0.772736877469327
2281,S02,5,122,0.15,1,1.0,1.2560969637063344
2282,S02,5,123,-0.5,0,1.0,1.0854400043449697
2283,S02,5,124,0.15,1,1.0,1.0116624127148073
2284,S02,5,125,-0.05,1,0.0,0.6898685423087392
2285,S02,5,126,0.15,1,1.0,0.4096079408145977
2286,S02,5,127,-0.05,0,1.0,0.6640722681245811
2287,S02,5,128,-0.15,0,1.0,0.5334512238998931
2288,S02,5,129,0.5,1,1.0,1.0226849090782124
2289,S02,5,130,0.5,1,1.0,0.36608990885137305
2290,S02,5,131,-0.3,0,1.0,0.5077786307314682
2291,S02,5,132,0.3,0,0.0,0.7547080468456857
2292,S02,5,133,-0.15,0,1.0,0.7767597252297016
2293,S02,5,134,0.5,1,1.0,0.9779053115447245
2294,S02,5,135,0.5,1,1.0,0.7366302313013885
2295,S02,5,136,0.0,1,,0.8111150402759466
2296,S02,5,137,0.5,1,1.0,0.8969299268779295
2297,S02,5,138,-0.5,0,1.0,0.5484583095802459
2298,S02,5,139,0.15,0,0.0,1.2698951443471744
2299,S02,5,140,0.0,1,,0.6572785029764575
2300,S02,5,141,-0.15,0,1.0,0.3476337509279372
2301,S02,5,142,-0.05,1,0.0,0.8138807289052921
2302,S02,5,143,0.0,1,,0.462225219980963
2303,S02,5,144,-0.05,0,1.0,1.0898402821926616
2304,S02,5,145,-0.3,0,1.0,0.7418208469024907
2305,S02,5,146,-0.5,0,1.0,1.007727540206999
2306,S02,5,147,0.0,1,,0.7860074872132788
2307,S02,5,148,-0.3,1,0.0,0.46519111304221694
2308,S02,5,149,-0.15,0,1.0,0.8916386291073808
2309,S02,5,150,-0.3,0,1.0,0.604036975697983
2310,S02,5,151,-0.05,1,0.0,1.038365008141444
2311,S02,5,152,-0.05,0,1.0,0.6430844288937843
2312,S02,5,153,-0.3,0,1.0,1.082994752428707
2313,S02,5,154,0.05,1,1.0,0.8408646830364582
2314,S02,5,155,0.3,1,1.0,0.6795639976535882
2315,S02,5,156,0.15,0,0.0,1.1604788500897796
2316,S02,5,157,0.05,1,1.0,1.095210984806282
2317,S02,5,158,-0.05,0,1.0,0.6672930583505599
2318,S02,5,159,0.5,0,0.0,0.8118409118642107
2319,S02,5,160,-0.3,0,1.0,0.8701782557241287
2320,S02,5,161,-0.3,0,1.0,0.6907946689567379
2321,S02,5,162,0.15,1,1.0,0.9968283904504492
2322,S02,5,163,-0.3,0,1.0,1.0812789374392835
2323,S02,5,164,0.15,1,1.0,0.7647214987597195
2324,S02,5,165,0.3,1,1.0,0.697506786720288
2325,S02,5,166,0.3,1,1.0,0.6863212983463929
2326,S02,5,167,-0.5,1,0.0,0.49387544606866707
2327,S02,5,168,0.0,1,,0.8300886612046755
2328,S02,5,169,-0.5,0,1.0,0.5847505853046314
2329,S02,5,170,0.15,1,1.0,0.7251638077911212
2330,S02,5,171,0.05,0,0.0,0.7647668960501708
2331,S02,5,172,0.3,1,1.0,0.5074178689959721
2332,S02,5,173,0.15,1,1.0,1.0686036755205945
2333,S02,5,174,-0.3,0,1.0,0.5988191666528613
2334,S02,5,175,-0.5,0,1.0,0.9595766124108346
2335,S02,5,176,-0.3,1,0.0,0.5361564046285526
2336,S02,5,177,0.05,0,0.0,1.3871430259537723
2337,S02,5,178,0.05,1,1.0,0.742923139619628
2338,S02,5,179,0.15,1,1.0,1.0281834307060222
2339,S02,5,180,0.0,0,,0.8838421516387167
2340,S02,6,1,-0.3,0,1.0,0.8271006746891614
2341,S02,6,2,0.05,0,0.0,0.9064203634241498
2342,S02,6,3,-0.15,1,0.0,1.1436284942048471
2343,S02,6,4,-0.05,1,0.0,0.6617666385253447
2344,S02,6,5,-0.3,0,1.0,0.6510119329416236
2345,S02,6,6,-0.5,0,1.0,0.6453307782761093
2346,S02,6,7,-0.05,1,0.0,1.3805427869472482
2347,S02,6,8,-0.05,0,1.0,1.1036028421800288
2348,S02,6,9,0.0,1,,0.5876102535879588
2349,S02,6,10,0.05,1,1.0,1.076051536871655
2350,S02,6,11,-0.5,0,1.0,0.5790515210218317
2351,S02,6,12,-0.3,0,1.0,0.6297019428982701
2352,S02,6,13,-0.3,0,1.0,0.5835470012709655
2353,S02,6,14,0.5,1,1.0,0.4096198829669046
2354,S02,6,15,0.15,1,1.0,1.2410811881779813
2355,S02,6,16,0.5,1,1.0,0.42558977142829846
2356,S02,6,17,-0.05,1,0.0,0.4814036540393768
2357,S02,6,18,0.0,0,,1.2029938517247
2358,S02,6,19,0.15,1,1.0,1.291453984768552
2359,S02,6,20,-0.3,0,1.0,0.6577460666920791
2360,S02,6,21,0.05,0,0.0,0.3486812312973153
2361,S02,6,22,-0.15,0,1.0,0.721699598216471
2362,S02,6,23,0.15,1,1.0,0.9781947176579441
2363,S02,6,24,-0.5,0,1.0,0.834480870910678
2364,S02,6,25,-0.5,0,1.0,0.4382687324085417
2365,S02,6,26,-0.05,0,1.0,0.7315046632937522
2366,S02,6,27,0.05,1,1.0,0.8610228221690828
2367,S02,6,28,0.0,1,,1.0480229969748591
2368,S02,6,29,-0.3,0,1.0,0.8410861372193924
2369,S02,6,30,-0.15,0,1.0,0.8791096673357764
2370,S02,6,31,0.5,1,1.0,0.8337385408788568
2371,S02,6,32,0.3,1,1.0,0.6715486772926886
2372,S02,6,33,0.5,1,1.0,0.935186030708032
2373,S02,6,34,-0.15,0,1.0,0.6392141022718726
2374,S02,6,35,-0.05,1,0.0,0.9883727554986459
2375,S02,6,36,0.0,1,,0.7262576708664341
2376,S02,6,37,-0.15,0,1.0,0.7276297923140669
2377,S02,6,38,-0.3,0,1.0,0.6911281396044552
2378,S02,6,39,0.0,0,,0.7146894862399102
2379,S02,6,40,0.5,1,1.0,0.8462526469915888
2380,S02,6,41,-0.05,1,0.0,0.715556016936622
2381,S02,6,42,0.0,1,,0.8188124859049781
2382,S02,6,43,-0.5,0,1.0,0.7034431393993814
2383,S02,6,44,-0.15,0,1.0,1.5945858564878186
2384,S02,6,45,-0.5,0,1.0,0.7115980969879678
2385,S02,6,46,0.15,1,1.0,0.7692543017298809
2386,S02,6,47,0.15,1,1.0,0.4346794059769452
2387,S02,6,48,0.05,1,1.0,0.7663349124162713
2388,S02,6,49,-0.5,0,1.0,0.48827154548166307
2389,S02,6,50,0.3,1,1.0,0.6232729736471629
2390,S02,6,51,-0.05,0,1.0,0.7016819634127289
2391,S02,6,52,0.3,0,0.0,0.8109903322467426
2392,S02,6,53,0.3,1,1.0,0.6513897857799883
2393,S02,6,54,-0.5,0,1.0,0.4565880692973664
2394,S02,6,55,0.3,0,0.0,0.9003375557173641
2395,S02,6,56,0.05,1,1.0,0.5597697206338905
2396,S02,6,57,0.05,0,0.0,0.8053986144190263
2397,S02,6,58,0.05,0,0.0,0.7679391473355437
2398,S02,6,59,-0.3,0,1.0,0.761264879118298
2399,S02,6,60,-0.5,0,1.0,0.8367296998861776
2400,S02,6,61,0.5,1,1.0,1.3316765818643452
2401,S02,6,62,0.15,1,1.0,0.769103839429813
2402,S02,6,63,0.3,1,1.0,0.5621909825672663
2403,S02,6,64,-0.5,0,1.0,0.4733570382637703
2404,S02,6,65,0.0,0,,0.6577954107434033
2405,S02,6,66,-0.5,0,1.0,0.6508051068622196
2406,S02,6,67,0.5,1,1.0,0.3224383301859772
2407,S02,6,68,0.05,0,0.0,0.5510108247889628
2408,S02,6,69,0.05,1,1.0,0.8802988049848515
2409,S02,6,70,-0.5,0,1.0,0.7913592573978955
2410,S02,6,71,-0.15,0,1.0,1.0101719234964799
2411,S02,6,72,0.15,1,1.0,0.7799335490318879
2412,S02,6,73,0.15,1,1.0,0.9650006426527684
2413,S02,6,74,0.5,1,1.0,0.8417556714380959
2414,S02,6,75,0.15,1,1.0,0.6712663328610154
2415,S02,6,76,-0.05,0,1.0,1.098542154134996
2416,S02,6,77,0.0,0,,0.5177087743081269
2417,S02,6,78,0.5,1,1.0,0.4045335514826627
2418,S02,6,79,0.15,1,1.0,0.6826752147913726
2419,S02,6,80,0.5,1,1.0,0.36019409917222944
2420,S02,6,81,0.5,1,1.0,0.7048527824972096
2421,S02,6,82,-0.05,1,0.0,0.6825923321975448
2422,S02,6,83,-0.3,0,1.0,0.6588424287727267
2423,S02,6,84,-0.05,1,0.0,0.33217467740708934
2424,S02,6,85,-0.3,0,1.0,0.6659900973952074
2425,S02,6,86,-0.15,0,1.0,0.6777705593281022
2426,S02,6,87,0.15,1,1.0,0.6012429508182384
2427,S02,6,88,0.3,1,1.0,0.8027612379156407
2428,S02,6,89,-0.15,0,1.0,0.6392825357227812
2429,S02,6,90,-0.15,0,1.0,0.7307519158778342
2430,S02,6,91,-0.05,0,1.0,0.8928339144330737
2431,S02,6,92,-0.15,0,1.0,1.0693063564287484
2432,S02,6,93,0.3,1,1.0,0.9444780719309198
2433,S02,6,94,-0.05,1,0.0,0.6954216899917823
2434,S02,6,95,-0.15,0,1.0,0.5927350878742678
2435,S02,6,96,-0.3,0,1.0,1.0388397269694158
2436,S02,6,97,-0.5,0,1.0,0.5010394968174531
2437,S02,6,98,0.3,1,1.0,0.7925806295705946
2438,S02,6,99,-0.15,0,1.0,0.4527793430246027
2439,S02,6,100,-0.15,0,1.0,0.40813310506427175
2440,S02,6,101,-0.05,1,0.0,0.8161204420967958
2441,S02,6,102,0.15,1,1.0,0.7018989874247886
2442,S02,6,103,0.05,0,0.0,1.0015515835082205
2443,S02,6,104,-0.3,0,1.0,0.5475794483096437
2444,S02,6,105,-0.5,0,1.0,0.6449152683276446
2445,S02,6,106,0.3,1,1.0,0.8417723834929232
2446,S02,6,107,-0.15,0,1.0,0.6097949242496641
2447,S02,6,108,-0.15,0,1.0,0.6824511380764421
2448,S02,6,109,0.05,1,1.0,0.5745154068509698
2449,S02,6,110,0.5,1,1.0,0.7493256927333621
2450,S02,6,111,0.0,1,,0.969693340952894
2451,S02,6,112,-0.05,0,1.0,0.9647633097587488
2452,S02,6,113,-0.3,1,0.0,0.6364553249070847
2453,S02,6,114,0.5,1,1.0,0.6931600080039807
2454,S02,6,115,0.05,1,1.0,0.367217819231806
2455,S02,6,116,0.0,0,,0.7853679136133833
2456,S02,6,117,-0.5,0,1.0,0.9526929619646552
2457,S02,6,118,0.5,1,1.0,0.5891184801668392
2458,S02,6,119,0.5,1,1.0,0.8006494806329739
2459,S02,6,120,-0.15,0,1.0,0.7022010741713578
2460,S02,6,121,0.15,0,0.0,1.1210003601937062
2461,S02,6,122,-0.3,0,1.0,0.5377294539691668
2462,S02,6,123,0.0,0,,0.9320271194865493
2463,S02,6,124,0.3,1,1.0,0.5663834726455533
2464,S02,6,125,0.15,1,1.0,0.8107773668117225
2465,S02,6,126,0.05,1,1.0,0.6784474877671186
2466,S02,6,127,0.3,1,1.0,0.6805523322464044
2467,S02,6,128,0.5,1,1.0,0.5220032061131803
2468,S02,6,129,0.5,1,1.0,0.719508912450604
2469,S02,6,130,0.0,1,,0.9441501717449031
2470,S02,6,131,-0.05,0,1.0,0.655786252556529
2471,S02,6,132,-0.5,0,1.0,0.4811703099779061
2472,S02,6,133,-0.15,0,1.0,0.5784887463457202
2473,S02,6,134,0.15,1,1.0,0.5482152086691471
2474,S02,6,135,0.0,1,,1.022789031862852
2475,S02,6,136,-0.3,0,1.0,0.5172376566088983
2476,S02,6,137,0.0,1,,0.9081208603729046
2477,S02,6,138,0.0,0,,0.7087795343115427
2478,S02,6,139,0.3,1,1.0,0.9169950743721216
2479,S02,6,140,0.5,1,1.0,1.0371468693853765
2480,S02,6,141,0.0,1,,0.35515894605422926
2481,S02,6,142,0.05,1,1.0,0.6265636043910116
2482,S02,6,143,0.0,1,,0.705531318746174
2483,S02,6,144,0.05,1,1.0,0.7515693071494387
2484,S02,6,145,-0.15,1,0.0,0.6955127764705165
2485,S02,6,146,0.3,1,1.0,0.4661447230925599
2486,S02,6,147,0.3,1,1.0,1.2088628327703959
2487,S02,6,148,-0.05,0,1.0,0.7460021677551326
2488,S02,6,149,-0.3,0,1.0,0.7837098480220994
2489,S02,6,150,0.05,0,0.0,0.925111762587036
2490,S02,6,151,-0.05,0,1.0,0.5132162898779519
2491,S02,6,152,0.15,1,1.0,0.6757579635995861
2492,S02,6,153,-0.05,0,1.0,0.9939994746802172
2493,S02,6,154,0.3,1,1.0,1.0406523108177252
2494,S02,6,155,-0.3,0,1.0,0.6171650480511582
2495,S02,6,156,0.15,0,0.0,0.5060931600707415
2496,S02,6,157,0.3,1,1.0,0.572581350218989
2497,S02,6,158,-0.5,0,1.0,0.5270881161893289
2498,S02,6,159,-0.3,0,1.0,0.6030889678689896
2499,S02,6,160,-0.05,0,1.0,0.6142132154634198
2500,S02,6,161,-0.3,0,1.0,0.44679266886463115
2501,S02,6,162,0.3,1,1.0,0.49012446166260115
2502,S02,6,163,0.15,1,1.0,0.63222547561491
2503,S02,6,164,0.05,1,1.0,0.9886511832696254
2504,S02,6,165,0.3,1,1.0,0.9502926219809452
2505,S02,6,166,0.0,0,,0.8453436661545619
2506,S02,6,167,0.15,1,1.0,0.5439404837534129
2507,S02,6,168,0.5,1,1.0,0.5041612928349942
2508,S02,6,169,-0.5,0,1.0,0.32396117763866034
2509,S02,6,170,-0.15,0,1.0,1.1541419738991503
2510,S02,6,171,-0.5,0,1.0,0.482322516413007
2511,S02,6,172,0.0,1,,0.9182004991210062
2512,S02,6,173,0.0,1,,1.1160075612441707
2513,S02,6,174,0.3,1,1.0,1.1517095065334773
2514,S02,6,175,-0.3,1,0.0,0.8757287670865904
2515,S02,6,176,0.05,1,1.0,0.7038879930167979
2516,S02,6,177,-0.5,0,1.0,0.6873836689677699
2517,S02,6,178,0.05,0,0.0,1.3280576532728932
2518,S02,6,179,0.5,1,1.0,0.48106367208826406
2519,S02,6,180,0.15,1,1.0,0.48578080309520744
2520,S02,7,1,0.15,1,1.0,0.483520349882932
2521,S02,7,2,-0.5,0,1.0,0.5569797543057703
2522,S02,7,3,-0.15,0,1.0,1.168476754341094
2523,S02,7,4,-0.5,0,1.0,0.6407156451155692
2524,S02,7,5,0.5,1,1.0,0.3763845813379573
2525,S02,7,6,0.0,0,,0.7981375096642405
2526,S02,7,7,-0.15,1,0.0,0.8232303646066761
2527,S02,7,8,-0.05,0,1.0,0.7917010406691565
2528,S02,7,9,0.5,1,1.0,0.7691051480846338
2529,S02,7,10,-0.15,0,1.0,1.0088073812544187
2530,S02,7,11,0.3,1,1.0,0.6192476114583606
2531,S02,7,12,0.15,0,0.0,0.894988559225764
2532,S02,7,13,-0.15,0,1.0,0.6158214892391042
2533,S02,7,14,0.15,1,1.0,0.738965398951775
2534,S02,7,15,0.5,1,1.0,0.5179401925864883
2535,S02,7,16,-0.3,0,1.0,0.5758595035455958
2536,S02,7,17,0.15,1,1.0,0.7481516204371413
2537,S02,7,18,0.15,1,1.0,0.5230772677223747
2538,S02,7,19,0.3,1,1.0,0.8692120180458464
2539,S02,7,20,-0.15,0,1.0,0.6368532654046664
2540,S02,7,21,0.05,1,1.0,1.00479204618265
2541,S02,7,22,0.5,1,1.0,0.4301102825414054
2542,S02,7,23,-0.05,0,1.0,0.6764006980028466
2543,S02,7,24,0.05,0,0.0,0.5556133481146364
2544,S02,7,25,0.05,1,1.0,0.5500930927487253
2545,S02,7,26,-0.05,0,1.0,0.6080066353610006
2546,S02,7,27,0.0,0,,0.6069815718682634
2547,S02,7,28,-0.15,0,1.0,0.5237734497468064
2548,S02,7,29,0.0,0,,0.7925410085251646
2549,S02,7,30,0.0,0,,0.9424816443286178
2550,S02,7,31,-0.15,0,1.0,0.8751528286276851
2551,S02,7,32,-0.5,0,1.0,0.3404304035261493
2552,S02,7,33,0.0,0,,0.7265589262478738
2553,S02,7,34,0.0,0,,0.7059623078305952
2554,S02,7,35,0.05,1,1.0,1.1543677965211439
2555,S02,7,36,0.05,1,1.0,0.7134108287112646
2556,S02,7,37,-0.15,0,1.0,0.7061504989946532
2557,S02,7,38,-0.3,0,1.0,0.43042040922767905
2558,S02,7,39,-0.3,0,1.0,0.5140169564378129
2559,S02,7,40,0.05,1,1.0,0.4975449729472076
2560,S02,7,41,0.5,1,1.0,0.5746530077532048
2561,S02,7,42,-0.5,0,1.0,0.8552762963715703
2562,S02,7,43,0.3,1,1.0,0.5188527454364267
2563,S02,7,44,0.15,1,1.0,0.672583234400628
2564,S02,7,45,0.3,1,1.0,0.5027815607254236
2565,S02,7,46,-0.5,0,1.0,0.46910322334479815
2566,S02,7,47,-0.15,0,1.0,0.7423058352820451
2567,S02,7,48,-0.5,0,1.0,0.9979942353595601
2568,S02,7,49,0.5,1,1.0,0.8403829910345227
2569,S02,7,50,0.5,1,1.0,0.9271091589385455
2570,S02,7,51,0.3,1,1.0,0.8580948791022207
2571,S02,7,52,0.05,1,1.0,0.7123373768920442
2572,S02,7,53,0.5,1,1.0,0.5015735905468763
2573,S02,7,54,0.0,1,,0.628467581540914
2574,S02,7,55,-0.3,0,1.0,0.31824265514647626
2575,S02,7,56,0.0,0,,0.7301474371507539
2576,S02,7,57,0.3,1,1.0,0.9989464086935588
2577,S02,7,58,0.15,1,1.0,1.0990340690050933
2578,S02,7,59,0.3,1,1.0,1.3242189603403585
2579,S02,7,60,0.15,1,1.0,0.7587289439720631
2580,S02,7,61,-0.5,0,1.0,0.39092318039942653
2581,S02,7,62,-0.3,0,1.0,0.9948980233049937
2582,S02,7,63,0.15,0,0.0,0.8430457068322456
2583,S02,7,64,-0.3,0,1.0,1.1645998945902274
2584,S02,7,65,0.05,0,0.0,1.2278385324435293
2585,S02,7,66,-0.15,0,1.0,0.6231461022424618
2586,S02,7,67,-0.15,0,1.0,0.5141567767393295
2587,S02,7,68,-0.15,0,1.0,0.5103946596283947
2588,S02,7,69,-0.3,0,1.0,0.5287286280361888
2589,S02,7,70,0.3,1,1.0,0.5506075913002461
2590,S02,7,71,-0.05,0,1.0,0.6970905499271954
2591,S02,7,72,0.15,1,1.0,0.8780873549984848
2592,S02,7,73,0.0,0,,0.710778085213624
2593,S02,7,74,0.5,1,1.0,0.5678912167596663
2594,S02,7,75,-0.15,0,1.0,0.4597423627073409
2595,S02,7,76,0.05,0,0.0,0.6105530745215163
2596,S02,7,77,-0.3,0,1.0,0.5133998379297711
2597,S02,7,78,0.5,1,1.0,0.342942082243552
2598,S02,7,79,-0.05,0,1.0,0.685367130251721
2599,S02,7,80,0.5,1,1.0,0.35877963683748665
2600,S02,7,81,-0.05,0,1.0,0.671697539712189
2601,S02,7,82,0.05,1,1.0,0.7928909843203789
2602,S02,7,83,0.05,1,1.0,1.180238935550597
2603,S02,7,84,0.3,1,1.0,0.5063514875947396
2604,S02,7,85,0.0,1,,0.8096430348435937
2605,S02,7,86,-0.3,0,1.0,0.5387493285842736
2606,S02,7,87,-0.05,0,1.0,0.48288709060900287
2607,S02,7,88,0.05,1,1.0,1.1851104425005214
2608,S02,7,89,-0.05,0,1.0,0.8036911761242306
2609,S02,7,90,-0.3,0,1.0,0.7509558762796174
2610,S02,7,91,0.3,1,1.0,1.067908408101888
2611,S02,7,92,-0.05,0,1.0,0.6707714748440253
2612,S02,7,93,-0.5,0,1.0,0.38575052852027036
2613,S02,7,94,0.3,1,1.0,0.5043960449960307
2614,S02,7,95,0.05,0,0.0,0.5140090017908707
2615,S02,7,96,0.0,1,,1.1015306425391025
2616,S02,7,97,-0.5,0,1.0,1.01696827416481
2617,S02,7,98,-0.3,0,1.0,0.6729652800508121
2618,S02,7,99,0.15,1,1.0,0.8860049700569185
2619,S02,7,100,-0.05,0,1.0,1.021815953415704
2620,S02,7,101,0.0,1,,1.3229947544738925
2621,S02,7,102,0.3,1,1.0,1.1629972405427764
2622,S02,7,103,0.0,1,,0.45380328876806203
2623,S02,7,104,-0.15,0,1.0,0.5997906098696127
2624,S02,7,105,-0.5,0,1.0,0.5595537381336078
2625,S02,7,106,0.0,1,,0.6345050105462886
2626,S02,7,107,-0.3,0,1.0,0.5978906993429967
2627,S02,7,108,0.5,1,1.0,0.6331465976138241
2628,S02,7,109,0.0,1,,0.4075508848909131
2629,S02,7,110,-0.3,0,1.0,0.7296249349454208
2630,S02,7,111,-0.15,0,1.0,0.9507308526646497
2631,S02,7,112,-0.3,0,1.0,0.6545848745211458
2632,S02,7,113,0.0,0,,0.3937759749895471
2633,S02,7,114,-0.05,0,1.0,0.6853679497151025
2634,S02,7,115,0.05,1,1.0,0.8380556966002256
2635,S02,7,116,0.5,1,1.0,0.7581222758038245
2636,S02,7,117,-0.5,0,1.0,0.721854666750273
2637,S02,7,118,-0.5,0,1.0,0.5407138201317117
2638,S02,7,119,-0.05,0,1.0,0.6261256597480179
2639,S02,7,120,0.5,1,1.0,0.5480998579034171
2640,S02,7,121,0.15,0,0.0,0.4298451349966417
2641,S02,7,122,0.5,1,1.0,0.4710988809162613
2642,S02,7,123,-0.15,0,1.0,1.0335925399074337
2643,S02,7,124,-0.05,1,0.0,0.747384725922594
2644,S02,7,125,-0.05,0,1.0,0.8489872405522534
2645,S02,7,126,-0.5,0,1.0,0.37251078577984365
2646,S02,7,127,0.3,1,1.0,0.8790328388735504
2647,S02,7,128,-0.3,0,1.0,0.6190159414931842
2648,S02,7,129,-0.05,1,0.0,0.8401382134142382
2649,S02,7,130,-0.05,1,0.0,0.8965064185947583
2650,S02,7,131,0.3,1,1.0,0.86821994303551
2651,S02,7,132,-0.5,0,1.0,0.5869422333501875
2652,S02,7,133,0.15,1,1.0,0.6884620050268108
2653,S02,7,134,0.15,1,1.0,0.5054776237811119
2654,S02,7,135,0.05,0,0.0,0.4963644714991107
2655,S02,7,136,-0.5,0,1.0,0.583408794208603
2656,S02,7,137,-0.15,0,1.0,0.7918114551344623
2657,S02,7,138,-0.3,0,1.0,0.7531688271192316
2658,S02,7,139,0.0,0,,0.6133557051159073
2659,S02,7,140,0.05,1,1.0,0.644625952355786
2660,S02,7,141,-0.5,0,1.0,0.5802674259732205
2661,S02,7,142,0.05,1,1.0,0.6672237387114816
2662,S02,7,143,0.0,1,,1.655248277005135
2663,S02,7,144,0.05,1,1.0,0.6408078795790569
2664,S02,7,145,0.5,1,1.0,0.6298020273194247
2665,S02,7,146,0.3,1,1.0,0.8306190656794182
2666,S02,7,147,0.5,1,1.0,0.7291066293295744
2667,S02,7,148,-0.5,0,1.0,0.4864639421703414
2668,S02,7,149,0.15,1,1.0,0.8445502600970795
2669,S02,7,150,0.15,0,0.0,0.8118858465039418
2670,S02,7,151,0.15,1,1.0,0.8560169431772303
2671,S02,7,152,-0.15,0,1.0,0.7419673625030303
2672,S02,7,153,0.3,1,1.0,0.832564989943138
2673,S02,7,154,0.5,1,1.0,0.598572405654664
2674,S02,7,155,-0.3,0,1.0,0.4431877469007492
2675,S02,7,156,-0.05,0,1.0,0.809548949677301
2676,S02,7,157,0.3,1,1.0,0.7138466971814356
2677,S02,7,158,-0.5,0,1.0,0.7000901442431083
2678,S02,7,159,-0.05,0,1.0,0.7965319814228649
2679,S02,7,160,-0.5,0,1.0,0.9498635650244998
2680,S02,7,161,0.15,1,1.0,0.6954908861078798
2681,S02,7,162,-0.3,0,1.0,0.5571539688900314
2682,S02,7,163,-0.05,1,0.0,1.1481814143476867
2683,S02,7,164,0.3,1,1.0,0.6246022689676811
2684,S02,7,165,0.3,1,1.0,0.6595146715441224
2685,S02,7,166,0.3,1,1.0,0.7139385543454858
2686,S02,7,167,-0.3,0,1.0,0.6957875733511811
2687,S02,7,168,-0.3,0,1.0,0.7729743999275832
2688,S02,7,169,0.0,1,,0.9652911474996472
2689,S02,7,170,0.05,1,1.0,0.6380083041873534
2690,S02,7,171,-0.15,1,0.0,0.5165997060163997
2691,S02,7,172,-0.5,0,1.0,0.41504452102537825
2692,S02,7,173,0.05,1,1.0,1.104053413941542
2693,S02,7,174,-0.05,0,1.0,0.7159987987048131
2694,S02,7,175,0.15,1,1.0,0.9148583143555641
2695,S02,7,176,0.0,1,,0.9736701862272754
2696,S02,7,177,0.15,1,1.0,0.728480295048379
2697,S02,7,178,-0.15,1,0.0,0.5580190219408062
2698,S02,7,179,0.5,1,1.0,0.6982259901128568
2699,S02,7,180,0.5,1,1.0,0.5617467173191616
2700,S02,8,1,0.5,1,1.0,0.6618857662196707
2701,S02,8,2,-0.3,0,1.0,0.46217323890053313
2702,S02,8,3,-0.15,0,1.0,0.7120393858186614
2703,S02,8,4,-0.15,1,0.0,0.6259268066148389
2704,S02,8,5,-0.15,0,1.0,0.6662901907700541
2705,S02,8,6,-0.05,0,1.0,1.2367155259221632
2706,S02,8,7,-0.05,0,1.0,0.6427188814862106
2707,S02,8,8,0.3,1,1.0,0.4362134702409436
2708,S02,8,9,-0.15,0,1.0,0.6583747668356148
2709,S02,8,10,0.05,1,1.0,0.8783793785299939
2710,S02,8,11,0.3,1,1.0,0.9281050082605656
2711,S02,8,12,0.5,1,1.0,0.6345506731515222
2712,S02,8,13,0.5,1,1.0,0.8160174368677803
2713,S02,8,14,0.05,1,1.0,0.39312027806542066
2714,S02,8,15,0.5,1,1.0,0.5744475593775378
2715,S02,8,16,-0.5,0,1.0,0.5653494025190949
2716,S02,8,17,-0.3,0,1.0,0.4216977798031726
2717,S02,8,18,-0.05,0,1.0,0.62771692504281
2718,S02,8,19,-0.3,0,1.0,0.5491334149485668
2719,S02,8,20,-0.15,0,1.0,0.6898595224383438
2720,S02,8,21,0.3,1,1.0,0.5527601787623263
2721,S02,8,22,0.15,1,1.0,1.046868126501602
2722,S02,8,23,0.0,0,,0.9411335964281151
2723,S02,8,24,-0.05,0,1.0,0.49133887400312076
2724,S02,8,25,-0.15,0,1.0,0.6567258242174899
2725,S02,8,26,-0.3,0,1.0,0.4584054127381823
2726,S02,8,27,0.5,1,1.0,0.36112999529268786
2727,S02,8,28,0.05,1,1.0,0.7280567101856825
2728,S02,8,29,0.15,1,1.0,0.7151128758328632
2729,S02,8,30,0.5,1,1.0,0.7502217514502305
2730,S02,8,31,-0.15,0,1.0,0.8606277795344622
2731,S02,8,32,0.05,1,1.0,0.48813184426726486
2732,S02,8,33,0.3,1,1.0,0.4354708462365384
2733,S02,8,34,-0.15,1,0.0,0.5584826705993894
2734,S02,8,35,-0.15,0,1.0,0.46687265517285104
2735,S02,8,36,-0.5,0,1.0,0.26005152113609525
2736,S02,8,37,0.5,1,1.0,0.7101494394665575
2737,S02,8,38,0.15,1,1.0,0.7021086235019947
2738,S02,8,39,0.15,1,1.0,1.1108721634188055
2739,S02,8,40,0.15,1,1.0,0.5313559157580304
2740,S02,8,41,0.3,1,1.0,0.5812528705464401
2741,S02,8,42,0.15,1,1.0,0.5863974439759135
2742,S02,8,43,0.05,1,1.0,0.7990975812650446
2743,S02,8,44,0.5,1,1.0,0.4114543351895688
2744,S02,8,45,0.3,1,1.0,0.8323152932446002
2745,S02,8,46,0.15,0,0.0,0.46979267063323255
2746,S02,8,47,-0.5,0,1.0,0.4315987356698499
2747,S02,8,48,-0.05,1,0.0,0.5088136085301228
2748,S02,8,49,0.15,1,1.0,0.667802792520598
2749,S02,8,50,0.5,1,1.0,0.5743945935585278
2750,S02,8,51,-0.05,1,0.0,0.4816966925724053
2751,S02,8,52,-0.05,1,0.0,0.6731356929199894
2752,S02,8,53,0.15,1,1.0,0.9564630403716599
2753,S02,8,54,-0.15,0,1.0,1.0474544153299086
2754,S02,8,55,-0.15,0,1.0,0.8753275559261626
2755,S02,8,56,-0.3,0,1.0,0.32741455064249936
2756,S02,8,57,0.0,1,,0.7919042850739335
2757,S02,8,58,0.05,1,1.0,1.0570904524926446
2758,S02,8,59,0.0,0,,0.67436967276257
2759,S02,8,60,0.15,1,1.0,0.5000369447749529
2760,S02,8,61,-0.5,0,1.0,0.7498985347596934
2761,S02,8,62,0.15,0,0.0,1.01535210802235
2762,S02,8,63,0.05,1,1.0,0.7451073888818271
2763,S02,8,64,0.3,1,1.0,0.4527696023816361
2764,S02,8,65,-0.15,0,1.0,0.4386436747419433
2765,S02,8,66,0.5,1,1.0,0.5986882065598866
2766,S02,8,67,0.05,1,1.0,0.6255935911660243
2767,S02,8,68,-0.5,0,1.0,0.5324361718179187
2768,S02,8,69,0.3,1,1.0,0.6023514219807647
2769,S02,8,70,0.0,1,,0.6026170160539568
2770,S02,8,71,0.15,1,1.0,0.43294315736506506
2771,S02,8,72,-0.05,0,1.0,0.6592725372485927
2772,S02,8,73,0.3,1,1.0,0.6597115163478929
2773,S02,8,74,0.0,0,,0.8118018200108515
2774,S02,8,75,-0.15,0,1.0,0.5776945724674658
2775,S02,8,76,-0.5,0,1.0,0.7809535704272691
2776,S02,8,77,0.3,1,1.0,0.46415824102764236
2777,S02,8,78,-0.15,0,1.0,0.3426227606251487
2778,S02,8,79,-0.3,0,1.0,0.8416997705687095
2779,S02,8,80,0.15,1,1.0,0.7235261112643079
2780,S02,8,81,0.0,0,,0.6808547053168779
2781,S02,8,82,-0.05,1,0.0,0.8547369975694233
2782,S02,8,83,0.0,1,,0.7190620744379408
2783,S02,8,84,-0.05,0,1.0,0.49848406599641015
2784,S02,8,85,0.0,0,,0.5245561598455324
2785,S02,8,86,0.15,0,0.0,0.5043190097506123
2786,S02,8,87,0.15,1,1.0,0.643932865320048
2787,S02,8,88,0.3,1,1.0,0.540809020923444
2788,S02,8,89,-0.5,0,1.0,0.7162510204185553
2789,S02,8,90,0.5,1,1.0,0.4579495165564847
2790,S02,8,91,-0.15,0,1.0,0.5816075896088023
2791,S02,8,92,0.3,1,1.0,0.5073363517415125
2792,S02,8,93,-0.05,0,1.0,0.5845713631568862
2793,S02,8,94,-0.5,0,1.0,0.4289192645395245
2794,S02,8,95,-0.05,0,1.0,0.5165262036464411
2795,S02,8,96,-0.3,0,1.0,0.6615623217002472
2796,S02,8,97,-0.5,0,1.0,0.5197028436407524
2797,S02,8,98,-0.5,0,1.0,0.5136441516794532
2798,S02,8,99,-0.5,0,1.0,0.3445759150072015
2799,S02,8,100,0.0,1,,0.8577297472722983
2800,S02,8,101,0.5,1,1.0,0.6238110107841286
2801,S02,8,102,-0.05,0,1.0,1.162262167551475
2802,S02,8,103,0.05,1,1.0,0.8434246431622613
2803,S02,8,104,-0.3,0,1.0,1.056521438207653
2804,S02,8,105,-0.15,0,1.0,0.5741007840400213
2805,S02,8,106,-0.5,0,1.0,0.8616997199218522
2806,S02,8,107,-0.5,0,1.0,0.6196253907633547
2807,S02,8,108,0.3,1,1.0,0.6954982554399478
2808,S02,8,109,0.5,1,1.0,0.5100076281275048
2809,S02,8,110,-0.3,0,1.0,0.5602340048638308
2810,S02,8,111,0.05,1,1.0,0.6233446253149721
2811,S02,8,112,0.15,1,1.0,1.126097421375358
2812,S02,8,113,-0.3,0,1.0,0.5896171749240368
2813,S02,8,114,-0.5,0,1.0,0.622981571237633
2814,S02,8,115,-0.3,0,1.0,0.7748074156059136
2815,S02,8,116,0.5,1,1.0,0.6613367677374695
2816,S02,8,117,0.0,0,,0.8041940810930377
2817,S02,8,118,0.05,0,0.0,1.1765317495560748
2818,S02,8,119,0.5,1,1.0,0.6082529522590794
2819,S02,8,120,-0.3,0,1.0,0.5254461572195427
2820,S02,8,121,0.0,0,,0.6887438337896553
2821,S02,8,122,0.15,0,0.0,0.4509352080109183
2822,S02,8,123,0.05,1,1.0,0.8051863563557614
2823,S02,8,124,-0.5,0,1.0,0.6387506478533708
2824,S02,8,125,0.0,1,,0.9283567876616228
2825,S02,8,126,0.5,1,1.0,0.6196289168372057
2826,S02,8,127,0.5,1,1.0,0.5104999131059613
2827,S02,8,128,0.0,0,,0.7607446235511226
2828,S02,8,129,0.3,1,1.0,0.6271696163386425
2829,S02,8,130,0.3,0,0.0,0.8363831658210715
2830,S02,8,131,-0.05,0,1.0,0.4349457052477723
2831,S02,8,132,-0.05,0,1.0,0.6479648594088243
2832,S02,8,133,0.0,0,,0.5720721752692718
2833,S02,8,134,0.05,1,1.0,1.3449652763526205
2834,S02,8,135,0.5,1,1.0,0.7628250760940226
2835,S02,8,136,-0.15,0,1.0,0.6156796731857673
2836,S02,8,137,-0.05,0,1.0,0.5031450532932092
2837,S02,8,138,0.05,1,1.0,0.53720767932741
2838,S02,8,139,-0.5,0,1.0,0.7139312180300833
2839,S02,8,140,-0.5,0,1.0,0.34672973179204003
2840,S02,8,141,0.0,0,,0.7642500952170158
2841,S02,8,142,-0.5,0,1.0,0.676680784125566
2842,S02,8,143,0.3,1,1.0,0.44470746264549943
2843,S02,8,144,0.05,1,1.0,0.7395342683343287
2844,S02,8,145,0.3,1,1.0,0.5586837267957188
2845,S02,8,146,0.5,1,1.0,0.4620777665464048
2846,S02,8,147,0.05,1,1.0,0.6064386415959003
2847,S02,8,148,-0.3,0,1.0,0.809773621591241
2848,S02,8,149,-0.05,1,0.0,1.1223538338528076
2849,S02,8,150,-0.3,0,1.0,0.5823888032799966
2850,S02,8,151,0.0,1,,0.8454088305732903
2851,S02,8,152,-0.3,0,1.0,0.6317328507694961
2852,S02,8,153,0.0,0,,0.4617091476774665
2853,S02,8,154,0.0,0,,0.6993198069830614
2854,S02,8,155,-0.3,1,0.0,0.36276889640921095
2855,S02,8,156,0.05,1,1.0,0.6433445701326657
2856,S02,8,157,0.3,1,1.0,0.6226914366653238
2857,S02,8,158,-0.15,1,0.0,0.8518639656050891
2858,S02,8,159,-0.05,1,0.0,0.7987950963744791
2859,S02,8,160,0.15,1,1.0,0.9037761082695275
2860,S02,8,161,-0.15,1,0.0,0.545473400149671
2861,S02,8,162,0.0,1,,1.1062729573898342
2862,S02,8,163,0.3,1,1.0,0.9528490012931157
2863,S02,8,164,-0.3,0,1.0,0.3585085797353698
2864,S02,8,165,0.05,0,0.0,0.46983944693210267
2865,S02,8,166,0.05,0,0.0,0.7288277652775397
2866,S02,8,167,-0.5,0,1.0,0.45867899217967323
2867,S02,8,168,0.15,1,1.0,0.616980191238805
2868,S02,8,169,-0.3,0,1.0,0.6761040059318413
2869,S02,8,170,0.15,1,1.0,0.9152496273351016
2870,S02,8,171,-0.05,0,1.0,0.5726596980667313
2871,S02,8,172,0.3,1,1.0,0.8709348137587208
2872,S02,8,173,0.5,1,1.0,0.4391507307168307
2873,S02,8,174,0.0,1,,1.456584478747292
2874,S02,8,175,-0.5,0,1.0,0.7831697708338096
2875,S02,8,176,-0.3,0,1.0,0.5260641456214963
2876,S02,8,177,-0.3,0,1.0,0.42938402931999664
2877,S02,8,178,0.05,1,1.0,0.6160633154527424
2878,S02,8,179,-0.15,0,1.0,0.5576850214484006
2879,S02,8,180,-0.05,0,1.0,0.8720760729231476
2880,S03,1,1,-0.15,1,0.0,0.5801996912661257
2881,S03,1,2,-0.15,0,1.0,0.8338586317074125
2882,S03,1,3,0.3,0,0.0,0.36858819665703346
2883,S03,1,4,0.3,0,0.0,0.5373959755962925
2884,S03,1,5,0.5,1,1.0,0.8490961719099009
2885,S03,1,6,0.05,1,1.0,0.9181259403916746
2886,S03,1,7,-0.5,0,1.0,0.8862385001665002
2887,S03,1,8,0.15,1,1.0,0.7112134647447134
2888,S03,1,9,-0.15,0,1.0,0.6832694734439227
2889,S03,1,10,0.15,0,0.0,0.647896663320043
2890,S03,1,11,-0.15,0,1.0,1.1364485402065145
2891,S03,1,12,-0.05,0,1.0,0.8328373357532634
2892,S03,1,13,-0.3,1,0.0,0.5198442581198888
2893,S03,1,14,0.5,1,1.0,0.8239944634601025
2894,S03,1,15,-0.05,1,0.0,0.7016501613102492
2895,S03,1,16,0.3,1,1.0,0.39932817276010835
2896,S03,1,17,-0.05,0,1.0,0.6249026049988327
2897,S03,1,18,-0.3,0,1.0,0.8401827789178168
2898,S03,1,19,0.0,0,,0.818173248382666
2899,S03,1,20,0.3,0,0.0,0.7686641733550588
2900,S03,1,21,0.15,0,0.0,0.9370365565813931
2901,S03,1,22,-0.15,1,0.0,0.4909864663423234
2902,S03,1,23,-0.15,0,1.0,0.6051529596648793
2903,S03,1,24,-0.5,0,1.0,0.6268454747751111
2904,S03,1,25,-0.15,1,0.0,0.8932378293261587
2905,S03,1,26,0.05,0,0.0,0.5865273886024548
2906,S03,1,27,0.0,1,,0.6928414168554795
2907,S03,1,28,-0.5,0,1.0,0.61835697627178
2908,S03,1,29,-0.15,1,0.0,0.5992905788376542
2909,S03,1,30,-0.05,1,0.0,0.727908950216382
2910,S03,1,31,-0.05,1,0.0,0.7065225510093501
2911,S03,1,32,0.3,1,1.0,0.5963934270831753
2912,S03,1,33,0.5,1,1.0,0.7310212558414072
2913,S03,1,34,0.15,1,1.0,0.7985763212791163
2914,S03,1,35,-0.5,0,1.0,0.7385898603714642
2915,S03,1,36,0.0,1,,0.9045547002109302
2916,S03,1,37,-0.3,0,1.0,0.9432416554570718
2917,S03,1,38,-0.05,1,0.0,0.5329924175530383
2918,S03,1,39,-0.15,0,1.0,0.5254029560788495
2919,S03,1,40,0.5,1,1.0,0.7165820939423898
2920,S03,1,41,0.15,1,1.0,0.641141446066335
2921,S03,1,42,-0.5,1,0.0,0.5480460759337796
2922,S03,1,43,-0.05,0,1.0,0.6273187800308309
2923,S03,1,44,0.3,1,1.0,0.8041966483075398
2924,S03,1,45,-0.05,0,1.0,1.1549314837340305
2925,S03,1,46,-0.3,0,1.0,0.8130797599204914
2926,S03,1,47,0.0,0,,0.6687292859471818
2927,S03,1,48,0.15,1,1.0,0.8387230435631952
2928,S03,1,49,0.3,1,1.0,0.49491125749871084
2929,S03,1,50,-0.3,1,0.0,0.38633238106623585
2930,S03,1,51,-0.15,1,0.0,0.6726182481187769
2931,S03,1,52,-0.15,0,1.0,0.49110709035811484
2932,S03,1,53,0.5,1,1.0,0.5626178869787561
2933,S03,1,54,-0.3,0,1.0,0.6927274470203079
2934,S03,1,55,-0.5,1,0.0,1.0297449353548824
2935,S03,1,56,-0.5,0,1.0,0.7988236720507121
2936,S03,1,57,-0.05,1,0.0,0.5101872927148515
2937,S03,1,58,0.0,0,,0.5277245323861923
2938,S03,1,59,0.5,1,1.0,0.5263949267567425
2939,S03,1,60,0.15,0,0.0,1.0438858717628001
2940,S03,1,61,0.3,0,0.0,0.4708014448114697
2941,S03,1,62,0.5,1,1.0,0.5324326922040984
2942,S03,1,63,-0.3,0,1.0,0.5744229302238462
2943,S03,1,64,0.0,1,,0.8091110554573333
2944,S03,1,65,-0.3,1,0.0,0.7993341855574982
2945,S03,1,66,0.3,1,1.0,0.7582463778831654
2946,S03,1,67,0.05,0,0.0,0.7707709892977026
2947,S03,1,68,0.05,0,0.0,0.5366258978057158
2948,S03,1,69,0.0,0,,0.7569910423992964
2949,S03,1,70,-0.5,0,1.0,0.8278734046213605
2950,S03,1,71,0.3,1,1.0,0.9691318592135456
2951,S03,1,72,0.3,1,1.0,0.7238373338528031
2952,S03,1,73,-0.3,1,0.0,0.4677606110118907
2953,S03,1,74,0.0,1,,0.8073175506068262
2954,S03,1,75,0.5,1,1.0,0.5983550734672503
2955,S03,1,76,-0.05,1,0.0,0.5253688526653912
2956,S03,1,77,0.0,1,,0.589759773307524
2957,S03,1,78,0.05,1,1.0,0.6005026208651898
2958,S03,1,79,0.3,1,1.0,0.7745316375209773
2959,S03,1,80,-0.5,0,1.0,0.8871720922917926
2960,S03,1,81,0.3,1,1.0,0.7470259153179766
2961,S03,1,82,0.05,0,0.0,0.8525096692803891
2962,S03,1,83,0.5,1,1.0,0.6072063861854281
2963,S03,1,84,-0.15,1,0.0,0.6228021139982636
2964,S03,1,85,0.15,1,1.0,0.7934456678600631
2965,S03,1,86,-0.05,0,1.0,0.7730194602469015
2966,S03,1,87,0.05,0,0.0,0.6112853121035936
2967,S03,1,88,-0.5,0,1.0,0.6454419977137482
2968,S03,1,89,0.05,1,1.0,0.7264568195840843
2969,S03,1,90,0.3,1,1.0,0.622546780055165
2970,S03,1,91,0.5,1,1.0,0.5424470749807401
2971,S03,1,92,0.5,1,1.0,0.6700816818571447
2972,S03,1,93,-0.3,0,1.0,0.5935199062236566
2973,S03,1,94,0.5,1,1.0,0.9791258667222225
2974,S03,1,95,-0.3,0,1.0,0.7413075574191518
2975,S03,1,96,-0.05,1,0.0,0.7936627280449878
2976,S03,1,97,0.15,0,0.0,0.676472200361444
2977,S03,1,98,0.05,1,1.0,0.6678446498459851
2978,S03,1,99,-0.05,0,1.0,0.48939192013726646
2979,S03,1,100,-0.05,0,1.0,0.6192991367874
2980,S03,1,101,0.0,0,,0.5176458888703394
2981,S03,1,102,-0.5,0,1.0,0.43031028294396606
2982,S03,1,103,0.0,1,,0.5726312553086332
2983,S03,1,104,0.05,1,1.0,0.9508032472612538
2984,S03,1,105,-0.5,0,1.0,0.8047859488606756
2985,S03,1,106,0.5,1,1.0,0.5272775837033808
2986,S03,1,107,0.05,0,0.0,0.5342451648752556
2987,S03,1,108,0.3,1,1.0,0.6055749841116747
2988,S03,1,109,-0.5,0,1.0,0.7154666738929331
2989,S03,1,110,-0.15,0,1.0,0.8714329774688004
2990,S03,1,111,0.15,1,1.0,0.7334874725520694
2991,S03,1,112,0.0,1,,0.8018337588445379
2992,S03,1,113,0.15,0,0.0,0.7452053318205445
2993,S03,1,114,0.0,0,,0.5243122947226513
2994,S03,1,115,0.3,0,0.0,0.49783388754084823
2995,S03,1,116,-0.3,1,0.0,0.9686829153127583
2996,S03,1,117,-0.15,1,0.0,0.7327285887842245
2997,S03,1,118,0.5,1,1.0,0.3965700136770444
2998,S03,1,119,-0.5,0,1.0,0.6771854027845415
2999,S03,1,120,-0.5,1,0.0,0.5041398860562387
3000,S03,1,121,0.15,0,0.0,0.8884152257266223
3001,S03,1,122,0.05,1,1.0,0.8954707601642631
3002,S03,1,123,-0.3,0,1.0,0.7627265434436191
3003,S03,1,124,0.0,0,,0.7693546117053152
3004,S03,1,125,0.3,0,0.0,0.8912981776997665
3005,S03,1,126,0.15,0,0.0,0.9652245111263323
3006,S03,1,127,0.05,0,0.0,0.5979073444494862
3007,S03,1,128,0.3,1,1.0,0.7608013422132628
3008,S03,1,129,0.15,0,0.0,0.6197900883003934
3009,S03,1,130,-0.5,0,1.0,0.49225185041628894
3010,S03,1,131,-0.15,1,0.0,0.9650066437749547
3011,S03,1,132,-0.05,1,0.0,0.8619018319400416
3012,S03,1,133,-0.3,0,1.0,0.7049489012441333
3013,S03,1,134,0.05,0,0.0,0.6092151798056386
3014,S03,1,135,0.5,1,1.0,0.8529722435253249
3015,S03,1,136,0.0,0,,1.2942771046421258
3016,S03,1,137,0.15,0,0.0,0.5730847658990339
3017,S03,1,138,0.15,1,1.0,0.5476775021145446
3018,S03,1,139,0.05,1,1.0,0.7269253924083743
3019,S03,1,140,0.05,1,1.0,0.8442131762338666
3020,S03,1,141,-0.15,0,1.0,0.6521307763283373
3021,S03,1,142,0.05,1,1.0,1.7881688342930588
3022,S03,1,143,0.0,0,,0.7666275515196953
3023,S03,1,144,-0.05,1,0.0,0.6409940467039493
3024,S03,1,145,-0.5,0,1.0,0.5556505541200033
3025,S03,1,146,-0.15,0,1.0,1.0535739749383342
3026,S03,1,147,-0.3,0,1.0,0.6518206798863092
3027,S03,1,148,-0.5,0,1.0,0.8388001947250666
3028,S03,1,149,0.0,1,,0.5129832086187976
3029,S03,1,150,-0.3,0,1.0,0.8458683741614654
3030,S03,1,151,-0.15,0,1.0,0.5942962253161033
3031,S03,1,152,0.05,0,0.0,0.8668435309566155
3032,S03,1,153,0.3,1,1.0,0.5620784733482467
3033,S03,1,154,-0.3,0,1.0,0.6089168778025884
3034,S03,1,155,0.05,0,0.0,0.5775139766645174
3035,S03,1,156,0.5,1,1.0,0.7379756757743131
3036,S03,1,157,0.15,1,1.0,0.8728119914256369
3037,S03,1,158,0.5,1,1.0,0.5247009510186629
3038,S03,1,159,-0.3,1,0.0,0.4828286181279156
3039,S03,1,160,-0.15,1,0.0,0.9526913200624333
3040,S03,1,161,-0.3,1,0.0,0.5802128605325158
3041,S03,1,162,-0.3,0,1.0,0.644516498401675
3042,S03,1,163,0.15,1,1.0,0.5766337016477242
3043,S03,1,164,0.15,1,1.0,0.8219147812792233
3044,S03,1,165,-0.05,1,0.0,0.8557796407578421
3045,S03,1,166,0.3,1,1.0,0.9409478016315661
3046,S03,1,167,-0.05,0,1.0,0.9309019175750741
3047,S03,1,168,0.5,1,1.0,0.7753666807178853
3048,S03,1,169,-0.05,1,0.0,0.718009146374025
3049,S03,1,170,-0.15,1,0.0,0.6752985732521449
3050,S03,1,171,0.5,1,1.0,0.7186074009326016
3051,S03,1,172,0.05,0,0.0,0.7093424643222188
3052,S03,1,173,0.0,1,,0.9547544078418326
3053,S03,1,174,-0.5,0,1.0,0.4995244774982899
3054,S03,1,175,-0.5,0,1.0,0.42590900520197783
3055,S03,1,176,0.0,1,,0.8385187759906069
3056,S03,1,177,0.15,1,1.0,0.6279102128417494
3057,S03,1,178,-0.05,0,1.0,0.5718702796974221
3058,S03,1,179,0.0,1,,1.2133604273360357
3059,S03,1,180,0.5,1,1.0,0.6206784274841425
3060,S03,2,1,0.0,1,,0.6302609128399066
3061,S03,2,2,-0.5,0,1.0,0.6467815019578161
3062,S03,2,3,-0.3,0,1.0,0.6061850437701607
3063,S03,2,4,0.0,0,,0.6171248373645473
3064,S03,2,5,-0.5,0,1.0,0.7228496480758272
3065,S03,2,6,-0.05,1,0.0,0.7685181231127489
3066,S03,2,7,-0.05,1,0.0,0.4989564340825024
3067,S03,2,8,-0.15,1,0.0,0.4788265428336085
3068,S03,2,9,0.05,1,1.0,0.6068442992302874
3069,S03,2,10,-0.05,0,1.0,0.5103581948554832
3070,S03,2,11,-0.15,0,1.0,0.801304004606049
3071,S03,2,12,-0.05,1,0.0,0.5936427170866654
3072,S03,2,13,0.3,1,1.0,0.6845282231208594
3073,S03,2,14,0.0,1,,1.0765316308538393
3074,S03,2,15,0.15,0,0.0,0.7617614281092574
3075,S03,2,16,-0.5,0,1.0,0.3762975780758638
3076,S03,2,17,-0.15,1,0.0,0.5770736770648958
3077,S03,2,18,-0.05,1,0.0,0.6441098692610094
3078,S03,2,19,-0.15,0,1.0,0.6886133775315558
3079,S03,2,20,0.15,1,1.0,0.7903507876002613
3080,S03,2,21,0.3,1,1.0,1.0095289531077254
3081,S03,2,22,-0.3,0,1.0,0.8821902654534588
3082,S03,2,23,0.0,0,,0.6782457331701878
3083,S03,2,24,-0.15,0,1.0,0.6397979893153674
3084,S03,2,25,0.3,1,1.0,0.8574116618609304
3085,S03,2,26,0.3,1,1.0,0.6117472706232929
3086,S03,2,27,-0.15,1,0.0,0.5744121474667052
3087,S03,2,28,0.05,0,0.0,0.83528434393241
3088,S03,2,29,0.05,0,0.0,0.7226732635620291
3089,S03,2,30,0.05,0,0.0,0.4957043364205731
3090,S03,2,31,0.15,0,0.0,0.6072104582626167
3091,S03,2,32,-0.5,0,1.0,0.42824046596920967
3092,S03,2,33,0.5,1,1.0,0.33471410429495
3093,S03,2,34,-0.15,0,1.0,0.9705992309731145
3094,S03,2,35,0.15,1,1.0,0.6669473315494723
3095,S03,2,36,0.0,0,,0.6470680946927638
3096,S03,2,37,0.5,1,1.0,0.5054213556191688
3097,S03,2,38,0.3,1,1.0,0.6142533795522658
3098,S03,2,39,0.0,1,,0.615446422840513
3099,S03,2,40,-0.15,0,1.0,0.5271029731623221
3100,S03,2,41,0.3,1,1.0,0.5552766584763165
3101,S03,2,42,0.0,0,,0.9369051632616507
3102,S03,2,43,0.15,1,1.0,0.8000452345817772
3103,S03,2,44,-0.5,0,1.0,0.5103405103633951
3104,S03,2,45,0.15,1,1.0,0.9976914536988573
3105,S03,2,46,0.05,1,1.0,0.6642696997593417
3106,S03,2,47,0.5,1,1.0,0.476207433585892
3107,S03,2,48,-0.5,0,1.0,0.6088309299397544
3108,S03,2,49,-0.05,0,1.0,0.9574982712428813
3109,S03,2,50,0.3,1,1.0,0.8249509099073945
3110,S03,2,51,-0.15,1,0.0,0.5552373744275111
3111,S03,2,52,0.3,1,1.0,0.47733147413090726
3112,S03,2,53,-0.5,0,1.0,0.5199147461910417
3113,S03,2,54,-0.15,0,1.0,0.7292496760841347
3114,S03,2,55,0.05,0,0.0,0.8038115876610367
3115,S03,2,56,-0.3,0,1.0,0.7948989996430427
3116,S03,2,57,0.5,1,1.0,0.5845653437556874
3117,S03,2,58,-0.05,0,1.0,0.7058185076960966
3118,S03,2,59,0.5,1,1.0,0.5798366057226676
3119,S03,2,60,0.3,1,1.0,0.7690441830385951
3120,S03,2,61,-0.05,1,0.0,0.8071810140247812
3121,S03,2,62,0.5,1,1.0,0.4774372833311443
3122,S03,2,63,0.5,1,1.0,0.6537572829773395
3123,S03,2,64,0.3,1,1.0,0.756897836462062
3124,S03,2,65,0.5,1,1.0,0.7088955420860569
3125,S03,2,66,-0.05,0,1.0,0.72285518850971
3126,S03,2,67,0.3,0,0.0,0.6482963483446197
3127,S03,2,68,-0.5,0,1.0,0.5592690327375517
3128,S03,2,69,0.5,1,1.0,0.5717816856505357
3129,S03,2,70,-0.15,0,1.0,0.9547616049376279
3130,S03,2,71,0.15,1,1.0,0.6649954202549383
3131,S03,2,72,0.15,1,1.0,0.559979291551539
3132,S03,2,73,0.3,1,1.0,0.6593677080154154
3133,S03,2,74,0.3,0,0.0,0.7263575899687018
3134,S03,2,75,-0.3,0,1.0,0.7636809102309873
3135,S03,2,76,0.05,1,1.0,0.5460531485715686
3136,S03,2,77,0.05,1,1.0,0.9361500657148533
3137,S03,2,78,0.05,0,0.0,0.7929728653896552
3138,S03,2,79,0.3,0,0.0,0.8373848134216665
3139,S03,2,80,-0.3,0,1.0,0.459952132079694
3140,S03,2,81,-0.05,0,1.0,0.8577382016525137
3141,S03,2,82,-0.5,0,1.0,0.45125857732513297
3142,S03,2,83,0.05,1,1.0,0.6381907389413201
3143,S03,2,84,0.0,0,,0.8137553796778981
3144,S03,2,85,0.05,0,0.0,0.5307603773195129
3145,S03,2,86,0.05,0,0.0,0.6033570129480677
3146,S03,2,87,0.0,1,,0.5141826143833524
3147,S03,2,88,0.3,0,0.0,0.7209020394483661
3148,S03,2,89,0.0,0,,0.5809539802008589
3149,S03,2,90,-0.15,0,1.0,0.6557498081622106
3150,S03,2,91,-0.15,1,0.0,0.7144048691773021
3151,S03,2,92,0.15,1,1.0,0.6977303372529557
3152,S03,2,93,0.5,1,1.0,0.5921084818802609
3153,S03,2,94,0.0,1,,0.7225700525066671
3154,S03,2,95,-0.5,0,1.0,0.42638046346933317
3155,S03,2,96,0.05,1,1.0,0.6455228545960758
3156,S03,2,97,0.0,0,,0.7211489998055396
3157,S03,2,98,0.3,0,0.0,0.6275768712059406
3158,S03,2,99,0.0,0,,0.6733236055757057
3159,S03,2,100,-0.3,0,1.0,0.5316543648872949
3160,S03,2,101,-0.3,0,1.0,0.6545092741228027
3161,S03,2,102,-0.3,0,1.0,0.6813156098736267
3162,S03,2,103,-0.05,0,1.0,0.6195463517267868
3163,S03,2,104,-0.05,0,1.0,0.8425858350450339
3164,S03,2,105,0.5,1,1.0,0.7851749656953728
3165,S03,2,106,0.05,1,1.0,0.6837467075413951
3166,S03,2,107,0.0,0,,0.5854253570676298
3167,S03,2,108,-0.5,0,1.0,0.44171390316718406
3168,S03,2,109,0.5,1,1.0,0.5307651983556133
3169,S03,2,110,0.0,1,,0.685329096679583
3170,S03,2,111,-0.05,0,1.0,0.5241760823013747
3171,S03,2,112,-0.3,0,1.0,0.5739855284550855
3172,S03,2,113,-0.05,0,1.0,0.8319079912062254
3173,S03,2,114,-0.05,0,1.0,0.43833288494598815
3174,S03,2,115,-0.5,0,1.0,0.5780763856093294
3175,S03,2,116,0.05,0,0.0,0.6026160368728276
3176,S03,2,117,0.05,1,1.0,0.6773884310457874
3177,S03,2,118,-0.5,0,1.0,0.7961548820303523
3178,S03,2,119,0.15,1,1.0,0.645877967459674
3179,S03,2,120,-0.5,0,1.0,0.5422411254573298
3180,S03,2,121,-0.15,0,1.0,0.7533269949648859
3181,S03,2,122,-0.5,0,1.0,0.6031978375346112
3182,S03,2,123,-0.3,0,1.0,0.6297276272314273
3183,S03,2,124,0.05,0,0.0,0.7288504359015213
3184,S03,2,125,-0.05,1,0.0,0.885546023917833
3185,S03,2,126,0.15,1,1.0,0.7888639480438386
3186,S03,2,127,0.15,0,0.0,0.617079978640841
3187,S03,2,128,0.5,1,1.0,0.7850401130225065
3188,S03,2,129,-0.15,0,1.0,0.587526814325162
3189,S03,2,130,-0.3,1,0.0,0.6291636006837665
3190,S03,2,131,-0.3,0,1.0,0.6446596184769599
3191,S03,2,132,0.15,1,1.0,0.6110038859709092
3192,S03,2,133,-0.3,0,1.0,0.8304144433258477
3193,S03,2,134,-0.3,0,1.0,0.5700218668115957
3194,S03,2,135,0.0,1,,0.6715641871293891
3195,S03,2,136,-0.15,0,1.0,0.8159969264125047
3196,S03,2,137,0.0,1,,0.6258990145290407
3197,S03,2,138,0.5,1,1.0,0.43384771186784715
3198,S03,2,139,0.15,0,0.0,0.6715763200166307
3199,S03,2,140,-0.3,0,1.0,0.49795071398623403
3200,S03,2,141,0.0,0,,0.5466455142742641
3201,S03,2,142,-0.05,1,0.0,0.4400875954605342
3202,S03,2,143,0.5,1,1.0,0.37566992273893823
3203,S03,2,144,-0.15,0,1.0,0.43953174021744845
3204,S03,2,145,-0.3,0,1.0,0.8835157583466344
3205,S03,2,146,0.5,1,1.0,0.3804133284670101
3206,S03,2,147,0.5,1,1.0,0.45531266014007327
3207,S03,2,148,-0.5,0,1.0,0.5520257221791055
3208,S03,2,149,0.15,0,0.0,0.7456350465672619
3209,S03,2,150,0.0,1,,0.8069145517389844
3210,S03,2,151,0.3,1,1.0,0.5219468531202186
3211,S03,2,152,0.3,1,1.0,0.6266852347211993
3212,S03,2,153,0.15,1,1.0,0.6334541831972351
3213,S03,2,154,0.15,1,1.0,0.656708940555301
3214,S03,2,155,-0.3,0,1.0,0.6365523556489712
3215,S03,2,156,0.05,1,1.0,0.7411766808129173
3216,S03,2,157,0.5,1,1.0,0.5008127793585675
3217,S03,2,158,-0.3,1,0.0,0.7953905789446915
3218,S03,2,159,-0.5,1,0.0,0.841842141687086
3219,S03,2,160,-0.15,1,0.0,0.6056674663054545
3220,S03,2,161,0.0,0,,1.1181761938981156
3221,S03,2,162,-0.5,0,1.0,0.5069300262962961
3222,S03,2,163,-0.5,0,1.0,0.5780097002924686
3223,S03,2,164,0.15,1,1.0,0.634651619377093
3224,S03,2,165,-0.15,1,0.0,0.6617490982124447
3225,S03,2,166,0.15,0,0.0,0.8212244431685464
3226,S03,2,167,0.15,0,0.0,0.627043264690306
3227,S03,2,168,-0.3,1,0.0,0.48341171990503307
3228,S03,2,169,-0.05,0,1.0,0.5981907811852821
3229,S03,2,170,0.5,1,1.0,0.5433363319820917
3230,S03,2,171,0.05,1,1.0,0.7060426377219644
3231,S03,2,172,-0.05,1,0.0,0.5754389920395544
3232,S03,2,173,0.3,1,1.0,0.533649169031027
3233,S03,2,174,0.5,1,1.0,0.5936133939988701
3234,S03,2,175,-0.5,0,1.0,0.5980778740812293
3235,S03,2,176,-0.05,1,0.0,0.8234657355411148
3236,S03,2,177,0.05,0,0.0,0.5967018996203598
3237,S03,2,178,-0.15,1,0.0,0.7293557567531049
3238,S03,2,179,0.3,1,1.0,0.5984668985390158
3239,S03,2,180,-0.3,0,1.0,0.5571349606930724
3240,S03,3,1,0.3,1,1.0,0.5548340867086148
3241,S03,3,2,0.0,1,,0.4527951021373081
3242,S03,3,3,0.5,1,1.0,0.6073916177987836
3243,S03,3,4,-0.15,1,0.0,0.6598367770233322
3244,S03,3,5,0.3,1,1.0,0.5719810217448938
3245,S03,3,6,0.5,1,1.0,0.5489717395092042
3246,S03,3,7,-0.3,0,1.0,0.5403105949033988
3247,S03,3,8,0.0,1,,0.9399015634623439
3248,S03,3,9,0.15,1,1.0,0.4576389311320144
3249,S03,3,10,-0.5,0,1.0,0.37565641160756386
3250,S03,3,11,-0.05,0,1.0,0.8030992300750767
3251,S03,3,12,0.0,0,,0.6795656208387061
3252,S03,3,13,0.05,0,0.0,0.8389419021762011
3253,S03,3,14,-0.5,0,1.0,0.5862168397725379
3254,S03,3,15,0.0,0,,0.7756337171265879
3255,S03,3,16,-0.3,0,1.0,0.556352151425139
3256,S03,3,17,-0.5,0,1.0,0.6803103594645707
3257,S03,3,18,0.05,0,0.0,0.5449983912962031
3258,S03,3,19,0.05,1,1.0,0.6942660132991745
3259,S03,3,20,-0.15,1,0.0,0.5506244661618876
3260,S03,3,21,-0.3,1,0.0,0.636638927060799
3261,S03,3,22,0.05,1,1.0,0.946342365974588
3262,S03,3,23,-0.05,0,1.0,0.6302993730873451
3263,S03,3,24,-0.15,1,0.0,0.5946996702994183
3264,S03,3,25,0.3,1,1.0,0.6839388827080539
3265,S03,3,26,0.5,1,1.0,0.49882979140363115
3266,S03,3,27,-0.15,1,0.0,0.7303298179730371
3267,S03,3,28,0.05,1,1.0,0.6722073473599851
3268,S03,3,29,-0.5,0,1.0,0.3582101726894017
3269,S03,3,30,0.3,1,1.0,0.40143593680794654
3270,S03,3,31,0.0,0,,0.5072311864903625
3271,S03,3,32,-0.05,1,0.0,0.4982406946222287
3272,S03,3,33,0.15,1,1.0,0.6360715756646899
3273,S03,3,34,0.5,1,1.0,0.3807743853966001
3274,S03,3,35,0.5,1,1.0,0.34209565535702696
3275,S03,3,36,-0.05,0,1.0,0.5662874974219536
3276,S03,3,37,0.05,0,0.0,0.8546166069562386
3277,S03,3,38,-0.05,1,0.0,0.6213718411820539
3278,S03,3,39,-0.15,1,0.0,0.6731453576053058
3279,S03,3,40,0.0,1,,0.8594965590756726
3280,S03,3,41,0.05,0,0.0,0.49470385289786134
3281,S03,3,42,0.3,1,1.0,0.8878305215491614
3282,S03,3,43,-0.15,0,1.0,0.4798380043573846
3283,S03,3,44,0.15,1,1.0,0.5617846505318158
3284,S03,3,45,-0.5,0,1.0,0.7420182548139677
3285,S03,3,46,-0.5,0,1.0,0.4874676501443777
3286,S03,3,47,0.5,1,1.0,0.8318479151072453
3287,S03,3,48,-0.5,0,1.0,0.7209951132077546
3288,S03,3,49,0.0,1,,0.58424159545399
3289,S03,3,50,0.05,1,1.0,0.8834539712870522
3290,S03,3,51,0.5,1,1.0,0.3508289107863306
3291,S03,3,52,0.0,0,,0.6379409183912769
3292,S03,3,53,-0.05,0,1.0,0.6807764980245925
3293,S03,3,54,-0.15,1,0.0,0.5574392050709491
3294,S03,3,55,-0.05,0,1.0,0.5757628381561407
3295,S03,3,56,0.15,1,1.0,0.6425970882795092
3296,S03,3,57,0.15,1,1.0,0.8731200079665494
3297,S03,3,58,0.5,1,1.0,0.7868393137982138
3298,S03,3,59,0.0,0,,0.5806679855037564
3299,S03,3,60,0.15,0,0.0,0.5439190787197165
3300,S03,3,61,0.0,1,,0.7676419104686605
3301,S03,3,62,0.5,1,1.0,0.619991033833347
3302,S03,3,63,-0.3,0,1.0,0.7670816680210029
3303,S03,3,64,0.3,1,1.0,0.7722720934434737
3304,S03,3,65,0.05,1,1.0,0.5315846464204981
3305,S03,3,66,0.3,1,1.0,0.41466404718248406
3306,S03,3,67,0.3,1,1.0,0.6569907057292964
3307,S03,3,68,-0.5,0,1.0,0.5527585964815027
3308,S03,3,69,0.05,1,1.0,0.41429294270108885
3309,S03,3,70,-0.3,0,1.0,0.38416539859899546
3310,S03,3,71,0.0,1,,0.46615679143602506
3311,S03,3,72,-0.15,0,1.0,0.6916355612519721
3312,S03,3,73,-0.3,1,0.0,0.560241936071865
3313,S03,3,74,0.0,1,,0.7374706777242711
3314,S03,3,75,0.15,1,1.0,0.48548015910973275
3315,S03,3,76,-0.05,1,0.0,0.7354856039339306
3316,S03,3,77,0.3,1,1.0,0.6214132479419737
3317,S03,3,78,0.15,1,1.0,0.7189907278287417
3318,S03,3,79,-0.15,0,1.0,0.5554459965703161
3319,S03,3,80,0.05,1,1.0,0.5521354162386539
3320,S03,3,81,-0.3,1,0.0,0.4246887134225898
3321,S03,3,82,0.15,1,1.0,0.5745824433865204
3322,S03,3,83,-0.15,0,1.0,0.7789254541548646
3323,S03,3,84,0.5,1,1.0,0.713738426120959
3324,S03,3,85,-0.05,0,1.0,0.49639306516899273
3325,S03,3,86,-0.15,0,1.0,0.6079452747581201
3326,S03,3,87,0.05,0,0.0,0.9120798563844693
3327,S03,3,88,-0.05,1,0.0,0.9449058734668794
3328,S03,3,89,-0.05,0,1.0,0.5926943165521594
3329,S03,3,90,0.5,1,1.0,0.6831635787110636
3330,S03,3,91,-0.3,0,1.0,0.7157070299209438
3331,S03,3,92,-0.5,0,1.0,0.6409787933760015
3332,S03,3,93,-0.05,0,1.0,0.4449573122107233
3333,S03,3,94,-0.05,0,1.0,0.5625317099688073
3334,S03,3,95,-0.5,0,1.0,0.5095858512785243
3335,S03,3,96,-0.15,0,1.0,0.590031427183634
3336,S03,3,97,-0.15,0,1.0,0.6065252612262326
3337,S03,3,98,0.05,0,0.0,0.9730859696205375
3338,S03,3,99,0.0,0,,0.6085809236483023
3339,S03,3,100,0.0,0,,0.7091025515027428
3340,S03,3,101,-0.3,0,1.0,0.62286544665222
3341,S03,3,102,0.5,0,0.0,0.5220183069300572
3342,S03,3,103,-0.3,1,0.0,0.4536668993281428
3343,S03,3,104,0.05,0,0.0,0.6511106593819772
3344,S03,3,105,0.15,1,1.0,0.39681495224591995
3345,S03,3,106,-0.5,0,1.0,0.5868016463090114
3346,S03,3,107,0.5,1,1.0,0.33007952986742056
3347,S03,3,108,0.15,1,1.0,0.6695571763084235
3348,S03,3,109,0.0,0,,0.5672284232795182
3349,S03,3,110,0.15,1,1.0,0.4960536374075952
3350,S03,3,111,-0.3,1,0.0,0.6822646661208804
3351,S03,3,112,0.0,0,,0.5936408521411212
3352,S03,3,113,0.3,1,1.0,0.5811032458501497
3353,S03,3,114,0.0,0,,0.4565587088884302
3354,S03,3,115,0.3,1,1.0,0.7959489444648679
3355,S03,3,116,0.3,1,1.0,0.5935147478143578
3356,S03,3,117,-0.05,0,1.0,0.6570905911676376
3357,S03,3,118,-0.5,0,1.0,0.6883735798132433
3358,S03,3,119,-0.3,1,0.0,0.6453602801634257
3359,S03,3,120,-0.3,0,1.0,0.3322663380112199
3360,S03,3,121,-0.3,0,1.0,0.816813917506275
3361,S03,3,122,-0.5,0,1.0,0.488645125723443
3362,S03,3,123,-0.5,0,1.0,0.7345983899017193
3363,S03,3,124,0.3,1,1.0,0.5307626803166852
3364,S03,3,125,-0.05,0,1.0,0.5597944120864146
3365,S03,3,126,-0.15,1,0.0,0.6762665155161356
3366,S03,3,127,-0.3,1,0.0,0.927316443565893
3367,S03,3,128,-0.5,0,1.0,0.682984527992314
3368,S03,3,129,-0.5,0,1.0,0.5951150745956499
3369,S03,3,130,0.5,0,0.0,0.5783735288581674
3370,S03,3,131,0.5,1,1.0,0.5360306441730384
3371,S03,3,132,0.05,1,1.0,0.8798975356344321
3372,S03,3,133,0.15,1,1.0,0.7307830193486369
3373,S03,3,134,0.05,0,0.0,0.46849089600359656
3374,S03,3,135,-0.5,0,1.0,0.42630132720602837
3375,S03,3,136,-0.15,0,1.0,0.6988806361398501
3376,S03,3,137,-0.15,1,0.0,0.479232931965789
3377,S03,3,138,-0.3,0,1.0,0.5927654318227378
3378,S03,3,139,0.05,1,1.0,0.7755224786315873
3379,S03,3,140,0.5,0,0.0,0.5814184617615952
3380,S03,3,141,-0.15,0,1.0,0.46439793047368033
3381,S03,3,142,0.15,1,1.0,0.5022603703584608
3382,S03,3,143,0.0,0,,0.7236860686876351
3383,S03,3,144,0.0,1,,1.0139440800248896
3384,S03,3,145,-0.05,0,1.0,0.626015467819987
3385,S03,3,146,0.3,0,0.0,0.7059848508695843
3386,S03,3,147,0.3,1,1.0,0.6375361162189682
3387,S03,3,148,-0.5,0,1.0,0.45801245949178787
3388,S03,3,149,0.05,1,1.0,0.7842205760203135
3389,S03,3,150,0.15,0,0.0,0.427912060316213
3390,S03,3,151,-0.15,0,1.0,0.74030675898598
3391,S03,3,152,0.3,1,1.0,0.6465063764372693
3392,S03,3,153,-0.15,1,0.0,0.5441206861268846
3393,S03,3,154,0.5,1,1.0,0.41859755509688823
3394,S03,3,155,0.0,0,,0.5878947064862518
3395,S03,3,156,-0.05,1,0.0,0.5464051401952349
3396,S03,3,157,-0.3,0,1.0,0.5451487828695486
3397,S03,3,158,0.15,1,1.0,0.5663730130110196
3398,S03,3,159,0.3,1,1.0,0.5110295673733058
3399,S03,3,160,-0.3,0,1.0,0.3987681557167885
3400,S03,3,161,0.5,1,1.0,0.40653928411067286
3401,S03,3,162,-0.15,0,1.0,0.7826861851239754
3402,S03,3,163,0.5,1,1.0,0.4698546020130138
3403,S03,3,164,-0.05,0,1.0,0.6063812744585353
3404,S03,3,165,-0.3,0,1.0,0.5258560860243796
3405,S03,3,166,0.15,1,1.0,0.8507547302132005
3406,S03,3,167,-0.05,0,1.0,0.5437174434146196
3407,S03,3,168,0.3,0,0.0,0.4836110270243123
3408,S03,3,169,0.05,0,0.0,0.7198369648105372
3409,S03,3,170,0.05,0,0.0,0.6679296051922614
3410,S03,3,171,-0.3,0,1.0,0.6540414510896352
3411,S03,3,172,0.3,1,1.0,0.6444392867512678
3412,S03,3,173,0.3,1,1.0,0.7124247606876326
3413,S03,3,174,0.15,1,1.0,0.4619509828236846
3414,S03,3,175,-0.05,1,0.0,0.7039142890654497
3415,S03,3,176,-0.5,0,1.0,0.44251748112384587
3416,S03,3,177,0.15,1,1.0,0.40033576180609254
3417,S03,3,178,0.5,1,1.0,0.5879721395221554
3418,S03,3,179,-0.5,0,1.0,0.5801325839391939
3419,S03,3,180,0.15,1,1.0,0.6132396453120059
3420,S03,4,1,0.3,1,1.0,0.6670704897146478
3421,S03,4,2,-0.05,0,1.0,0.5298979676773763
3422,S03,4,3,0.5,1,1.0,0.5131583518035694
3423,S03,4,4,0.0,0,,0.46438365414070343
3424,S03,4,5,-0.5,1,0.0,0.36250814500236805
3425,S03,4,6,0.05,0,0.0,0.6129731865290124
3426,S03,4,7,0.5,1,1.0,0.5041526173875099
3427,S03,4,8,-0.3,0,1.0,0.5349266971334798
3428,S03,4,9,-0.5,1,0.0,0.5592461041645175
3429,S03,4,10,0.5,1,1.0,0.6482079479259734
3430,S03,4,11,-0.5,0,1.0,0.41124241065255795
3431,S03,4,12,-0.05,0,1.0,0.5978966603044705
3432,S03,4,13,0.15,1,1.0,0.4428353026858799
3433,S03,4,14,-0.15,1,0.0,0.403066724657477
3434,S03,4,15,0.5,1,1.0,0.5266535253458768
3435,S03,4,16,-0.15,0,1.0,0.47463259695317556
3436,S03,4,17,-0.5,0,1.0,0.5081446723924982
3437,S03,4,18,0.0,1,,0.6619389456455641
3438,S03,4,19,0.3,1,1.0,0.3897198238351196
3439,S03,4,20,0.3,1,1.0,0.6031078571690404
3440,S03,4,21,-0.3,0,1.0,0.7034350075774256
3441,S03,4,22,-0.15,0,1.0,0.6762862657661007
3442,S03,4,23,0.05,0,0.0,0.5046232252695911
3443,S03,4,24,-0.3,0,1.0,0.5504176978656161
3444,S03,4,25,0.5,1,1.0,0.5131894523241288
3445,S03,4,26,-0.15,0,1.0,0.5761558266535678
3446,S03,4,27,0.05,1,1.0,0.4660035846714679
3447,S03,4,28,-0.15,0,1.0,0.4994923933021913
3448,S03,4,29,0.05,0,0.0,0.5889421958595523
3449,S03,4,30,0.15,1,1.0,0.6208096438242966
3450,S03,4,31,0.5,0,0.0,0.4484105180945145
3451,S03,4,32,-0.15,1,0.0,0.3517454154238724
3452,S03,4,33,0.15,0,0.0,0.39461320649409826
3453,S03,4,34,-0.3,0,1.0,0.4987283539150131
3454,S03,4,35,-0.5,1,0.0,0.7354168930200861
3455,S03,4,36,-0.05,0,1.0,0.6716392246689251
3456,S03,4,37,0.0,1,,0.6556969312414498
3457,S03,4,38,-0.15,0,1.0,0.49796125767751737
3458,S03,4,39,-0.5,0,1.0,0.45840866985658885
3459,S03,4,40,-0.5,0,1.0,0.3321196287999946
3460,S03,4,41,0.15,1,1.0,0.4911689402256457
3461,S03,4,42,0.15,1,1.0,0.6372788684588852
3462,S03,4,43,0.05,1,1.0,0.6438160674300131
3463,S03,4,44,0.15,1,1.0,0.5153572869693117
3464,S03,4,45,0.15,1,1.0,0.5760463438348883
3465,S03,4,46,-0.3,0,1.0,0.5593418552225391
3466,S03,4,47,-0.5,0,1.0,0.44448802866094717
3467,S03,4,48,0.5,1,1.0,0.5571074131207777
3468,S03,4,49,0.15,1,1.0,0.6154039160861227
3469,S03,4,50,0.3,1,1.0,0.5073039323027742
3470,S03,4,51,-0.3,0,1.0,0.4244971913207132
3471,S03,4,52,0.3,1,1.0,0.49967868152555633
3472,S03,4,53,-0.3,0,1.0,0.49278929070604627
3473,S03,4,54,0.05,1,1.0,0.5367361709665855
3474,S03,4,55,-0.5,0,1.0,0.35760186084415696
3475,S03,4,56,-0.05,0,1.0,0.8332232364924363
3476,S03,4,57,0.3,1,1.0,0.7399399074767314
3477,S03,4,58,0.05,1,1.0,0.5956161263586613
3478,S03,4,59,0.5,1,1.0,0.5291102014114341
3479,S03,4,60,-0.5,0,1.0,0.5549123009923574
3480,S03,4,61,-0.15,1,0.0,0.5735608198326209
3481,S03,4,62,0.5,1,1.0,0.5373621790240528
3482,S03,4,63,0.05,1,1.0,0.6992838236758022
3483,S03,4,64,0.0,1,,0.6488007438503296
3484,S03,4,65,-0.3,0,1.0,0.654126881622359
3485,S03,4,66,-0.5,0,1.0,0.4364952638695133
3486,S03,4,67,-0.3,1,0.0,0.5502970940823776
3487,S03,4,68,0.0,1,,1.1420070982093393
3488,S03,4,69,-0.15,0,1.0,0.7358765403435084
3489,S03,4,70,0.15,1,1.0,0.6134216457604905
3490,S03,4,71,0.05,1,1.0,0.5024825064133144
3491,S03,4,72,0.15,1,1.0,0.593677658371527
3492,S03,4,73,0.15,1,1.0,0.7239207526825361
3493,S03,4,74,0.5,1,1.0,0.587154155640127
3494,S03,4,75,-0.3,1,0.0,0.37528927139730267
3495,S03,4,76,0.05,0,0.0,0.4397517137507617
3496,S03,4,77,0.05,1,1.0,0.4435121677766451
3497,S03,4,78,-0.05,1,0.0,0.6801262072766948
3498,S03,4,79,0.15,0,0.0,0.42672687782706026
3499,S03,4,80,-0.05,0,1.0,0.4981606265967024
3500,S03,4,81,-0.05,1,0.0,0.5930386954966316
3501,S03,4,82,-0.5,0,1.0,0.6421402218613205
3502,S03,4,83,-0.5,0,1.0,0.5629117250348936
3503,S03,4,84,-0.5,0,1.0,0.47329709198270714
3504,S03,4,85,-0.15,1,0.0,0.7027214769290807
3505,S03,4,86,0.0,1,,0.9875194707392941
3506,S03,4,87,-0.15,0,1.0,0.5948234651412333
3507,S03,4,88,-0.15,0,1.0,0.44791099867469375
3508,S03,4,89,-0.05,1,0.0,0.5015818965172275
3509,S03,4,90,0.3,1,1.0,0.4502611479157589
3510,S03,4,91,-0.5,0,1.0,0.4280109689450244
3511,S03,4,92,0.05,0,0.0,0.5695399074521089
3512,S03,4,93,-0.3,0,1.0,0.5855038787307905
3513,S03,4,94,0.3,1,1.0,0.40745487896147636
3514,S03,4,95,-0.05,0,1.0,0.4687323007969814
3515,S03,4,96,0.0,1,,0.7118988084783813
3516,S03,4,97,0.5,1,1.0,0.4490990743449231
3517,S03,4,98,-0.3,1,0.0,0.45957887538059783
3518,S03,4,99,0.05,1,1.0,0.5829048914006039
3519,S03,4,100,0.0,0,,0.8340480817644781
3520,S03,4,101,0.0,1,,0.7342946846638532
3521,S03,4,102,0.3,1,1.0,0.6369645764549257
3522,S03,4,103,0.05,1,1.0,0.8888626607560162
3523,S03,4,104,0.05,1,1.0,0.657866013685858
3524,S03,4,105,-0.05,0,1.0,0.9106335982990031
3525,S03,4,106,-0.3,0,1.0,0.8368320318484357
3526,S03,4,107,-0.5,0,1.0,0.373176876105053
3527,S03,4,108,0.15,1,1.0,0.4144746993575194
3528,S03,4,109,-0.3,0,1.0,0.4444224617109751
3529,S03,4,110,-0.05,0,1.0,0.7969641939271351
3530,S03,4,111,0.3,1,1.0,0.5264820495144283
3531,S03,4,112,0.0,0,,0.5815944173126018
3532,S03,4,113,0.5,1,1.0,0.6033820491043496
3533,S03,4,114,0.15,1,1.0,0.5209312960161944
3534,S03,4,115,-0.05,0,1.0,0.6389927896833859
3535,S03,4,116,0.5,1,1.0,0.5713593256945663
3536,S03,4,117,-0.5,0,1.0,0.41180914103583915
3537,S03,4,118,-0.3,0,1.0,0.43185887804543277
3538,S03,4,119,-0.3,0,1.0,0.5567177142262626
3539,S03,4,120,0.3,1,1.0,0.5720863016971433
3540,S03,4,121,0.0,0,,0.7378581027544171
3541,S03,4,122,-0.05,0,1.0,0.9331076108352732
3542,S03,4,123,0.3,0,0.0,0.4422377786155919
3543,S03,4,124,0.5,1,1.0,0.4306445345997096
3544,S03,4,125,-0.15,1,0.0,0.8905612755879
3545,S03,4,126,-0.15,0,1.0,0.7318251859907081
3546,S03,4,127,0.3,0,0.0,0.5368255610863236
3547,S03,4,128,-0.5,0,1.0,0.6486179903488624
3548,S03,4,129,-0.05,0,1.0,0.49209341163406867
3549,S03,4,130,0.3,1,1.0,0.5236275450458621
3550,S03,4,131,0.0,0,,0.3399235450433593
3551,S03,4,132,-0.05,1,0.0,0.6349236692782196
3552,S03,4,133,0.3,1,1.0,0.5111068263226797
3553,S03,4,134,0.0,1,,0.5840018773107587
3554,S03,4,135,0.15,0,0.0,0.6859436226580294
3555,S03,4,136,0.15,0,0.0,0.7343279890088514
3556,S03,4,137,-0.3,0,1.0,0.49983109806383896
3557,S03,4,138,0.0,1,,0.4697247473588226
3558,S03,4,139,0.3,1,1.0,0.3977883127411834
3559,S03,4,140,0.5,1,1.0,0.3261290529974697
3560,S03,4,141,0.0,0,,0.9026467725123694
3561,S03,4,142,0.05,0,0.0,0.7154207195224448
3562,S03,4,143,-0.05,1,0.0,0.6786966662048826
3563,S03,4,144,-0.15,0,1.0,0.5191144810841312
3564,S03,4,145,-0.05,0,1.0,0.5402571247215174
3565,S03,4,146,-0.5,0,1.0,0.6315399113325404
3566,S03,4,147,-0.5,0,1.0,0.3539263832365952
3567,S03,4,148,-0.3,0,1.0,0.5042736536683072
3568,S03,4,149,0.3,1,1.0,0.718148720302298
3569,S03,4,150,-0.15,0,1.0,0.5379369749599381
3570,S03,4,151,0.0,1,,0.7210419327439036
3571,S03,4,152,-0.15,0,1.0,0.5777711881476583
3572,S03,4,153,-0.15,0,1.0,0.3347639540690538
3573,S03,4,154,0.0,1,,0.6085581558002436
3574,S03,4,155,0.3,1,1.0,0.5591445011515191
3575,S03,4,156,0.15,1,1.0,0.563072153845608
3576,S03,4,157,0.5,1,1.0,0.38955433574635423
3577,S03,4,158,-0.3,0,1.0,0.5288924762430262
3578,S03,4,159,0.0,0,,0.41095988079974966
3579,S03,4,160,0.05,1,1.0,0.5592906338212941
3580,S03,4,161,0.15,1,1.0,0.6910397452491095
3581,S03,4,162,-0.05,0,1.0,0.8716537012690867
3582,S03,4,163,0.5,1,1.0,0.6820637062234912
3583,S03,4,164,0.3,1,1.0,0.44027826369973977
3584,S03,4,165,0.0,1,,0.45494154075942606
3585,S03,4,166,-0.05,0,1.0,0.634965653021199
3586,S03,4,167,0.5,1,1.0,0.5018632179243476
3587,S03,4,168,0.05,0,0.0,0.6945889998556926
3588,S03,4,169,0.5,0,0.0,0.435301934648817
3589,S03,4,170,0.05,1,1.0,0.6169812824576932
3590,S03,4,171,0.3,1,1.0,0.5483904578390288
3591,S03,4,172,-0.05,1,0.0,0.5633031599513284
3592,S03,4,173,-0.15,0,1.0,0.40934233143947824
3593,S03,4,174,0.05,1,1.0,0.7175168111644067
3594,S03,4,175,-0.15,1,0.0,0.6103285409656448
3595,S03,4,176,0.0,1,,0.744030910032445
3596,S03,4,177,0.5,1,1.0,0.6314077591207542
3597,S03,4,178,0.15,0,0.0,0.5741306794313876
3598,S03,4,179,0.15,1,1.0,0.6896661605208169
3599,S03,4,180,-0.3,0,1.0,0.7888680233055022
3600,S03,5,1,0.5,0,0.0,0.38027877533275545
3601,S03,5,2,0.5,1,1.0,0.3274260683160901
3602,S03,5,3,0.0,1,,0.4328807617354577
3603,S03,5,4,-0.5,0,1.0,0.49495156001715057
3604,S03,5,5,0.3,1,1.0,0.5148785363816706
3605,S03,5,6,-0.5,1,0.0,0.5807247765703454
3606,S03,5,7,0.05,0,0.0,0.46376509500406843
3607,S03,5,8,0.05,0,0.0,0.5093686562660039
3608,S03,5,9,0.0,0,,0.9678591940705457
3609,S03,5,10,-0.5,0,1.0,0.6215442527822375
3610,S03,5,11,0.3,1,1.0,0.5224013211184338
3611,S03,5,12,0.05,1,1.0,0.7448915376484202
3612,S03,5,13,-0.15,0,1.0,0.5463313869351486
3613,S03,5,14,-0.05,0,1.0,0.6656105811496312
3614,S03,5,15,-0.5,0,1.0,0.6351551854236875
3615,S03,5,16,-0.3,0,1.0,0.49126118881499015
3616,S03,5,17,0.05,1,1.0,0.579453050597203
3617,S03,5,18,-0.15,0,1.0,0.45279863081682864
3618,S03,5,19,0.3,1,1.0,0.3800397633565106
3619,S03,5,20,0.0,1,,0.6038823980939613
3620,S03,5,21,0.15,1,1.0,0.6187807173822802
3621,S03,5,22,0.05,0,0.0,0.9202989180320464
3622,S03,5,23,0.3,1,1.0,0.5739662688831012
3623,S03,5,24,-0.05,0,1.0,0.7578508002850576
3624,S03,5,25,-0.3,0,1.0,0.6009913707283753
3625,S03,5,26,-0.5,0,1.0,0.33154018034746674
3626,S03,5,27,-0.5,0,1.0,0.4870814249598765
3627,S03,5,28,-0.05,1,0.0,0.6904920969577184
3628,S03,5,29,0.15,0,0.0,0.6623902354297817
3629,S03,5,30,-0.3,0,1.0,0.5440128309143111
3630,S03,5,31,0.0,1,,0.6754049582051352
3631,S03,5,32,-0.05,1,0.0,0.7395748465369013
3632,S03,5,33,0.05,0,0.0,0.4399523818137419
3633,S03,5,34,0.0,1,,0.7552794367094945
3634,S03,5,35,0.5,1,1.0,0.3448532557508609
3635,S03,5,36,0.5,1,1.0,0.3559751604892122
3636,S03,5,37,0.15,1,1.0,0.5980835589847587
3637,S03,5,38,-0.05,0,1.0,0.6696663908398391
3638,S03,5,39,0.15,1,1.0,0.5812751291937724
3639,S03,5,40,-0.5,0,1.0,0.3911491629520637
3640,S03,5,41,-0.5,0,1.0,0.37035706667312374
3641,S03,5,42,0.5,1,1.0,0.5050857120031294
3642,S03,5,43,-0.05,0,1.0,1.1928331204470102
3643,S03,5,44,-0.05,1,0.0,0.591300674255494
3644,S03,5,45,0.15,1,1.0,0.5351417598449844
3645,S03,5,46,0.3,1,1.0,0.6566888039393953
3646,S03,5,47,0.3,0,0.0,0.5228247523139735
3647,S03,5,48,-0.5,1,0.0,0.36391955716842894
3648,S03,5,49,0.5,1,1.0,0.45538269474983795
3649,S03,5,50,0.05,0,0.0,0.6873301640350953
3650,S03,5,51,-0.15,1,0.0,0.5513477846266072
3651,S03,5,52,0.0,1,,0.6985070678785421
3652,S03,5,53,-0.15,0,1.0,0.6869157764704988
3653,S03,5,54,0.5,1,1.0,0.4752414184287793
3654,S03,5,55,0.0,0,,0.6180256791534172
3655,S03,5,56,0.3,0,0.0,0.5087324490769922
3656,S03,5,57,0.5,1,1.0,0.560674944749398
3657,S03,5,58,0.3,1,1.0,0.5053003057760255
3658,S03,5,59,0.0,0,,0.6858143088562126
3659,S03,5,60,-0.15,0,1.0,0.6109405242404551
3660,S03,5,61,-0.15,0,1.0,0.3846278110774235
3661,S03,5,62,0.3,1,1.0,0.6106560028854252
3662,S03,5,63,0.5,0,0.0,0.5082557142099432
3663,S03,5,64,0.5,1,1.0,0.6559745967953629
3664,S03,5,65,-0.15,1,0.0,0.4472484799488283
3665,S03,5,66,-0.3,0,1.0,0.5737570015009377
3666,S03,5,67,-0.15,0,1.0,0.523476818612156
3667,S03,5,68,0.5,1,1.0,0.33387127941246536
3668,S03,5,69,-0.15,0,1.0,0.37006715679448304
3669,S03,5,70,0.0,0,,0.8643525107091854
3670,S03,5,71,-0.05,1,0.0,0.6399923765954947
3671,S03,5,72,-0.05,0,1.0,0.5788744319585849
3672,S03,5,73,0.15,1,1.0,0.4132235743842484
3673,S03,5,74,-0.3,0,1.0,0.7477084390985835
3674,S03,5,75,-0.05,0,1.0,0.5154606072055252
3675,S03,5,76,0.3,1,1.0,0.5803480068398947
3676,S03,5,77,0.0,0,,0.6308927424459068
3677,S03,5,78,-0.3,1,0.0,0.8395416091844503
3678,S03,5,79,0.5,1,1.0,0.4908206669945135
3679,S03,5,80,-0.05,0,1.0,0.5386305354457652
3680,S03,5,81,0.5,1,1.0,0.5233335400953798
3681,S03,5,82,-0.15,0,1.0,0.6309804919182479
3682,S03,5,83,-0.5,0,1.0,0.9105035673757417
3683,S03,5,84,-0.15,0,1.0,0.5753642636527405
3684,S03,5,85,-0.5,0,1.0,0.3775331850253135
3685,S03,5,86,0.15,1,1.0,0.5351772150378998
3686,S03,5,87,0.3,0,0.0,0.5758687092019746
3687,S03,5,88,0.15,1,1.0,0.6410237420011043
3688,S03,5,89,0.5,1,1.0,0.34482871564763873
3689,S03,5,90,0.0,1,,0.5549630385799013
3690,S03,5,91,-0.5,0,1.0,0.7497624051737805
3691,S03,5,92,0.15,1,1.0,0.47391130216747956
3692,S03,5,93,-0.3,0,1.0,0.6604663603632697
3693,S03,5,94,0.15,1,1.0,0.539087032646283
3694,S03,5,95,0.0,1,,0.6203651153923904
3695,S03,5,96,-0.3,0,1.0,0.38877986314258606
3696,S03,5,97,-0.3,1,0.0,0.5149377714985552
3697,S03,5,98,0.5,1,1.0,0.5215938626090943
3698,S03,5,99,0.0,0,,0.6140932057724817
3699,S03,5,100,0.05,1,1.0,0.5817786236217595
3700,S03,5,101,-0.05,0,1.0,0.6888452156876025
3701,S03,5,102,0.05,0,0.0,0.4541868859096708
3702,S03,5,103,-0.15,0,1.0,0.6202841624934949
3703,S03,5,104,0.05,0,0.0,0.38018428480348837
3704,S03,5,105,-0.05,1,0.0,0.7860946705723634
3705,S03,5,106,-0.3,0,1.0,0.5258057229736839
3706,S03,5,107,-0.5,0,1.0,0.5900291054303525
3707,S03,5,108,0.0,0,,0.33705358016085674
3708,S03,5,109,0.05,1,1.0,0.6991424114739501
3709,S03,5,110,0.15,1,1.0,0.49065088648790145
3710,S03,5,111,-0.15,0,1.0,0.5837265498791687
3711,S03,5,112,-0.15,1,0.0,0.6729362853507895
3712,S03,5,113,0.05,0,0.0,0.5962390336481478
3713,S03,5,114,0.05,0,0.0,0.6818738854140024
3714,S03,5,115,0.3,1,1.0,0.5060019768560406
3715,S03,5,116,0.0,0,,0.8184029604715749
3716,S03,5,117,-0.5,0,1.0,0.4773040424161278
3717,S03,5,118,0.0,0,,0.6004013597489527
3718,S03,5,119,-0.15,0,1.0,0.5664025655835021
3719,S03,5,120,0.0,0,,0.6174764531961284
3720,S03,5,121,-0.05,0,1.0,0.45855879902591073
3721,S03,5,122,-0.3,0,1.0,0.4405447209446036
3722,S03,5,123,0.5,1,1.0,0.6110369893469322
3723,S03,5,124,-0.15,0,1.0,0.6941660390652854
3724,S03,5,125,0.15,1,1.0,0.6834307293484133
3725,S03,5,126,0.05,0,0.0,0.6673744831590854
3726,S03,5,127,-0.5,0,1.0,0.4409303492492103
3727,S03,5,128,0.3,1,1.0,0.4750288470827714
3728,S03,5,129,-0.05,0,1.0,0.5994105762805487
3729,S03,5,130,0.15,1,1.0,0.7464198921301325
3730,S03,5,131,0.3,1,1.0,0.5668629627061349
3731,S03,5,132,-0.15,0,1.0,0.46612847945619956
3732,S03,5,133,0.15,1,1.0,0.4215528017703016
3733,S03,5,134,-0.3,0,1.0,0.6544206649708623
3734,S03,5,135,0.15,1,1.0,0.8048516822897931
3735,S03,5,136,0.15,1,1.0,0.4018360570822971
3736,S03,5,137,0.15,0,0.0,0.7050876797146107
3737,S03,5,138,-0.3,0,1.0,0.5955131115786638
3738,S03,5,139,-0.05,1,0.0,0.5081600496962398
3739,S03,5,140,0.05,0,0.0,0.6337066315764096
3740,S03,5,141,0.3,1,1.0,0.42192438457471254
3741,S03,5,142,-0.3,0,1.0,0.5167734510452098
3742,S03,5,143,-0.15,0,1.0,0.5816860881505199
3743,S03,5,144,0.15,0,0.0,0.767032403813511
3744,S03,5,145,0.05,0,0.0,0.5699708173223246
3745,S03,5,146,-0.3,0,1.0,0.46607144853117777
3746,S03,5,147,-0.5,0,1.0,0.5314965254534011
3747,S03,5,148,0.5,1,1.0,0.5591290655641467
3748,S03,5,149,0.3,1,1.0,0.46257453293878886
3749,S03,5,150,0.05,0,0.0,0.4823763905487674
3750,S03,5,151,0.3,1,1.0,0.44009240325058113
3751,S03,5,152,0.0,0,,0.8171214870166008
3752,S03,5,153,-0.5,0,1.0,0.5534171740223907
3753,S03,5,154,0.5,0,0.0,0.45795098451217986
3754,S03,5,155,-0.15,1,0.0,0.7347598793825459
3755,S03,5,156,-0.5,0,1.0,0.41950001645056256
3756,S03,5,157,0.3,1,1.0,0.5331552794013038
3757,S03,5,158,-0.05,1,0.0,0.4687513955634128
3758,S03,5,159,-0.05,0,1.0,0.7579762928462591
3759,S03,5,160,-0.5,0,1.0,0.41261482744257383
3760,S03,5,161,-0.3,0,1.0,0.4563343799061387
3761,S03,5,162,0.05,0,0.0,0.6555265851399387
3762,S03,5,163,-0.3,0,1.0,0.3352811942206627
3763,S03,5,164,-0.3,0,1.0,0.40238743661228626
3764,S03,5,165,0.15,1,1.0,0.6781973495150037
3765,S03,5,166,0.5,1,1.0,0.3985472776874642
3766,S03,5,167,0.3,1,1.0,0.9160129195739589
3767,S03,5,168,0.05,0,0.0,0.6262906794705356
3768,S03,5,169,0.5,1,1.0,0.33694467259199395
3769,S03,5,170,-0.5,0,1.0,0.285077159811104
3770,S03,5,171,-0.3,0,1.0,0.7630790001019782
3771,S03,5,172,-0.15,0,1.0,0.6003842691873356
3772,S03,5,173,-0.3,1,0.0,0.5196162960835756
3773,S03,5,174,0.05,0,0.0,0.6256292112437644
3774,S03,5,175,0.0,0,,0.4213349648495945
3775,S03,5,176,-0.05,0,1.0,0.5985008381869243
3776,S03,5,177,0.0,0,,0.506166290902929
3777,S03,5,178,0.15,1,1.0,0.566151098200032
3778,S03,5,179,-0.05,0,1.0,0.544103021977543
3779,S03,5,180,0.3,1,1.0,0.5548363088371401
3780,S03,6,1,0.3,1,1.0,0.7284110557469379
3781,S03,6,2,0.0,0,,0.732284133318932
3782,S03,6,3,-0.3,0,1.0,0.569793795390412
3783,S03,6,4,-0.05,0,1.0,0.6261470837322796
3784,S03,6,5,-0.05,1,0.0,0.6739752867806507
3785,S03,6,6,-0.5,0,1.0,0.4401633642945944
3786,S03,6,7,-0.3,0,1.0,0.5234598428712641
3787,S03,6,8,-0.15,0,1.0,0.7432222794270608
3788,S03,6,9,0.5,0,0.0,0.4905977475857793
3789,S03,6,10,-0.15,0,1.0,0.4250955997045699
3790,S03,6,11,0.5,1,1.0,0.41551390167445224
3791,S03,6,12,0.3,1,1.0,0.8069908634115106
3792,S03,6,13,0.0,0,,0.6948043587031352
3793,S03,6,14,0.5,1,1.0,0.4699735933321217
3794,S03,6,15,-0.3,0,1.0,0.6410177872437144
3795,S03,6,16,-0.3,0,1.0,0.3948704852220413
3796,S03,6,17,-0.05,1,0.0,0.5924854491181155
3797,S03,6,18,0.05,1,1.0,0.6591205716416806
3798,S03,6,19,0.15,1,1.0,0.6459942603552887
3799,S03,6,20,-0.05,0,1.0,0.5246857112484131
3800,S03,6,21,0.5,1,1.0,0.43675264080379655
3801,S03,6,22,0.0,1,,0.5446500463337935
3802,S03,6,23,0.5,1,1.0,0.4581424620654291
3803,S03,6,24,-0.15,0,1.0,0.8509990452601369
3804,S03,6,25,0.3,1,1.0,0.28257990427829927
3805,S03,6,26,0.5,1,1.0,0.4519955326405149
3806,S03,6,27,0.05,1,1.0,0.5269467709113783
3807,S03,6,28,0.5,1,1.0,0.6482578887304637
3808,S03,6,29,0.15,1,1.0,0.7623730736602132
3809,S03,6,30,-0.5,0,1.0,0.4552630366287389
3810,S03,6,31,0.3,1,1.0,0.6079752974786905
3811,S03,6,32,0.5,1,1.0,0.6068007627746269
3812,S03,6,33,0.15,0,0.0,0.5974016236488601
3813,S03,6,34,0.05,0,0.0,0.5512261812024162
3814,S03,6,35,-0.5,0,1.0,0.40810580998872004
3815,S03,6,36,-0.05,1,0.0,0.6938828161633525
3816,S03,6,37,-0.15,1,0.0,0.4265433270834504
3817,S03,6,38,-0.15,0,1.0,0.5312934928991814
3818,S03,6,39,0.3,1,1.0,0.4783755096120308
3819,S03,6,40,0.15,1,1.0,0.4213256155112016
3820,S03,6,41,-0.3,0,1.0,0.5185687072267655
3821,S03,6,42,-0.3,1,0.0,0.5074952835843555
3822,S03,6,43,-0.5,0,1.0,0.390657412806753
3823,S03,6,44,0.5,1,1.0,0.6418801808658996
3824,S03,6,45,-0.15,0,1.0,0.6660669803001942
3825,S03,6,46,-0.15,0,1.0,0.5703617072665996
3826,S03,6,47,0.5,1,1.0,0.5851386797915158
3827,S03,6,48,0.5,1,1.0,0.6185806317865892
3828,S03,6,49,0.3,0,0.0,0.7159860981315259
3829,S03,6,50,0.0,1,,0.5186019757097723
3830,S03,6,51,-0.15,0,1.0,0.6901386993785454
3831,S03,6,52,0.0,1,,0.5788585634522994
3832,S03,6,53,0.15,1,1.0,0.592774266525677
3833,S03,6,54,-0.5,0,1.0,0.4170217386157568
3834,S03,6,55,0.15,1,1.0,0.5644718037931676
3835,S03,6,56,0.3,1,1.0,0.6473945060652809
3836,S03,6,57,-0.15,0,1.0,0.8159153874895256
3837,S03,6,58,-0.3,1,0.0,0.5163704507078781
3838,S03,6,59,0.05,1,1.0,0.48397079711039004
3839,S03,6,60,-0.3,0,1.0,0.7932236410211112
3840,S03,6,61,0.3,1,1.0,0.45142288381105294
3841,S03,6,62,-0.5,0,1.0,0.333687976241489
3842,S03,6,63,-0.05,0,1.0,0.5217591935052491
3843,S03,6,64,-0.5,0,1.0,0.2956054652493489
3844,S03,6,65,0.15,1,1.0,0.7206437327009652
3845,S03,6,66,0.3,1,1.0,0.35417890764205
3846,S03,6,67,0.05,0,0.0,0.49704773781030714
3847,S03,6,68,-0.3,0,1.0,0.41085090367335914
3848,S03,6,69,0.0,0,,0.6182037680200879
3849,S03,6,70,0.05,1,1.0,0.8515128101986081
3850,S03,6,71,0.15,1,1.0,0.6277305944257597
3851,S03,6,72,0.0,1,,0.4529277981257949
3852,S03,6,73,0.3,1,1.0,0.869323229146721
3853,S03,6,74,-0.15,0,1.0,0.6105999505974595
3854,S03,6,75,-0.15,0,1.0,0.7024115680077391
3855,S03,6,76,-0.15,0,1.0,0.4071948901043931
3856,S03,6,77,0.15,1,1.0,0.8836246212506198
3857,S03,6,78,0.05,0,0.0,0.543128205856787
3858,S03,6,79,0.0,0,,0.4268204923145091
3859,S03,6,80,-0.15,0,1.0,0.5956701895535288
3860,S03,6,81,0.15,1,1.0,0.7023276184868332
3861,S03,6,82,-0.3,0,1.0,0.6072292879021203
3862,S03,6,83,-0.05,0,1.0,0.6750365787668002
3863,S03,6,84,-0.5,0,1.0,0.5391463132232678
3864,S03,6,85,-0.3,1,0.0,0.545507811184307
3865,S03,6,86,-0.15,0,1.0,0.4068955585159
3866,S03,6,87,-0.15,1,0.0,0.5416560506190264
3867,S03,6,88,0.05,1,1.0,0.5484561491303663
3868,S03,6,89,0.3,1,1.0,0.716738284911725
3869,S03,6,90,0.05,1,1.0,0.7522675382018958
3870,S03,6,91,0.5,1,1.0,0.4331392691261393
3871,S03,6,92,-0.5,0,1.0,0.5721378204094386
3872,S03,6,93,0.05,1,1.0,0.582604931415053
3873,S03,6,94,0.15,1,1.0,0.3939121199452734
3874,S03,6,95,-0.5,0,1.0,0.29136237967272993
3875,S03,6,96,-0.5,0,1.0,0.555701580571979
3876,S03,6,97,-0.05,0,1.0,0.46988832126925156
3877,S03,6,98,0.05,1,1.0,0.4694760795557415
3878,S03,6,99,0.5,1,1.0,0.4117424394336939
3879,S03,6,100,-0.05,1,0.0,0.6875901577188499
3880,S03,6,101,0.15,1,1.0,0.7233824226630492
3881,S03,6,102,-0.15,0,1.0,0.7195019017324794
3882,S03,6,103,-0.5,0,1.0,0.32646266417140984
3883,S03,6,104,-0.5,0,1.0,0.4081067574212043
3884,S03,6,105,0.15,0,0.0,0.46543939495075604
3885,S03,6,106,-0.15,0,1.0,0.6588185283683834
3886,S03,6,107,0.0,1,,0.4189145481326732
3887,S03,6,108,0.5,0,0.0,0.4094390027414152
3888,S03,6,109,-0.5,0,1.0,0.46582856315395266
3889,S03,6,110,0.0,0,,0.7168914559594957
3890,S03,6,111,0.5,1,1.0,0.48530566162996847
3891,S03,6,112,0.15,0,0.0,0.6100285992104768
3892,S03,6,113,0.05,1,1.0,0.5688373888558989
3893,S03,6,114,-0.5,0,1.0,0.5972898031824511
3894,S03,6,115,0.15,1,1.0,0.7219085936200422
3895,S03,6,116,0.3,1,1.0,0.594402141375085
3896,S03,6,117,0.3,1,1.0,0.6754992843196648
3897,S03,6,118,-0.05,0,1.0,1.0635402000897736
3898,S03,6,119,0.0,0,,0.7138940411948078
3899,S03,6,120,0.0,0,,0.599107765437781
3900,S03,6,121,0.0,1,,0.6532610547036514
3901,S03,6,122,0.3,1,1.0,0.6926644375024646
3902,S03,6,123,-0.15,0,1.0,0.519158232686347
3903,S03,6,124,-0.3,0,1.0,0.40163117782489133
3904,S03,6,125,-0.3,1,0.0,0.47700269074839513
3905,S03,6,126,-0.05,1,0.0,0.6374390798634957
3906,S03,6,127,-0.05,1,0.0,0.5845129815142014
3907,S03,6,128,-0.05,0,1.0,0.4847046492021601
3908,S03,6,129,-0.15,1,0.0,0.5894063079509579
3909,S03,6,130,-0.3,0,1.0,0.7286983447122436
3910,S03,6,131,0.05,1,1.0,0.6583842920616195
3911,S03,6,132,-0.3,0,1.0,0.41654449647126374
3912,S03,6,133,0.15,0,0.0,0.6541232472014183
3913,S03,6,134,-0.5,0,1.0,0.4537020071787788
3914,S03,6,135,0.15,1,1.0,0.9146859553046518
3915,S03,6,136,0.5,1,1.0,0.5441732331477429
3916,S03,6,137,0.0,0,,0.531816817045701
3917,S03,6,138,0.5,1,1.0,0.5643806229729132
3918,S03,6,139,-0.5,0,1.0,0.5076691117843425
3919,S03,6,140,-0.5,0,1.0,0.6442258559297002
3920,S03,6,141,0.0,0,,0.5429845365953772
3921,S03,6,142,0.5,1,1.0,0.5438808834722844
3922,S03,6,143,0.0,1,,0.4335324392138268
3923,S03,6,144,0.05,0,0.0,0.6091019934735246
3924,S03,6,145,0.3,1,1.0,0.4142991841041076
3925,S03,6,146,0.15,1,1.0,0.5943880138485907
3926,S03,6,147,0.05,0,0.0,0.6507564231634312
3927,S03,6,148,-0.15,0,1.0,0.6357886534079935
3928,S03,6,149,-0.05,0,1.0,0.5317323886545721
3929,S03,6,150,0.15,1,1.0,0.5876370347016351
3930,S03,6,151,-0.05,0,1.0,0.7675570498139341
3931,S03,6,152,-0.5,0,1.0,0.7121712179079842
3932,S03,6,153,0.15,1,1.0,0.5921141090835541
3933,S03,6,154,-0.3,0,1.0,0.6923379493929543
3934,S03,6,155,-0.05,1,0.0,0.4931190242168779
3935,S03,6,156,0.5,1,1.0,0.4459640112518517
3936,S03,6,157,-0.3,0,1.0,0.5670215487604591
3937,S03,6,158,0.3,1,1.0,0.5243540871437576
3938,S03,6,159,-0.5,1,0.0,0.4647899100550398
3939,S03,6,160,-0.3,0,1.0,0.6739939364597419
3940,S03,6,161,0.0,0,,0.4869600093415629
3941,S03,6,162,0.5,1,1.0,0.39523587641086794
3942,S03,6,163,0.3,1,1.0,0.4013508943701529
3943,S03,6,164,0.05,1,1.0,0.6373019490461335
3944,S03,6,165,0.0,1,,0.5699166562797592
3945,S03,6,166,-0.05,0,1.0,0.734186989517867
3946,S03,6,167,-0.05,1,0.0,0.6249415310988207
3947,S03,6,168,-0.05,0,1.0,0.5291432713395227
3948,S03,6,169,0.3,1,1.0,0.4589769184347551
3949,S03,6,170,0.0,0,,0.3666540820672281
3950,S03,6,171,0.05,0,0.0,0.577621899055615
3951,S03,6,172,-0.05,0,1.0,0.46378620883651644
3952,S03,6,173,0.05,1,1.0,0.7568329192210241
3953,S03,6,174,0.3,1,1.0,0.4949244170585699
3954,S03,6,175,0.05,0,0.0,0.43297969366195305
3955,S03,6,176,0.0,1,,0.8107727701335359
3956,S03,6,177,0.05,1,1.0,0.5794806313268706
3957,S03,6,178,-0.3,0,1.0,0.6105617940878073
3958,S03,6,179,0.3,1,1.0,0.4754060183546403
3959,S03,6,180,-0.3,0,1.0,0.7177899166895438
3960,S03,7,1,0.3,1,1.0,0.5742271854203379
3961,S03,7,2,-0.15,0,1.0,0.5902668807532112
3962,S03,7,3,-0.15,1,0.0,0.6304703297548847
3963,S03,7,4,0.0,1,,0.6594284527121971
3964,S03,7,5,0.5,1,1.0,0.6220657812528724
3965,S03,7,6,0.05,1,1.0,0.48113726794735184
3966,S03,7,7,0.05,1,1.0,0.5406516363306344
3967,S03,7,8,0.3,1,1.0,0.5183397797867698
3968,S03,7,9,-0.15,0,1.0,0.4445408345857936
3969,S03,7,10,0.3,1,1.0,0.26806739741664287
3970,S03,7,11,0.5,1,1.0,0.8038119949894944
3971,S03,7,12,-0.5,0,1.0,0.3890484210420867
3972,S03,7,13,0.05,1,1.0,0.4310828209630098
3973,S03,7,14,0.05,0,0.0,0.4571738582626468
3974,S03,7,15,-0.3,0,1.0,0.5115175014790151
3975,S03,7,16,0.05,0,0.0,0.6884311613095224
3976,S03,7,17,-0.3,0,1.0,0.5367257994703915
3977,S03,7,18,0.3,0,0.0,0.39612648614318835
3978,S03,7,19,-0.15,0,1.0,0.6574803258001235
3979,S03,7,20,-0.5,0,1.0,0.3196633032120944
3980,S03,7,21,-0.5,0,1.0,0.3665643292925329
3981,S03,7,22,0.15,0,0.0,0.5018190245706823
3982,S03,7,23,0.3,1,1.0,0.6766098274978062
3983,S03,7,24,0.0,1,,0.6177167159795101
3984,S03,7,25,0.15,1,1.0,0.5846424609649086
3985,S03,7,26,0.15,1,1.0,0.42541359398880574
3986,S03,7,27,0.15,0,0.0,0.5121534063302073
3987,S03,7,28,0.3,1,1.0,0.6519190912584277
3988,S03,7,29,0.0,1,,0.6559062962956413
3989,S03,7,30,0.05,0,0.0,0.6922576104070245
3990,S03,7,31,-0.05,1,0.0,0.5905277153794488
3991,S03,7,32,0.0,0,,0.7457230585532858
3992,S03,7,33,-0.05,0,1.0,0.44352265372592625
3993,S03,7,34,-0.3,1,0.0,0.5088726070741497
3994,S03,7,35,0.3,1,1.0,0.5944532880322574
3995,S03,7,36,0.15,0,0.0,0.3982328818484522
3996,S03,7,37,-0.15,0,1.0,0.32617220273607506
3997,S03,7,38,0.15,1,1.0,0.8544806225149585
3998,S03,7,39,0.3,1,1.0,0.5431086337744222
3999,S03,7,40,0.0,0,,0.4164121125387711
4000,S03,7,41,-0.5,0,1.0,0.48933219688283436
4001,S03,7,42,0.5,1,1.0,0.3676207144482921
4002,S03,7,43,0.3,1,1.0,0.43410421893268647
4003,S03,7,44,0.0,1,,0.7784682431423678
4004,S03,7,45,-0.5,0,1.0,0.4269598321988262
4005,S03,7,46,-0.05,0,1.0,0.5256301176182961
4006,S03,7,47,0.05,1,1.0,0.45048723799751783
4007,S03,7,48,-0.5,0,1.0,0.44580839409644385
4008,S03,7,49,-0.05,0,1.0,0.61561261887282
4009,S03,7,50,0.5,1,1.0,0.42685839691578614
4010,S03,7,51,0.0,0,,0.9767168732102718
4011,S03,7,52,0.0,0,,0.4817376909619913
4012,S03,7,53,0.15,1,1.0,0.45147120913470623
4013,S03,7,54,-0.05,0,1.0,0.5450247889576058
4014,S03,7,55,-0.3,0,1.0,0.8262155768278567
4015,S03,7,56,0.05,0,0.0,0.6949795652732573
4016,S03,7,57,0.3,1,1.0,0.4678347324079818
4017,S03,7,58,0.0,1,,0.5038937438342833
4018,S03,7,59,0.05,0,0.0,0.5228363514250502
4019,S03,7,60,0.3,1,1.0,0.4190773855191382
4020,S03,7,61,0.15,1,1.0,0.5188901344206662
4021,S03,7,62,0.15,1,1.0,0.541448095986594
4022,S03,7,63,0.15,1,1.0,0.6584334054800909
4023,S03,7,64,0.5,1,1.0,0.529519761108947
4024,S03,7,65,-0.15,0,1.0,0.515274185255801
4025,S03,7,66,-0.15,0,1.0,0.790361761507037
4026,S03,7,67,-0.05,0,1.0,0.5078369226178654
4027,S03,7,68,-0.3,0,1.0,0.38431949680079036
4028,S03,7,69,-0.05,0,1.0,0.6221283716272611
4029,S03,7,70,-0.05,0,1.0,0.748160633480563
4030,S03,7,71,-0.3,0,1.0,0.5238843250260045
4031,S03,7,72,0.05,1,1.0,0.44695500425818924
4032,S03,7,73,0.05,1,1.0,0.6106874299388994
4033,S03,7,74,0.0,0,,0.6410623415258897
4034,S03,7,75,0.3,1,1.0,0.575290906166612
4035,S03,7,76,0.0,1,,0.6263362120632576
4036,S03,7,77,-0.15,0,1.0,0.7404304803787377
4037,S03,7,78,0.3,1,1.0,0.4170671455156973
4038,S03,7,79,0.15,1,1.0,0.30261255512520047
4039,S03,7,80,-0.15,0,1.0,0.37771740453785696
4040,S03,7,81,-0.3,0,1.0,0.398878751380724
4041,S03,7,82,-0.3,0,1.0,0.6403772966608822
4042,S03,7,83,-0.05,1,0.0,0.5497272203344814
4043,S03,7,84,0.0,1,,0.8601702274647455
4044,S03,7,85,0.5,1,1.0,0.37238451291456137
4045,S03,7,86,-0.5,0,1.0,0.6794323394921941
4046,S03,7,87,-0.3,0,1.0,0.43507200812733116
4047,S03,7,88,0.5,1,1.0,0.45814728233768465
4048,S03,7,89,0.5,1,1.0,0.33118199159683637
4049,S03,7,90,0.15,1,1.0,0.7737154512168122
4050,S03,7,91,0.0,1,,0.593824487088839
4051,S03,7,92,-0.5,0,1.0,0.7859599438143273
4052,S03,7,93,0.3,1,1.0,0.6773518740978536
4053,S03,7,94,-0.5,0,1.0,0.45570555348808306
4054,S03,7,95,-0.5,0,1.0,0.40691547063662536
4055,S03,7,96,0.3,1,1.0,0.6473545407990811
4056,S03,7,97,0.3,1,1.0,0.5324784897091115
4057,S03,7,98,0.15,0,0.0,0.47541960540282197
4058,S03,7,99,0.5,1,1.0,0.49026648379876686
4059,S03,7,100,-0.05,1,0.0,0.3824948566790063
4060,S03,7,101,-0.05,1,0.0,0.6456503190291115
4061,S03,7,102,-0.3,0,1.0,0.6033265116966909
4062,S03,7,103,0.15,0,0.0,0.43684450956287585
4063,S03,7,104,0.15,1,1.0,0.7455666564395768
4064,S03,7,105,0.05,0,0.0,0.7357252167683493
4065,S03,7,106,-0.15,0,1.0,0.6054787862458103
4066,S03,7,107,0.5,1,1.0,0.3883588518999274
4067,S03,7,108,0.0,1,,0.6980629968246296
4068,S03,7,109,0.5,1,1.0,0.4405781217804349
4069,S03,7,110,0.05,1,1.0,0.6169238048037656
4070,S03,7,111,0.05,1,1.0,0.6992879390079616
4071,S03,7,112,-0.5,0,1.0,0.349416070015764
4072,S03,7,113,0.5,1,1.0,0.32849673804060603
4073,S03,7,114,-0.15,0,1.0,0.509565581624636
4074,S03,7,115,-0.5,0,1.0,0.7462689589652206
4075,S03,7,116,0.5,1,1.0,0.7957105021254649
4076,S03,7,117,-0.15,0,1.0,0.6152927893108379
4077,S03,7,118,-0.3,0,1.0,0.6630395625939812
4078,S03,7,119,0.05,1,1.0,0.5869765636545606
4079,S03,7,120,-0.3,0,1.0,0.5411833950443209
4080,S03,7,121,-0.05,1,0.0,0.5648309167985534
4081,S03,7,122,0.0,0,,0.779409464336919
4082,S03,7,123,0.05,1,1.0,0.8450812468021971
4083,S03,7,124,-0.15,1,0.0,0.576240022594818
4084,S03,7,125,-0.5,0,1.0,0.4898818244534897
4085,S03,7,126,0.3,1,1.0,0.511174749581747
4086,S03,7,127,0.05,1,1.0,0.8509059269589212
4087,S03,7,128,0.3,1,1.0,0.642231832413207
4088,S03,7,129,-0.5,0,1.0,0.38650756316217694
4089,S03,7,130,-0.5,0,1.0,0.7397379054519789
4090,S03,7,131,0.5,1,1.0,0.2873450459295603
4091,S03,7,132,-0.3,0,1.0,0.74072808418765
4092,S03,7,133,-0.15,0,1.0,0.7162411311068068
4093,S03,7,134,0.15,1,1.0,0.576644420499062
4094,S03,7,135,0.15,1,1.0,0.5734748911019091
4095,S03,7,136,0.05,0,0.0,0.5775230248185405
4096,S03,7,137,-0.05,1,0.0,0.4812571560844776
4097,S03,7,138,-0.05,0,1.0,0.891495506679031
4098,S03,7,139,-0.15,0,1.0,0.5696362252322044
4099,S03,7,140,0.5,1,1.0,0.38882366973352916
4100,S03,7,141,-0.05,1,0.0,0.8762316894296579
4101,S03,7,142,0.5,1,1.0,0.534306181457417
4102,S03,7,143,-0.15,0,1.0,0.6401187832075516
4103,S03,7,144,0.3,1,1.0,0.8333443330165017
4104,S03,7,145,-0.05,0,1.0,0.6899408930914575
4105,S03,7,146,-0.5,0,1.0,0.41982978603137266
4106,S03,7,147,0.5,1,1.0,0.5592768547814155
4107,S03,7,148,-0.05,0,1.0,0.4901188230729275
4108,S03,7,149,0.0,1,,0.5494951599367439
4109,S03,7,150,0.5,1,1.0,0.5169227430545782
4110,S03,7,151,0.0,0,,0.7535485663351216
4111,S03,7,152,-0.05,0,1.0,0.523984661995175
4112,S03,7,153,-0.3,0,1.0,0.5135430308324628
4113,S03,7,154,-0.15,0,1.0,0.5484288236871441
4114,S03,7,155,0.0,0,,0.786110610125019
4115,S03,7,156,-0.5,0,1.0,0.48529628276819975
4116,S03,7,157,0.05,1,1.0,0.9087359800228403
4117,S03,7,158,0.5,1,1.0,0.43635221348262115
4118,S03,7,159,-0.3,1,0.0,0.4732808396769791
4119,S03,7,160,0.3,1,1.0,0.7371161843230842
4120,S03,7,161,-0.05,0,1.0,0.676203827473386
4121,S03,7,162,-0.3,0,1.0,0.9465302584822842
4122,S03,7,163,-0.3,0,1.0,0.7297357161940059
4123,S03,7,164,-0.5,0,1.0,0.3671661982590947
4124,S03,7,165,0.15,1,1.0,0.5702772077874922
4125,S03,7,166,-0.15,1,0.0,0.6104879288341823
4126,S03,7,167,-0.15,1,0.0,0.600633221884354
4127,S03,7,168,0.5,1,1.0,0.4669633930747046
4128,S03,7,169,-0.3,0,1.0,0.5585441537280681
4129,S03,7,170,-0.05,0,1.0,0.631649384981828
4130,S03,7,171,0.0,1,,0.536780340932792
4131,S03,7,172,-0.3,0,1.0,0.6818640526841622
4132,S03,7,173,-0.5,0,1.0,0.7129030934589634
4133,S03,7,174,0.15,1,1.0,0.6741875546722004
4134,S03,7,175,0.0,0,,0.6677230850266035
4135,S03,7,176,0.05,1,1.0,0.5868381752378884
4136,S03,7,177,-0.3,0,1.0,0.5692415421812066
4137,S03,7,178,0.15,1,1.0,0.6234657962327458
4138,S03,7,179,-0.15,0,1.0,0.46137751836405594
4139,S03,7,180,-0.5,0,1.0,0.6100941978829523
4140,S03,8,1,-0.05,0,1.0,0.5193482770014696
4141,S03,8,2,0.3,1,1.0,0.5409643443565242
4142,S03,8,3,-0.05,0,1.0,0.538683826927315
4143,S03,8,4,0.3,1,1.0,0.4108206138420896
4144,S03,8,5,-0.05,1,0.0,0.6333408586392214
4145,S03,8,6,0.5,1,1.0,0.56679220237258
4146,S03,8,7,-0.5,0,1.0,0.5942126485425735
4147,S03,8,8,-0.15,0,1.0,0.6523424031367943
4148,S03,8,9,0.05,0,0.0,0.554031693797614
4149,S03,8,10,0.3,1,1.0,0.37784947618178066
4150,S03,8,11,0.3,1,1.0,0.7814274227410367
4151,S03,8,12,-0.15,0,1.0,0.48318564665627056
4152,S03,8,13,0.5,1,1.0,0.6277500959770562
4153,S03,8,14,0.3,1,1.0,0.34355004208805295
4154,S03,8,15,-0.15,0,1.0,0.6073672563809531
4155,S03,8,16,0.5,1,1.0,0.458372566732236
4156,S03,8,17,0.0,0,,0.43325451641278173
4157,S03,8,18,0.05,1,1.0,0.6058857160570345
4158,S03,8,19,-0.15,1,0.0,0.5305199933874702
4159,S03,8,20,0.0,0,,0.5655839834306339
4160,S03,8,21,0.0,1,,0.48558503594914415
4161,S03,8,22,-0.3,0,1.0,0.5466634947456241
4162,S03,8,23,0.5,1,1.0,0.3543353208431852
4163,S03,8,24,0.3,1,1.0,0.4962600266064918
4164,S03,8,25,0.3,1,1.0,0.32946568450094676
4165,S03,8,26,0.3,1,1.0,0.40371849907970925
4166,S03,8,27,0.15,1,1.0,0.47465701173254754
4167,S03,8,28,0.15,0,0.0,0.7306363511948488
4168,S03,8,29,0.05,1,1.0,0.7591242259136654
4169,S03,8,30,0.15,1,1.0,0.6186644914867316
4170,S03,8,31,-0.05,1,0.0,0.5520845184410026
4171,S03,8,32,-0.3,0,1.0,0.6931145906123302
4172,S03,8,33,-0.05,0,1.0,0.62755149935101
4173,S03,8,34,-0.5,0,1.0,0.6186218456675293
4174,S03,8,35,0.5,1,1.0,0.5287944507782407
4175,S03,8,36,-0.3,0,1.0,0.3639144272228488
4176,S03,8,37,0.05,1,1.0,0.3582463543946131
4177,S03,8,38,0.15,1,1.0,0.5172129655064079
4178,S03,8,39,-0.05,1,0.0,0.7211583311718642
4179,S03,8,40,0.0,1,,0.5340396903597578
4180,S03,8,41,-0.05,0,1.0,0.8133572972144628
4181,S03,8,42,0.0,0,,0.7198828677803236
4182,S03,8,43,0.5,1,1.0,0.6432862683504519
4183,S03,8,44,0.3,1,1.0,0.4858898454491185
4184,S03,8,45,0.05,1,1.0,0.4773449929152421
4185,S03,8,46,0.05,1,1.0,0.4629999178666675
4186,S03,8,47,-0.15,0,1.0,0.6390755929635693
4187,S03,8,48,0.3,1,1.0,0.3700162275133647
4188,S03,8,49,-0.3,0,1.0,0.37466956908636856
4189,S03,8,50,-0.05,1,0.0,0.5164486714662877
4190,S03,8,51,0.15,1,1.0,0.5958790377022083
4191,S03,8,52,0.15,1,1.0,0.47629313026618386
4192,S03,8,53,0.05,1,1.0,0.7595564599118613
4193,S03,8,54,0.5,1,1.0,0.6457062777738878
4194,S03,8,55,-0.5,0,1.0,0.26814908098314283
4195,S03,8,56,-0.5,0,1.0,0.5311674534064214
4196,S03,8,57,-0.05,1,0.0,0.5235389411006325
4197,S03,8,58,0.05,1,1.0,0.7292571046858222
4198,S03,8,59,0.3,1,1.0,0.5912572184352928
4199,S03,8,60,0.0,0,,0.6284358499534958
4200,S03,8,61,0.0,0,,0.5875071943150533
4201,S03,8,62,0.5,1,1.0,0.3396175353622797
4202,S03,8,63,0.05,0,0.0,0.9983287576067031
4203,S03,8,64,-0.3,0,1.0,0.40278436693398095
4204,S03,8,65,-0.3,0,1.0,0.7815367070758027
4205,S03,8,66,0.15,0,0.0,0.6617466162166937
4206,S03,8,67,-0.15,0,1.0,0.5067788781247309
4207,S03,8,68,0.0,0,,0.5230238061260287
4208,S03,8,69,-0.3,0,1.0,0.3718941466237595
4209,S03,8,70,-0.3,0,1.0,0.5341292987644187
4210,S03,8,71,-0.15,0,1.0,0.39502731600773594
4211,S03,8,72,-0.15,0,1.0,0.7381262233241512
4212,S03,8,73,0.05,0,0.0,0.6294234922814539
4213,S03,8,74,-0.3,0,1.0,0.5261556384143292
4214,S03,8,75,-0.05,0,1.0,0.605182909607563
4215,S03,8,76,0.5,1,1.0,0.5145747745090532
4216,S03,8,77,-0.15,1,0.0,0.5259258870673155
4217,S03,8,78,-0.15,0,1.0,0.541257561273725
4218,S03,8,79,-0.15,0,1.0,0.8619302872200469
4219,S03,8,80,0.3,1,1.0,0.6716122348085303
4220,S03,8,81,0.15,1,1.0,0.6548874305245568
4221,S03,8,82,0.0,1,,0.5403247313988959
4222,S03,8,83,0.5,1,1.0,0.31084995446173397
4223,S03,8,84,0.5,1,1.0,0.5383849052389352
4224,S03,8,85,-0.05,1,0.0,0.6047924456493065
4225,S03,8,86,0.0,0,,0.5742100356235872
4226,S03,8,87,-0.5,0,1.0,0.4713731018053766
4227,S03,8,88,0.0,1,,0.4652477676788675
4228,S03,8,89,0.05,0,0.0,0.4820472491997676
4229,S03,8,90,0.05,0,0.0,0.7512667095177249
4230,S03,8,91,0.05,1,1.0,0.36469706407252706
4231,S03,8,92,0.5,1,1.0,0.5864234948937704
4232,S03,8,93,-0.3,0,1.0,0.7361933092286247
4233,S03,8,94,0.5,1,1.0,0.5356898798916379
4234,S03,8,95,-0.05,0,1.0,0.6536678319626431
4235,S03,8,96,0.5,1,1.0,0.3897332583347775
4236,S03,8,97,-0.3,0,1.0,0.4436227588574928
4237,S03,8,98,0.05,1,1.0,0.538557359189982
4238,S03,8,99,0.0,0,,0.4456380370654805
4239,S03,8,100,-0.15,0,1.0,0.4677079751819754
4240,S03,8,101,0.0,0,,0.6170525033833731
4241,S03,8,102,0.15,1,1.0,0.5090247140617616
4242,S03,8,103,0.05,0,0.0,0.6163142904225096
4243,S03,8,104,-0.3,0,1.0,0.6713173898020603
4244,S03,8,105,-0.05,0,1.0,0.6152209352266218
4245,S03,8,106,-0.5,0,1.0,0.5308525377884266
4246,S03,8,107,0.15,1,1.0,0.39372005737929494
4247,S03,8,108,0.15,1,1.0,0.7155900413622798
4248,S03,8,109,-0.5,0,1.0,0.3312458081358653
4249,S03,8,110,0.0,0,,0.5345438182543407
4250,S03,8,111,0.15,0,0.0,0.44077719479819427
4251,S03,8,112,-0.5,0,1.0,0.31118761601462985
4252,S03,8,113,-0.5,0,1.0,0.49237150723488415
4253,S03,8,114,0.0,1,,0.6828665486911413
4254,S03,8,115,0.5,1,1.0,0.6713317317683661
4255,S03,8,116,-0.05,0,1.0,0.6276173106041072
4256,S03,8,117,-0.5,0,1.0,0.39502940720572155
4257,S03,8,118,-0.5,0,1.0,0.4282682753098401
4258,S03,8,119,0.3,1,1.0,0.35328605083531817
4259,S03,8,120,-0.5,0,1.0,0.43796638947059
4260,S03,8,121,0.05,1,1.0,0.5863288946343141
4261,S03,8,122,0.3,1,1.0,0.5920931010280174
4262,S03,8,123,-0.5,0,1.0,0.5702602794230174
4263,S03,8,124,-0.3,0,1.0,0.587460659045844
4264,S03,8,125,0.3,1,1.0,0.42659102675810134
4265,S03,8,126,-0.15,0,1.0,0.4301368578011166
4266,S03,8,127,-0.5,0,1.0,0.5601615495958912
4267,S03,8,128,0.0,0,,0.3897477322339758
4268,S03,8,129,0.05,1,1.0,0.9351621679658654
4269,S03,8,130,0.3,1,1.0,0.44463444099244637
4270,S03,8,131,-0.3,0,1.0,0.6917617914190186
4271,S03,8,132,0.0,0,,0.5267632870776293
4272,S03,8,133,0.5,1,1.0,0.5447322221435397
4273,S03,8,134,-0.5,0,1.0,0.366360264544167
4274,S03,8,135,0.3,1,1.0,0.5314889862132898
4275,S03,8,136,0.15,0,0.0,0.38303488519180645
4276,S03,8,137,-0.3,0,1.0,0.5682967608104683
4277,S03,8,138,0.5,1,1.0,0.36508092074197307
4278,S03,8,139,0.15,1,1.0,0.44519838113864746
4279,S03,8,140,0.3,1,1.0,0.478281368344726
4280,S03,8,141,0.15,0,0.0,0.5347000846883241
4281,S03,8,142,0.15,1,1.0,0.6342528552460682
4282,S03,8,143,-0.3,0,1.0,0.5782595009599791
4283,S03,8,144,0.05,1,1.0,0.6082135967752599
4284,S03,8,145,-0.5,0,1.0,0.5859610529032856
4285,S03,8,146,0.0,1,,0.655828635426005
4286,S03,8,147,0.5,1,1.0,0.5289959665443192
4287,S03,8,148,-0.15,1,0.0,0.44438888296514406
4288,S03,8,149,-0.5,0,1.0,0.597224353346671
4289,S03,8,150,0.15,1,1.0,0.684245884849396
4290,S03,8,151,-0.05,0,1.0,0.6149283691597165
4291,S03,8,152,-0.15,1,0.0,0.6780845045267124
4292,S03,8,153,0.05,1,1.0,0.5838658188772313
4293,S03,8,154,-0.5,0,1.0,0.6805592710984447
4294,S03,8,155,-0.05,0,1.0,0.6019699564326415
4295,S03,8,156,-0.05,0,1.0,0.5794267600213735
4296,S03,8,157,-0.15,0,1.0,0.6161952926527582
4297,S03,8,158,-0.05,0,1.0,0.8878933129936659
4298,S03,8,159,0.3,1,1.0,0.46450994885604263
4299,S03,8,160,0.15,1,1.0,0.6067652655579584
4300,S03,8,161,0.05,1,1.0,0.5275146932699549
4301,S03,8,162,-0.3,0,1.0,0.5181104671975463
4302,S03,8,163,0.5,1,1.0,0.3946746956494426
4303,S03,8,164,0.3,1,1.0,0.5805298495031924
4304,S03,8,165,-0.3,0,1.0,0.5283629178598442
4305,S03,8,166,0.0,1,,0.7191683036575289
4306,S03,8,167,-0.3,0,1.0,0.6722872316015648
4307,S03,8,168,-0.15,0,1.0,0.7477082624631842
4308,S03,8,169,-0.15,0,1.0,0.5094757806610178
4309,S03,8,170,-0.05,1,0.0,0.6436607510636996
4310,S03,8,171,-0.15,0,1.0,0.7602878440635864
4311,S03,8,172,-0.5,0,1.0,0.3940652831653155
4312,S03,8,173,-0.3,0,1.0,0.5409975336693071
4313,S03,8,174,-0.05,0,1.0,0.4931930794810929
4314,S03,8,175,0.5,0,0.0,0.7164456006245031
4315,S03,8,176,-0.15,1,0.0,0.7579818364514868
4316,S03,8,177,0.15,1,1.0,0.6409382214027606
4317,S03,8,178,0.0,1,,0.6807673039339993
4318,S03,8,179,0.15,1,1.0,0.48167034993122954
4319,S03,8,180,-0.5,0,1.0,0.6609653021188047
