sample,FP1,FP2,T7,T8,P7,P8,O1,Oz,O2
0,63.50171,-96.70947,139.00977,-29.324219,79.591064,66.95654,33.409077,-21.784729,17.368652
1,64.02197,-97.47705,152.52441,-14.298828,88.31348,78.6958,51.865475,-8.025055,31.951904
2,54.026855,-111.72876,141.78027,-23.950195,75.53711,67.743164,16.21222,-30.981506,3.902588
3,47.914307,-116.27954,137.60742,-39.09375,72.98645,65.81836,0.7895622,-40.428802,-8.700439
4,51.91089,-109.115234,143.71582,-35.871094,82.43298,67.69385,26.03556,-18.37439,14.671143
5,55.071045,-99.62451,139.7041,-24.948242,74.18054,61.43701,38.956715,-15.632233,21.692139
6,55.77417,-99.80737,133.36035,-18.58789,68.68738,62.285645,29.691952,-25.663208,14.331055
7,62.378906,-101.33325,143.00098,-22.047852,79.86621,70.458984,7.210991,-35.086334,-1.7446289
8,48.321045,-113.206055,135.15039,-39.421875,71.73938,57.987793,-5.6508007,-46.310974,-17.892578
9,46.50708,-109.08716,142.38379,-38.018555,78.03943,55.48584,22.035366,-33.76013,2.4365234
10,45.720215,-107.19556,143.83691,-33.003906,77.482544,50.39453,32.750515,-31.925385,8.448975
11,42.74292,-115.02466,134.63281,-28.652344,70.35205,58.458984,9.746113,-42.640594,-6.88208
12,60.95337,-100.09839,136.625,-26.609375,73.487915,69.17139,-7.7922764,-49.109955,-14.259766
13,46.17505,-108.76196,135.8418,-40.76172,71.50928,56.0708,-2.695469,-50.146423,-14.748535
14,52.41211,-98.75195,145.86133,-33.348633,82.505005,55.33252,36.61569,-27.197449,10.8671875
15,53.584473,-106.22241,146.00488,-24.701172,82.72168,58.06494,35.70532,-29.16745,11.052246
16,49.095947,-112.17139,141.7539,-30.807617,77.01526,61.36035,0.5268593,-45.3273,-11.189209
17,53.144775,-100.05762,130.42871,-34.65918,71.68176,61.01172,-11.631964,-50.799103,-15.921387
18,64.59424,-85.33765,134.21191,-27.757812,74.81018,57.683594,18.56945,-29.438171,6.880127
19,56.456543,-91.048584,131.74121,-24.682617,68.434326,53.158203,29.930874,-28.325256,14.710449
20,65.53125,-88.71875,143.40332,-16.151367,75.94629,62.490234,16.316288,-34.43103,3.6137695
21,64.36206,-91.30664,145.44922,-26.323242,85.721924,72.74463,-0.1373291,-37.148926,-4.645996
22,51.644287,-98.34668,136.28809,-43.625977,85.527954,55.42871,1.521286,-40.88513,-6.592041
23,56.897217,-92.149414,141.6582,-32.640625,90.1416,49.118652,34.00281,-24.443726,10.677734
24,67.117676,-86.84595,140.87012,-15.449219,84.250244,57.501953,39.045216,-20.926544,15.017334
25,63.664062,-94.52319,131.4414,-24.424805,69.82861,56.91504,-2.7578812,-46.992126,-9.671387
26,61.67041,-98.930176,136.3711,-36.64258,70.87305,52.0459,-23.212427,-61.632812,-28.560791
27,56.08545,-101.36084,140.33398,-49.20117,83.27051,46.169434,10.022175,-41.235504,-2.1791992
28,63.577637,-92.66455,145.11133,-27.134766,90.04004,56.859863,40.50561,-15.80545,23.705566
29,71.68555,-88.596924,145.98242,-10.245117,83.749146,63.913086,23.190575,-30.197601,8.091797
30,80.473145,-78.65747,136.84473,-10.071289,74.632935,66.38916,-10.846752,-49.812805,-21.466797
31,59.53882,-94.6062,129.36035,-29.186523,73.61267,63.612305,-12.155132,-48.548187,-13.205566
32,55.80713,-94.961426,143.93066,-24.851562,90.541504,60.695312,27.453129,-21.583954,14.859863
33,67.771484,-86.45654,143.45117,-10.951172,84.11511,60.286133,25.086353,-28.967773,11.303223
34,71.11987,-91.94531,142.75293,-14.821289,81.358154,58.66992,0.88401794,-42.60559,-8.168457
35,62.66211,-100.15527,129.65234,-35.20996,75.60303,55.27832,-19.196218,-54.019043,-23.551025
36,80.519775,-76.00806,144.42383,-19.629883,95.44922,64.194336,12.149258,-29.851776,2.7338867
37,64.93823,-89.86694,138.58984,-24.78418,88.086914,47.100098,27.13578,-32.49231,8.466797
38,71.829346,-91.417725,151.98242,-14.832031,98.381226,59.409668,29.021397,-27.904388,8.566162
39,74.0249,-91.04321,144.3789,-30.03125,86.49292,53.143555,-12.342295,-53.662537,-21.04004
40,68.04541,-97.33057,140.01074,-41.913086,84.09094,47.01123,-19.384563,-57.763153,-23.04004
41,70.648926,-86.53784,145.36719,-28.952148,99.776855,61.54492,29.58324,-20.78067,11.69458
42,74.951416,-86.34546,148.5293,-21.555664,95.1322,57.18164,33.258404,-23.748566,15.952393
43,72.19043,-89.28882,154.6582,-12.556641,100.770874,64.458496,19.918125,-31.626587,2.4658203
44,73.332275,-84.353516,152.9375,-21.08496,101.45398,68.654785,-2.5648537,-37.455994,-7.7963867
45,68.96387,-79.77588,154.76074,-33.089844,111.59961,58.78418,23.516937,-23.160126,8.530762
46,73.03467,-72.52344,160.65527,-20.893555,117.75464,54.00293,50.940556,-13.687744,22.889893
47,74.99463,-69.71338,160.05273,3.5273438,114.67456,71.17334,46.0723,-14.02594,23.302246
48,75.253174,-70.916504,140.85742,-2.8544922,89.631714,71.66846,-1.0455437,-41.70691,-9.623779
49,73.41577,-71.72778,146.08984,-9.53125,102.36951,73.58545,5.9508095,-29.616058,0.7121582
50,72.23657,-68.79956,154.27539,-3.6230469,112.75171,76.81445,38.12476,-8.735901,28.59961
51,65.20459,-74.24072,149.31836,-2.65625,107.646484,62.972168,55.615383,-6.0294495,32.745117
52,71.54126,-80.12109,145.47363,-5.40625,98.164795,64.73926,24.306011,-31.439545,8.158691
53,78.28906,-72.631836,138.68652,-9.253906,91.182495,68.49951,-6.424677,-50.930573,-12.464111
54,69.88403,-74.94751,121.83496,-21.679688,75.37988,52.92041,-14.987511,-57.813477,-15.73877
55,84.69922,-60.70117,144.34863,3.180664,95.86511,68.947266,33.49262,-24.311737,20.919922
56,72.68408,-73.11377,148.38379,-2.3759766,95.26831,56.66162,28.88618,-32.00766,8.369141
57,75.001465,-81.38745,145.72461,-4.2714844,92.12891,63.094727,2.9025955,-39.562714,-5.717041
58,72.27002,-86.29028,144.56055,-22.90918,97.70044,62.925293,-9.785353,-43.332947,-12.843018
59,80.6958,-69.09863,153.82422,-13.990234,112.51636,65.12891,28.338135,-20.172302,12.448975
60,75.06079,-75.944824,148.68945,-11.192383,105.30676,54.32617,42.57571,-11.848755,25.609863
61,91.77295,-63.382812,146.06738,4.0351562,99.73926,65.367676,27.131474,-19.650818,15.482178
62,87.757324,-70.29419,141.56543,-13.8515625,87.863525,50.226562,-10.05154,-46.887238,-22.692139
63,85.65503,-66.81714,147.16602,-18.17871,100.368286,56.59668,-2.107872,-38.84024,-9.744629
64,92.621826,-54.804688,163.1582,-1.9052734,120.14905,61.57959,43.064304,-8.478516,20.757324
65,87.69556,-64.6543,161.25586,-6.2109375,110.391846,49.621582,41.994877,-17.234558,16.320312
66,89.66211,-63.331787,156.24707,-6.2246094,103.83154,55.575195,10.500343,-31.622162,-2.7231445
67,91.017334,-64.694824,144.32617,-13.720703,99.54785,61.18457,-8.232,-37.085358,-11.749512
68,92.07666,-61.12207,145.59375,-16.580078,98.19678,51.53662,3.9973755,-33.556793,-4.4311523
69,88.259766,-63.29297,158.25488,-5.3632812,114.14221,57.53662,43.614437,-10.170227,22.27246
70,84.187744,-72.13916,158.69434,-1.2324219,114.54028,56.43701,31.53696,-18.404755,8.101318
71,91.02026,-72.809814,152.99121,-8.0625,104.17993,60.118164,-0.72253036,-36.53476,-11.121582
72,85.42334,-75.07593,151.6416,-13.395508,106.24414,60.577637,-4.5414143,-36.087555,-11.239258
73,89.3208,-67.86035,155.52441,-8.426758,111.669556,58.14746,27.139168,-20.509216,12.476807
74,106.45264,-49.013428,156.85547,11.744141,107.69348,65.66992,36.61999,-12.360107,21.722412
75,92.40332,-70.504395,146.79004,-0.50878906,96.91113,55.871582,3.2632332,-39.397278,-9.314697
76,85.83984,-76.99902,144.84277,-11.90918,103.23779,57.838867,-14.992647,-47.17331,-21.372314
77,81.677246,-74.05786,151.33789,-13.90918,119.689575,64.930664,14.236687,-23.375305,9.476807
78,76.94702,-76.30347,148.08301,-12.043945,107.71155,44.573242,28.024624,-24.063477,11.88208
79,94.5603,-67.45679,157.84668,6.555664,113.90503,59.141113,30.770573,-18.637573,12.875244
80,90.22363,-71.36743,133.38672,-3.4609375,84.7345,50.730957,-21.05476,-55.74002,-23.77417
81,88.79126,-73.84863,131.51953,-13.674805,82.36792,44.80713,-38.013214,-67.16962,-32.340088
82,81.069824,-73.12109,140.69336,-14.2421875,103.63684,45.013184,10.178585,-33.42453,2.6096191
83,74.5625,-86.37573,146.40625,-7.9658203,108.44678,44.083008,32.192043,-20.068237,10.30542
84,83.951904,-80.86182,149.75977,1.1113281,102.987915,53.251465,8.613781,-33.370453,-7.1694336
85,85.26318,-80.302,146.91113,-6.1992188,98.24878,55.097168,-23.055458,-55.390625,-27.15918
86,78.07178,-81.54468,136.07617,-12.012695,93.81531,49.06836,-24.007133,-59.03479,-24.861084
87,77.180176,-74.23535,140.34375,-5.4179688,102.390625,47.929688,15.016193,-33.574432,5.4882812
88,77.214355,-81.340576,142.79688,4.0859375,106.04199,51.867676,23.582153,-31.682861,3.5456543
89,69.84424,-94.4104,133.4248,-2.0859375,90.70337,50.74951,-18.459488,-50.592804,-21.214111
90,74.83667,-85.59155,133.75,-5.8916016,97.92969,57.57422,-25.747288,-55.68518,-24.776367
91,72.8811,-81.35498,137.56055,-13.15332,100.92786,47.85205,-7.056959,-43.443726,-9.910645
92,82.417725,-78.522705,146.53809,0.13574219,105.51526,51.864746,26.253841,-23.004517,15.232422
93,87.16382,-79.52954,148.80566,6.745117,104.83972,59.38623,19.027332,-23.774536,9.516357
94,86.8728,-85.87012,143.89941,0.6796875,109.97095,64.48584,-6.3131294,-38.26413,-9.412598
95,74.57446,-86.30322,140.12598,-7.245117,107.46973,56.342285,-13.567455,-44.11075,-10.831299
96,75.47778,-82.00415,144.12207,-1.3945312,111.43176,53.40332,19.114159,-26.31128,7.6691895
97,70.625244,-86.25366,135.96191,3.0878906,98.36255,48.728027,18.074017,-34.165466,3.6906738
98,74.16943,-89.86597,135.0625,11.602539,100.56592,62.251953,-0.6691208,-40.620758,-7.169922
99,79.40796,-82.92139,140.99316,2.2890625,110.775024,60.745117,-12.700911,-41.871002,-13.53125
100,75.697266,-84.14404,142.88672,-8.170898,112.592285,53.30371,6.362129,-33.26709,-3.0158691
101,76.4751,-80.27637,147.87598,3.352539,115.74304,52.97461,32.638355,-16.687317,18.793701
102,72.14258,-90.82202,142.35449,4.682617,106.30249,57.129395,19.2589,-27.60025,8.861816
103,81.400635,-86.497314,129.86621,1.7363281,87.54443,55.197266,-29.063862,-63.47339,-27.560303
104,98.08887,-65.89404,149.0039,5.2626953,114.47925,64.86963,-7.661978,-42.00363,-9.440674
105,76.43042,-86.835205,145.83008,-6.3125,116.8584,45.734863,21.05994,-29.167236,4.5092773
106,78.13916,-82.38574,149.55957,10.796875,119.71924,54.90039,35.867,-17.340942,16.98291
107,77.39819,-86.113525,148.69434,11.869141,107.91431,56.4541,2.2440948,-34.736816,-4.779297
108,77.076416,-86.77881,136.17578,-3.665039,95.151245,47.166016,-35.39394,-62.26532,-36.321533
109,81.86279,-76.1311,132.84082,-5.057617,94.0072,42.589844,-24.804485,-61.0813,-29.03003
110,85.79443,-69.750244,145.84473,6.970703,112.179565,50.94629,21.254131,-26.88147,7.8342285
111,77.71582,-84.36743,146.49902,7.0791016,111.11755,48.65039,15.627289,-32.046204,-2.4882812
112,76.576416,-87.39429,140.03906,2.2763672,101.48279,48.46631,-19.513565,-51.7959,-27.885742
113,72.94336,-82.30664,137.46289,-3.2666016,101.854004,44.93164,-27.696905,-59.369232,-36.045166
114,73.9187,-75.21753,137.45312,1.6660156,109.73889,39.143555,1.7019958,-39.39209,-10.264893
115,83.71045,-69.354004,142.26953,12.504883,108.56702,42.19043,18.650887,-29.320312,0.84472656
116,81.27759,-80.21997,139.6709,11.749023,102.59119,48.543457,1.2955055,-43.415894,-12.49707
117,71.66821,-89.49487,134.38477,-3.1914062,99.3595,49.881348,-23.26043,-54.439056,-28.660889
118,81.838135,-77.05664,139.10156,-4.163086,109.42407,48.865234,-7.6101246,-43.157898,-10.594482
119,91.238525,-67.98633,149.36133,4.5458984,115.69702,46.97461,20.73378,-26.80017,6.0356445
120,87.72632,-71.89136,151.51855,18.521484,115.08679,48.330566,21.451805,-29.850037,2.7844238
121,78.27124,-83.08984,138.33301,16.878906,104.57483,54.302246,-13.589136,-52.419037,-26.203857
122,75.43286,-85.15625,134.52148,-3.4326172,102.41748,48.89502,-27.667082,-57.71396,-28.633057
123,66.26172,-88.16577,134.39258,-9.75293,107.267456,40.40576,-1.6399765,-42.32675,-10.056641
124,77.46289,-80.043945,145.35254,4.5947266,114.19104,43.399902,24.129883,-25.881042,11.25708
125,72.934814,-87.906494,138.86914,1.2421875,105.527466,40.33838,4.349972,-38.32837,-7.6745605
126,79.72583,-85.88989,143.5498,1.9169922,112.48413,55.742188,-12.565403,-43.93091,-18.270264
127,92.06641,-67.32544,148.65723,6.879883,118.44177,60.47461,-4.7867184,-33.01715,-5.9052734
128,89.55786,-68.58325,150.53027,10.666992,121.80115,51.315918,23.72076,-21.9859,12.17749
129,79.77954,-80.3667,148.0498,9.895508,120.15967,45.356934,24.669136,-25.564331,7.8864746
130,75.39087,-88.68945,136.8916,5.073242,109.1095,47.695312,-2.024334,-41.99225,-16.456787
131,74.309326,-87.99292,135.05469,1.375,104.86658,47.21826,-24.612564,-52.038147,-27.096191
132,87.69873,-66.8999,146.34277,10.875977,113.76257,46.82666,-2.3758278,-41.74237,-12.267578
133,85.559814,-66.32422,144.58496,21.167969,119.28235,51.581055,26.928318,-19.758026,12.005371
134,82.558105,-77.27783,146.08301,16.919922,115.996826,52.851074,21.38659,-25.337189,4.822754
135,88.14966,-77.20581,141.33105,11.443359,109.64038,52.40088,-9.772812,-38.714233,-14.441406
136,92.68115,-69.532715,144.91113,4.334961,110.70032,45.55371,-15.786606,-43.17929,-21.205322
137,87.72241,-68.79028,145.74316,13.424805,114.61194,45.1709,13.6788025,-32.081238,-2.7995605
138,87.74585,-71.20557,149.99707,25.385742,117.792114,54.12549,25.150589,-25.55072,9.5876465
139,84.66968,-78.41333,146.30664,24.828125,109.4469,58.59326,6.9685783,-29.705627,-1.4785156
140,77.17212,-86.96094,135.09277,4.4941406,101.2157,49.476074,-20.768711,-42.429474,-20.655762
141,82.76099,-74.664795,145.22363,8.59375,112.4978,46.83545,-2.1454086,-31.420776,-6.3117676
142,92.45044,-64.076904,150.44434,24.5,122.83191,53.868164,30.014492,-14.103882,15.127441
143,95.605225,-61.696777,150.7461,29.90625,111.8938,56.25244,20.569557,-20.557251,9.514893
144,91.775635,-71.895996,138.75684,18.106445,95.62976,49.308105,-21.518456,-53.233,-27.578857
145,93.15845,-70.21094,137.54395,8.527344,102.16992,47.54004,-24.18016,-51.78589,-25.791748
146,82.18652,-81.82959,144.75293,-3.243164,112.99243,37.953613,7.0347633,-29.99649,-0.48608398
147,92.33887,-68.322754,154.30762,14.894531,118.65466,40.075195,32.82725,-14.89743,11.86499
148,96.39307,-68.78467,148.83496,19.957031,107.12549,47.79834,2.4632645,-35.316284,-10.354736
149,92.235596,-74.1333,139.45508,12.379883,98.87366,54.566895,-31.696875,-55.64624,-28.118164
150,93.88013,-64.06494,148.90625,10.657227,115.549805,57.77246,-6.5733395,-35.882965,-4.80249
151,89.52344,-65.52197,157.79883,15.345703,127.45178,53.52832,36.96181,-9.096985,17.885742
152,86.08472,-75.35425,149.95508,15.959961,121.16101,47.936035,29.613995,-15.392029,10.2229
153,88.07007,-76.063965,140.16309,13.219727,105.73157,46.80127,-17.021227,-48.121277,-21.19458
154,85.84546,-78.82837,137.77441,2.2998047,102.82605,40.50049,-28.5155,-49.660553,-30.707031
155,94.21387,-61.089844,147.25195,15.503906,121.598755,50.85742,19.851685,-18.143188,8.701172
156,89.497314,-67.602295,149.1416,20.113281,120.349976,49.720215,37.297565,-15.4158325,17.11914
157,89.70044,-73.00342,144.13574,22.882812,105.93628,46.422363,4.23061,-41.586945,-10.366943
158,81.70752,-83.20703,135.85742,5.756836,104.46814,41.850098,-20.815928,-47.66794,-27.765137
159,70.22485,-86.51929,125.12305,-5.786133,98.69165,33.40381,-23.153606,-49.723175,-28.208252
160,77.00928,-74.12036,135.6875,11.96875,107.49426,39.93164,13.468353,-24.398102,2.567871
161,85.99609,-73.84717,140.43555,29.171875,104.36084,51.7417,22.839878,-19.220337,13.294434
162,85.87622,-75.637695,147.26855,27.080078,117.33423,60.371094,5.2405205,-25.144196,-1.4204102
163,79.86914,-84.67969,147.74023,9.7109375,117.6178,58.538574,-12.298918,-35.169373,-11.705566
164,80.85083,-79.56128,141.73535,1.6640625,114.81055,40.95752,0.6631584,-30.191376,-6.8393555
165,86.57056,-74.27124,146.56543,8.295898,115.87988,33.020996,21.242733,-23.001343,1.5898438
166,84.18408,-77.11792,134.7832,19.582031,106.46777,49.757324,13.694504,-20.133087,1.309082
167,92.49829,-70.51245,136.63477,17.835938,106.42297,52.23877,-12.427855,-33.62558,-9.998779
168,82.04419,-75.76538,141.85254,8.8203125,114.081055,47.44922,-13.868317,-32.319885,-8.860352
169,79.46924,-72.75488,146.5,15.015625,117.78772,40.412598,13.955917,-19.961731,10.866455
170,83.63013,-76.71777,152.35254,20.838867,116.776245,35.427246,19.402306,-24.956757,6.166748
171,92.03516,-71.87695,153.0918,20.123047,117.93921,49.632324,4.6352463,-25.03476,-2.239746
172,89.40015,-77.85254,132.3789,5.705078,106.60889,43.635254,-23.749477,-45.134583,-23.200928
173,98.430664,-62.463135,137.83105,12.097656,108.23523,42.56787,-8.905901,-39.444855,-10.843506
174,88.66333,-66.37695,149.89551,21.984375,121.29578,37.856934,17.808334,-24.730988,6.39917
175,85.27783,-76.680664,143.14844,14.4765625,111.59338,32.03174,10.781273,-27.536041,-3.631836
176,87.95337,-72.515625,139.8711,10.067383,107.53186,41.188477,-20.266401,-45.65448,-24.82959
177,75.70947,-80.41455,136.56055,-1.5419922,105.3241,26.875977,-27.19556,-57.05896,-40.651123
178,69.729004,-79.23657,132.30371,-8.745117,105.02844,14.765137,-2.1373978,-40.13974,-17.694824
179,92.74414,-55.135986,147.69727,18.722656,116.614746,33.60791,26.3233,-12.515167,13.078125
180,88.50049,-70.64917,139.71973,12.930664,104.746704,33.52588,-5.5981255,-39.58435,-15.050049
181,85.21875,-73.14111,143.94824,3.6894531,107.51355,37.823242,-26.319794,-49.032288,-29.161377
182,75.84595,-79.11694,136.48828,-6.4375,104.856445,29.714844,-21.597363,-47.445038,-24.76123
183,75.549805,-76.32202,141.98047,-0.82714844,113.012085,19.677246,9.431797,-36.24817,-8.696289
184,70.390625,-86.91675,138.49316,3.6826172,108.00781,19.110352,14.94783,-37.018036,-15.377197
185,78.67505,-77.36743,141.38867,10.172852,107.4668,36.708496,-13.189011,-39.40564,-24.784424
186,73.7146,-83.533936,135.99512,-11.322266,101.305176,31.089355,-33.185997,-53.667297,-30.131348
187,79.41089,-70.65576,145.81348,-3.0449219,112.392944,25.086426,-4.8140545,-35.140076,-8.299072
188,81.98169,-67.16431,144.01074,15.97168,114.80493,34.126465,19.444145,-18.748016,7.1379395
189,74.59741,-82.56201,141.52344,15.918945,110.34082,36.185547,4.495693,-27.771881,-10.658936
190,80.78076,-78.76367,134.91895,12.469727,101.34436,33.026367,-29.204071,-48.30359,-37.419678
191,79.86621,-75.66211,136.03516,7.0126953,107.238525,38.348145,-24.119564,-42.611725,-19.942871
192,80.84741,-69.032715,138.96289,14.545898,110.058105,39.16162,7.222416,-28.200134,3.8220215
193,84.63623,-69.29077,143.72754,24.59375,111.01843,35.415527,13.969543,-24.843384,1.1591797
194,84.53735,-76.517334,142.46582,24.579102,105.17517,41.930664,-7.646166,-34.892487,-15.855957
195,91.79004,-68.45459,142.14062,18.816406,108.395996,47.74756,-24.623587,-39.6102,-19.536621
196,93.32178,-57.640137,139.35352,11.174805,108.96338,38.70117,-8.13653,-33.7995,-11.055908
197,86.170166,-61.3125,152.74902,30.501953,120.29309,49.52881,31.397373,-4.0699463,20.609863
198,71.21973,-83.64502,136.90527,12.676758,102.66113,36.56836,6.0110397,-26.178864,-3.2185059
199,82.77124,-74.37427,139.41016,16.879883,102.52832,51.68701,-23.786343,-38.273285,-13.350098
200,91.77197,-59.02832,140.78906,20.338867,109.362305,53.32129,-16.912163,-32.5307,-7.2907715
201,75.21655,-72.33838,135.67578,3.3359375,99.82495,19.929688,-2.1021156,-35.78952,-13.006836
202,77.90161,-75.456055,133.30371,11.536133,94.881226,18.136719,1.655468,-40.87021,-16.50293
203,81.82031,-75.417725,131.39941,14.900391,96.77051,34.847168,-19.184149,-51.310486,-25.497803
204,79.12622,-78.08667,134.8252,13.255859,99.89148,43.70703,-29.364975,-52.298462,-26.583496
205,65.674805,-83.71533,131.73828,9.479492,100.11841,37.421387,-14.54516,-41.26767,-15.003662
206,80.13721,-65.77124,146.22266,19.29004,112.82605,39.90088,21.595509,-17.770355,7.3830566
207,87.232666,-65.678955,141.0459,30.097656,102.66992,43.254395,3.0986443,-32.25168,-1.5727539
208,86.02368,-65.5105,133.5586,24.125977,92.69336,41.26465,-33.08019,-55.0701,-31.603271
209,88.36621,-62.741943,138.4707,13.767578,104.50842,41.7041,-27.860415,-47.397736,-22.79126
210,81.2937,-64.47632,137.85352,11.478516,102.03357,40.049805,-5.2232666,-34.503357,1.2558594
211,84.20923,-68.14453,145.79102,16.663086,108.38953,36.195312,12.626743,-29.16092,2.8032227
212,87.50342,-69.726074,137.52637,12.198242,98.66736,35.569336,-14.092184,-47.247437,-17.863525
213,93.64844,-61.03247,136.37598,11.636719,96.11548,43.34326,-35.317204,-53.934814,-29.042236
214,97.66333,-54.46338,135.67773,17.137695,100.71509,46.65625,-19.234215,-42.095886,-8.135742
215,91.99707,-52.68994,139.92773,17.442383,104.86047,32.50879,7.647129,-25.842834,4.048584
216,85.94092,-66.19653,128.1836,7.6523438,95.96167,17.76416,-2.8498192,-41.581696,-15.430664
217,86.08594,-71.29956,126.009766,4.7734375,102.69092,33.549316,-22.150887,-45.38382,-25.30957
218,88.20825,-56.771973,127.65723,16.032227,99.8551,49.161133,-29.953562,-49.321075,-22.374512
219,111.93164,-31.465576,145.95898,28.71289,114.27185,55.129883,4.905216,-21.717804,8.084961
220,95.05151,-48.54297,141.35156,17.37793,101.43945,34.80371,10.149166,-25.66214,6.3581543
221,97.783936,-55.97754,142.4668,17.685547,101.25769,33.416992,-11.63625,-43.29065,-16.610107
222,90.714355,-63.01465,131.71387,3.5625,91.77173,28.495117,-46.292114,-63.776886,-41.043457
223,92.98242,-57.68872,135.62598,3.868164,101.42102,31.75879,-22.979475,-41.483124,-20.376953
224,91.83569,-58.476074,136.78613,5.1933594,97.64319,22.717285,-4.9823494,-39.127777,-10.047363
225,95.8418,-52.63208,136.30273,11.2109375,87.74109,21.822754,-12.297625,-48.49518,-13.13623
226,98.4126,-55.453857,131.70996,13.53418,85.520996,25.824219,-36.093754,-60.16513,-36.927002
227,80.836426,-68.918945,122.34668,1.6669922,86.78821,29.149902,-41.29358,-54.01288,-35.14966
228,72.791016,-74.117676,130.01367,-6.7246094,84.78992,14.085449,-29.017807,-48.745117,-22.801758
229,80.40552,-66.05298,136.9209,16.111328,93.41504,29.480469,-1.0650215,-33.897858,-0.68725586
230,75.67163,-74.7395,125.54883,16.603516,77.65515,24.12793,-27.90898,-57.510315,-26.981934
231,81.89868,-70.62964,121.17285,18.375977,79.65454,34.61084,-47.56812,-61.122955,-35.19336
232,73.97485,-70.0376,119.89258,6.6308594,88.0813,30.200195,-32.52313,-47.221283,-24.002686
233,68.80493,-77.23926,112.4707,-5.3671875,77.86157,7.1953125,-21.900955,-49.33554,-21.222656
234,73.02734,-70.11279,123.90332,15.239258,81.787964,17.428223,-11.47616,-45.30484,-15.100098
235,80.61084,-67.015625,127.04004,23.699219,86.17102,34.118164,-29.13758,-54.80493,-23.716797
236,78.19849,-68.25,119.20801,5.8632812,81.413574,25.623047,-50.306934,-68.95987,-46.208496
237,76.63403,-66.75464,114.78906,3.225586,78.192505,22.074219,-39.502506,-61.236298,-29.89795
238,80.29224,-60.970947,124.96484,17.367188,86.03735,28.222656,-9.543577,-45.180786,-11.682861
239,78.89868,-72.55591,125.953125,14.3203125,86.04419,28.484863,-16.696218,-44.026276,-15.934082
240,78.534424,-74.52417,122.51465,4.2783203,78.83667,20.519531,-53.286873,-66.828186,-46.276367
241,80.02026,-73.33569,126.131836,-4.248047,81.27185,16.35254,-53.194862,-70.54193,-47.81665
242,76.086914,-70.899414,132.29297,-1.5898438,85.18286,19.177734,-27.181292,-53.40381,-24.511475
243,78.062744,-70.01367,130.37402,18.670898,87.48999,37.32373,-6.039814,-37.130524,-3.2954102
244,81.448975,-71.95996,120.45801,14.5078125,76.975464,33.722168,-35.09848,-54.143982,-22.869385
245,82.230225,-71.573,119.92578,-2.8730469,84.09595,26.751953,-51.35447,-63.783813,-39.749756
246,72.781494,-71.08911,121.06641,-4.28125,87.138794,23.178223,-37.172558,-54.660645,-26.386963
247,76.45361,-63.024414,135.41113,20.918945,102.923706,35.16455,6.650669,-29.858063,3.7719727
248,71.19409,-71.21265,126.1543,20.251953,88.9707,31.243164,-10.04414,-43.185516,-15.475586
249,69.26611,-81.86084,113.96387,6.899414,73.846924,32.166016,-52.698196,-66.741394,-39.799805
250,71.90234,-73.90723,115.05957,10.480469,78.41516,42.73291,-47.636696,-56.121246,-24.764648
251,57.531494,-80.931885,116.81055,-6.7158203,79.03711,22.145996,-31.15126,-53.599884,-21.67041
252,76.83276,-61.30713,131.56348,16.874023,91.03406,31.101074,-3.6200237,-34.158264,-4.80542
253,73.26782,-73.3147,126.57617,17.945312,87.467896,31.856445,-19.51315,-47.491608,-22.665527
254,66.64697,-75.97998,122.06641,8.586914,81.80054,36.316895,-42.625362,-55.441223,-30.996338
255,74.368164,-62.71582,130.02637,16.472656,91.22681,44.853516,-27.30354,-43.772217,-12.748047
256,68.67554,-68.5686,118.993164,13.416016,80.92578,30.731934,-7.3518124,-36.314575,-4.5874023
257,60.73462,-78.2334,125.75488,17.546875,84.7262,27.163574,-5.2526207,-36.041016,-8.868408
258,62.304443,-75.36426,123.80957,13.535156,83.81311,32.63867,-35.89103,-55.409058,-28.467285
259,57.5166,-82.99585,115.325195,-3.819336,75.489136,23.219727,-56.21351,-70.06601,-39.21118
260,62.43213,-70.596436,119.02051,2.78125,84.12964,18.009277,-29.071873,-54.838257,-25.142334
261,75.84961,-59.551025,121.39453,20.473633,80.14734,26.490723,-2.7088509,-35.86075,-0.4189453
262,76.32495,-58.16748,114.52832,23.918945,72.4635,32.024414,-18.361177,-43.559296,-11.76709
263,79.60083,-68.48877,111.90234,6.8320312,66.14026,25.129395,-53.490692,-67.724915,-43.98828
264,69.53198,-72.30176,117.490234,1.3925781,83.24451,23.85254,-44.262085,-60.910828,-32.40918
265,44.23584,-96.67578,113.850586,-20.539062,91.29089,10.511719,-3.8030548,-37.34668,-8.11084
266,54.33203,-88.279785,120.94141,3.2041016,92.19031,15.089844,8.246746,-31.928162,-0.68774414
267,68.57422,-73.59546,116.8457,11.605469,82.65344,28.533691,-29.078203,-54.379425,-29.471924
268,74.704346,-71.2334,107.461914,9.78418,74.77942,35.827637,-49.006676,-63.441895,-33.813477
269,74.56006,-60.71997,106.22949,11.900391,76.00488,41.063965,-26.420101,-43.95874,-6.0771484
270,69.52905,-64.56055,116.643555,9.589844,82.81799,28.950195,-0.7961159,-30.638885,7.32251
271,71.18042,-70.64917,122.71484,9.332031,90.06067,28.30127,1.1641731,-33.4252,-5.039551
272,56.07666,-88.36426,111.69043,-7.9384766,78.7345,21.58545,-42.066975,-61.799347,-37.07202
273,57.976562,-79.51904,107.288086,-15.203125,81.458496,18.419434,-40.74609,-55.943665,-30.73877
274,53.936523,-80.055176,105.08301,-13.977539,74.84241,8.015625,-18.226501,-47.374756,-19.43457
275,66.92627,-71.24097,117.96777,4.6533203,85.062256,23.675781,0.47694016,-34.035614,-5.642578
276,66.88257,-74.46362,103.293945,0.95410156,69.583496,25.120117,-33.03302,-52.10852,-21.61792
277,58.378174,-88.877686,100.28711,-19.90918,68.56055,22.030273,-56.717407,-68.619965,-40.556885
278,56.561035,-83.52051,110.41406,-23.210938,79.94995,16.229492,-34.993557,-57.515717,-28.92163
279,51.6792,-79.6228,112.694336,-12.6953125,81.43933,11.984375,-11.891937,-46.838135,-11.894287
280,57.987305,-80.81543,116.43848,5.6445312,82.28259,28.27246,-8.969454,-40.054718,-3.1384277
281,67.19287,-72.4541,108.50781,1.2978516,67.737305,29.936523,-40.895794,-55.54727,-27.67749
282,78.223145,-57.332275,114.19043,5.071289,82.09668,42.35791,-37.383896,-48.0365,-16.79248
283,75.079834,-61.628418,108.46777,-5.1640625,78.51526,21.250977,-25.503107,-51.67749,-16.00293
284,91.01611,-49.9563,121.64453,7.6933594,88.59534,29.847168,5.151966,-31.649567,2.1269531
285,86.148926,-60.802734,107.89258,-1.6474609,71.718994,24.307617,-21.994967,-42.684906,-14.459717
286,106.60474,-41.43921,104.506836,1.7216797,69.533325,41.117188,-48.08624,-49.96158,-21.826416
287,110.734375,-41.96704,101.77246,-8.31543,67.486694,27.223145,-41.754707,-52.6539,-18.217041
288,124.8772,-20.508545,119.91797,2.5908203,79.10901,27.863281,-12.471996,-39.029266,1.7583008
289,132.46509,-24.164062,122.453125,11.516602,78.349976,30.066406,-16.09631,-43.837494,-6.550049
290,126.19141,-30.909424,106.91992,-1.4277344,63.358032,24.309082,-46.767693,-65.682556,-32.06299
291,122.20093,-33.190186,100.66992,-10.985352,62.041504,22.91504,-59.97118,-71.791046,-38.557373
292,129.34497,-20.556885,113.67871,1.8681641,75.157104,31.048828,-27.526728,-41.019836,-6.7177734
293,120.74072,-26.112305,116.14453,15.3203125,76.4353,28.586914,-1.203804,-33.829254,6.0253906
294,120.61963,-25.40747,119.25391,19.072266,79.22449,33.53955,-13.0494175,-41.033478,-4.7685547
295,123.62109,-25.533447,106.552734,1.3886719,60.444946,27.069336,-56.90317,-65.803314,-34.059814
296,145.75244,-7.055176,113.82422,-7.104492,70.30774,22.558105,-47.287495,-59.51523,-27.93872
297,168.57349,17.3833,119.63281,-0.041015625,79.8833,16.75879,-21.38807,-44.01361,-12.95166
298,155.23926,0.44091797,112.581055,-5.3652344,65.772095,2.9736328,-19.00664,-51.15802,-21.917969
299,146.48853,-5.3466797,117.75781,0.29589844,71.84558,26.994629,-34.20797,-49.506714,-21.50415
300,126.19336,-22.02539,102.3291,-11.644531,64.0105,23.892578,-58.424942,-63.46823,-36.77173
301,116.45117,-22.328613,103.02734,-9.981445,76.06641,15.84082,-32.472748,-45.959625,-20.879883
302,105.19678,-37.30542,100.1875,3.3339844,70.927246,22.045898,-4.1514664,-33.62433,1.7666016
303,109.16943,-32.869385,109.76953,18.88379,77.477295,40.543945,-11.659824,-37.021667,4.2370605
304,92.49585,-55.25122,104.896484,-0.3857422,76.78931,34.664062,-38.48698,-52.66153,-25.334229
305,82.58057,-57.578125,104.72656,-10.191406,81.71179,30.600586,-33.004147,-45.592255,-16.343262
306,72.70068,-64.28491,106.45801,-7.0273438,81.96533,25.148926,-11.106319,-35.822968,0.55444336
307,77.28613,-62.375977,105.15039,6.899414,84.75696,33.59375,11.087051,-18.931946,18.751465
308,60.96045,-75.704834,89.21387,-7.649414,61.81714,25.995117,-33.308613,-49.23224,-18.067627
309,65.91406,-77.09668,93.28125,-14.235352,66.96631,23.841797,-48.140938,-57.12079,-28.740967
310,63.151123,-70.72876,99.46484,-16.41504,85.09473,23.175781,-24.031315,-45.599945,-12.246582
311,65.30469,-68.99902,107.34473,-7.3310547,78.9845,15.803223,-9.133955,-46.67447,-8.266846
312,71.23193,-74.06372,110.95215,0.7246094,81.21411,28.775879,-11.195719,-40.801636,-1.6074219
313,66.32178,-77.541016,99.80078,-3.0839844,68.633545,33.0708,-47.04496,-58.376892,-22.174316
314,57.120117,-81.190186,86.956055,-23.867188,62.995728,15.1875,-57.550026,-68.54736,-38.76001
315,59.388916,-72.224365,102.18262,-12.7890625,79.8678,15.979004,-20.860477,-47.15628,-12.625488
316,55.871826,-67.99072,102.81543,0.4169922,80.8833,25.94043,-1.4088821,-33.306732,1.4526367
317,45.817383,-89.43628,102.7168,-6.635742,83.384766,29.22705,-15.01017,-35.093384,-6.890625
318,58.789795,-77.00073,100.265625,1.9414062,74.61548,47.331543,-36.805283,-46.196686,-12.703857
319,61.320312,-67.33716,97.600586,-3.3691406,69.990234,35.39453,-36.717228,-46.509583,-12.250977
320,65.28613,-64.53906,105.6543,-2.5791016,79.98157,24.050293,-3.3268986,-31.37204,5.604248
321,57.63208,-77.024414,102.46582,-5.2148438,77.40466,17.029785,-6.786236,-38.731323,-3.8742676
322,55.76831,-81.7478,102.41992,-9.3203125,71.854126,23.186035,-33.9033,-49.482758,-22.142334
323,38.701904,-99.29126,86.12891,-31.475586,58.843018,8.160645,-59.209496,-70.71417,-40.015625
324,58.895508,-68.02051,101.39258,-10.922852,79.78174,21.41211,-17.3699,-41.859436,-6.260498
325,62.55249,-61.559814,99.10254,1.8818359,74.62988,26.140137,1.5516548,-29.663116,10.478516
326,50.28784,-83.005615,95.83594,-5.673828,63.913086,18.48584,-22.6487,-43.54608,-10.968262
327,41.88086,-95.33179,95.08008,-16.516602,65.5741,14.275879,-57.694626,-67.52911,-35.33203
328,43.38867,-93.54736,92.243164,-23.713867,70.00452,9.567871,-46.34698,-60.28781,-30.116943
329,41.090576,-89.927246,97.30664,-21.667969,76.30737,4.4370117,-10.980257,-41.304535,-9.807861
330,57.63745,-80.764404,102.14551,-1.6894531,78.207886,20.472656,-0.64364624,-30.197205,0.86035156
331,62.43042,-82.79883,94.96387,-6.2402344,65.99475,25.89746,-33.383442,-53.023224,-18.022217
332,54.329346,-87.676025,91.56543,-21.735352,67.507935,22.59668,-49.38912,-61.73111,-29.1604
333,50.18164,-83.9082,102.447266,-14.876953,80.59985,21.960938,-20.85167,-42.160095,-6.960205
334,50.888916,-82.54028,106.0957,-10.28418,76.649536,8.599121,-2.3001518,-40.97989,-7.126709
335,54.37451,-85.45923,102.63281,-10.817383,75.02478,14.910645,-12.115595,-43.229492,-14.548828
336,57.43579,-82.471436,94.08887,-9.106445,65.88916,32.73828,-44.458763,-56.30591,-24.026123
337,55.5083,-79.01587,97.02832,-19.71582,65.479004,25.394043,-42.635284,-54.019897,-22.939209
338,53.01001,-78.44922,109.708984,-23.416016,77.59546,19.71045,-7.8347626,-34.124115,-1.7241211
339,68.331055,-69.39673,112.825195,-3.4853516,83.71924,27.519531,5.436737,-26.896729,7.3413086
340,59.835938,-80.61255,105.600586,-7.2822266,71.944336,28.737305,-25.992882,-45.70273,-14.756348
341,57.641846,-80.34204,92.89844,-15.895508,58.75,27.341309,-54.483963,-56.50055,-26.312256
342,71.176025,-65.77246,99.09863,-15.558594,66.25452,24.157715,-34.887447,-50.014496,-14.760254
343,51.072754,-79.80493,89.88867,-23.94043,55.871094,3.5947266,-12.464863,-39.728333,-5.3774414
344,70.24121,-67.85083,106.47461,-4.091797,73.76135,27.717285,-3.94108,-26.358673,6.5219727
345,58.578857,-78.39282,98.06641,-12.149414,61.178223,28.69336,-46.784695,-55.854736,-23.918213
346,61.388428,-70.41553,101.12988,-14.628906,69.22827,30.719238,-46.283134,-55.042023,-17.076904
347,51.360107,-77.908936,96.24414,-22.783203,69.799805,14.323242,-16.41174,-40.524536,-3.994873
348,56.608887,-71.41162,100.356445,-12.299805,70.653564,10.230957,1.6901054,-35.217194,-1.0737305
349,58.972412,-79.42871,93.10742,-14.763672,62.246216,14.015137,-25.107159,-47.226044,-16.599365
350,55.434326,-82.980225,85.29004,-28.789062,53.1604,16.408691,-57.79283,-67.04819,-33.74463
351,52.546143,-76.97754,93.643555,-27.88086,63.639526,21.853516,-43.816273,-54.85971,-15.519531
352,65.27344,-61.019043,112.43164,-1.6933594,82.8501,34.020508,-5.8521004,-31.66806,13.167969
353,62.931885,-69.43262,106.27832,0.16601562,74.347534,32.410645,-3.6163654,-36.861755,4.925537
354,56.748535,-81.677734,95.36621,-14.838867,53.518677,20.336426,-50.713387,-65.647125,-32.28125
355,56.19458,-79.57886,100.12891,-23.629883,65.41785,25.40918,-45.997025,-54.93933,-22.400146
356,55.220947,-76.59888,96.13672,-28.339844,62.186035,11.4375,-32.245995,-53.095642,-13.076416
357,55.424072,-73.32739,99.73926,-14.762695,66.27844,21.963867,-4.5763454,-35.108124,9.419434
358,65.30322,-68.41577,106.00879,-6.2304688,69.55554,23.885742,-21.914013,-48.515594,-11.522217
359,48.607178,-85.67627,89.90332,-27.510742,53.17334,15.829102,-57.137817,-75.561035,-44.266357
360,53.88867,-74.36426,96.98047,-29.60254,63.272827,16.359863,-41.662033,-60.549927,-25.956787
361,49.613037,-78.52466,95.69141,-27.041992,66.869385,14.417969,-10.497606,-45.196808,1.753418
362,53.958008,-75.3833,100.89453,-18.532227,72.7605,14.399902,-3.3059578,-43.36914,-3.2648926
363,56.079346,-77.271484,96.78125,-18.41504,63.36682,22.206055,-27.965374,-54.41214,-21.43872
364,50.09253,-81.23584,88.56641,-31.402344,55.775024,11.668945,-57.901505,-74.34131,-40.867676
365,50.68091,-78.97827,87.81348,-39.249023,59.719482,5.3530273,-30.945671,-61.85034,-25.539307
366,56.812744,-69.40234,107.325195,-16.53418,78.97644,12.098633,10.399296,-35.59015,6.1674805
367,59.69629,-70.00488,97.180664,-13.296875,64.83435,19.56836,-7.084461,-41.870544,-7.2182617
368,63.3562,-72.31445,85.475586,-27.697266,55.428467,16.480469,-45.821644,-65.750885,-34.376953
369,59.404785,-73.91821,88.08887,-34.308594,58.5271,9.708496,-42.730846,-65.2717,-29.568115
370,42.656494,-85.548096,92.87598,-45.07617,59.42273,-11.368652,-20.183739,-64.242615,-23.8479
371,51.438477,-80.43677,101.83594,-29.714844,75.77515,6.286133,4.6103935,-39.920044,-2.902588
372,68.008545,-67.52344,111.63965,-10.958008,70.06897,30.068848,-14.291475,-40.356262,-4.798828
373,58.79834,-72.666504,95.36426,-27.853516,54.01953,19.851074,-50.72522,-66.635925,-32.010498
374,59.091553,-71.64819,92.359375,-27.736328,54.914185,19.489258,-27.102867,-52.65204,-14.189941
375,58.814697,-64.299805,103.37402,-18.293945,67.635254,13.737793,4.5438194,-32.998566,9.875
376,46.62329,-85.73364,95.91113,-28.186523,52.37915,-1.3237305,-24.452091,-64.22467,-23.763184
377,43.40869,-88.056885,89.00586,-32.85547,46.853027,-5.0356445,-54.579067,-80.2825,-49.461914
378,44.793945,-88.00708,89.44922,-42.716797,58.47473,2.8364258,-42.40307,-65.993256,-33.807373
379,45.26758,-83.3042,100.47266,-33.36133,70.64075,12.15332,-4.0284595,-38.23407,-0.3564453
380,49.223877,-75.15869,98.487305,-15.857422,70.277954,19.09375,8.733723,-28.646301,8.846191
381,46.233887,-81.76636,86.024414,-20.808594,51.466553,13.483887,-27.725044,-59.805817,-17.000244
382,49.25586,-85.34961,83.805664,-38.51953,46.09912,8.287598,-56.783157,-78.13559,-42.4375
383,51.568604,-74.53833,87.28613,-33.13379,53.387817,6.494629,-37.046406,-60.466034,-23.218506
384,49.77954,-74.35986,97.13281,-24.109375,68.77576,11.266602,14.24535,-29.055328,6.359131
385,48.18994,-78.64795,95.68164,-22.046875,60.971436,13.626953,4.342373,-38.37607,-8.346191
386,64.33447,-68.71802,100.05371,-19.041992,65.64917,29.543457,-16.111048,-42.965515,-9.526123
387,54.287598,-77.562256,89.07422,-35.76172,55.651,19.82129,-38.30742,-58.93991,-21.624023
388,61.100586,-68.54053,100.58594,-28.973633,67.08606,19.556152,-6.670271,-42.57776,-2.3598633
389,49.29419,-79.76099,96.21387,-24.483398,55.81201,8.880859,-6.9827156,-53.84259,-10.864746
390,61.88208,-70.91528,97.05078,-12.566406,60.996704,26.326172,-6.2081203,-42.5325,-6.605713
391,59.854004,-74.96265,90.52832,-27.859375,50.399536,22.730469,-41.519203,-57.941467,-24.575928
392,58.984863,-68.056885,96.14453,-36.914062,54.486694,13.407715,-32.46357,-55.478516,-21.584717
393,59.036133,-69.889404,97.03613,-31.53418,67.8634,11.603516,2.9500313,-43.323364,-4.1904297
394,68.71777,-62.899414,100.07129,-20.799805,59.94397,13.750977,-2.0321045,-46.719635,-9.813721
395,59.437744,-76.641846,91.10449,-40.140625,47.796997,0.52246094,-44.785675,-76.20853,-43.22461
396,56.53882,-75.85181,92.3584,-41.345703,52.760376,13.665039,-46.48508,-69.07037,-37.410156
397,61.431152,-66.33667,100.06445,-33.186523,60.351685,18.942383,-7.7978687,-42.8161,-7.9763184
398,62.477783,-64.20044,108.072266,-20.520508,74.016235,21.45459,21.115639,-20.872162,18.51538
399,57.677246,-75.48511,99.80664,-25.635742,61.74121,12.616211,-1.1004982,-44.095123,-7.8449707
400,62.87622,-70.12256,95.112305,-29.853516,55.848022,7.1796875,-40.01437,-70.46762,-39.739014
401,52.903076,-71.242676,92.08789,-40.45215,48.27942,8.184082,-41.21418,-72.41803,-37.570312
402,52.851807,-73.50366,95.643555,-33.88086,61.902344,16.052734,3.3364372,-42.302155,-4.173584
403,56.58203,-70.77368,99.06348,-30.22461,63.097534,9.450684,10.568081,-36.586548,-0.21972656
404,58.50537,-71.97925,92.07129,-30.707031,46.592163,4.3408203,-35.85539,-70.32349,-38.40161
405,62.259033,-65.555664,92.71387,-34.89453,50.87268,9.538086,-41.84249,-72.5629,-44.0813
406,67.18994,-54.422607,110.42383,-29.132812,71.70386,15.556152,-6.8458195,-46.27661,-8.122559
407,60.45703,-63.567627,109.61621,-26.902344,70.66174,9.981934,12.886509,-36.390137,0.55810547
408,51.011475,-76.39282,96.53613,-30.416016,58.78235,10.93457,-6.507765,-55.053802,-16.470215
409,51.596924,-74.63013,89.387695,-37.030273,45.449463,13.63623,-43.65695,-76.57294,-39.410156
410,41.02881,-83.203125,82.88281,-49.121094,43.878662,9.479004,-47.66532,-74.95892,-37.26758
411,50.845947,-68.99292,91.57129,-35.89453,53.33838,8.461426,-12.651924,-55.378235,-16.281738
412,69.24829,-52.90332,106.70996,-14.4296875,69.318115,14.267578,12.679562,-39.28775,-4.6308594
413,58.583252,-74.628174,93.58984,-31.735352,52.201416,3.1210938,-27.141407,-71.53613,-42.943604
414,70.21655,-64.595215,103.11133,-27.101562,64.91113,22.246582,-27.536388,-63.139496,-30.302002
415,54.328125,-71.49341,97.453125,-39.7334,53.4718,17.192383,-17.790937,-50.668976,-14.705322
416,50.730957,-76.258545,94.04297,-35.750977,51.725586,5.7490234,0.12646484,-47.18579,-7.968506
417,60.81372,-68.95557,92.44922,-27.006836,48.709595,3.5947266,-17.431316,-68.26959,-29.88208
418,59.154053,-70.91699,91.75195,-29.929688,47.864746,11.787598,-34.944813,-70.06525,-41.104248
419,50.587646,-73.1311,84.96973,-40.478516,53.859253,13.489258,-31.188358,-60.953644,-31.125244
420,48.47339,-74.216064,99.87402,-45.054688,65.90991,-1.3920898,1.6530876,-44.26355,-13.432373
421,55.843506,-64.383545,104.89453,-25.919922,63.268555,2.8569336,10.273083,-50.975464,-18.063232
422,58.17383,-71.52588,92.15039,-24.182617,46.76306,7.2475586,-26.589397,-75.50296,-35.315186
423,52.31909,-75.701904,77.69922,-29.99121,45.707275,26.207031,-35.086823,-64.200836,-24.981445
424,57.230713,-64.84766,83.43652,-26.242188,45.7854,25.507324,-22.262938,-54.37146,-13.497314
425,73.03174,-53.18335,100.708984,-21.882812,53.963257,12.620117,7.219261,-47.473694,-8.604736
426,57.431885,-68.56348,93.09668,-27.248047,53.421143,2.400879,-1.2791176,-59.45221,-20.794678
427,62.996338,-73.088135,94.69238,-25.71582,55.36621,16.122559,-13.647924,-54.99759,-25.005371
428,50.79712,-76.7251,91.08008,-35.895508,48.781372,16.234863,-32.587376,-61.194183,-29.718506
429,60.139404,-62.282227,95.65137,-33.939453,54.864746,18.091309,-9.005247,-50.389282,-6.8588867
430,67.92749,-51.419678,105.88379,-18.02539,58.282715,14.905273,10.339325,-49.022125,-1.2949219
431,70.1814,-54.424072,88.06836,-17.231445,44.696655,9.0625,-15.166681,-65.12497,-24.268066
432,54.849854,-74.81714,97.97461,-24.740234,58.10144,21.870117,-25.973095,-63.019684,-26.666504
433,46.851074,-77.72949,99.211914,-36.435547,60.40393,12.27002,-17.833288,-60.65033,-23.294678
434,45.902344,-83.213135,99.15625,-37.936523,59.932007,10.609863,1.6733513,-53.192963,-5.227783
435,34.820557,-97.68921,93.743164,-36.801758,53.880005,4.6655273,7.536701,-50.783936,-7.223877
436,54.63379,-80.051025,99.52832,-28.20996,54.76758,12.952148,-13.033417,-58.108337,-20.632568
437,57.834473,-72.45874,90.76172,-32.484375,45.23999,14.342773,-34.930054,-72.95044,-31.306396
438,54.37793,-65.15625,101.075195,-32.15332,56.503662,13.364258,-11.142666,-60.37213,-13.195557
439,51.653076,-68.066895,104.081055,-26.145508,66.9281,10.349121,19.770195,-41.67926,6.008789
440,49.490234,-75.826416,104.38965,-22.94336,61.634155,17.372559,8.802895,-44.773315,-1.0205078
441,44.824463,-86.147705,89.27344,-36.33203,49.93335,15.520508,-33.807106,-68.53772,-27.354736
442,44.781982,-80.843506,91.21973,-39.3291,53.958252,17.395996,-32.361893,-67.52826,-25.385498
443,50.246094,-76.84985,90.90039,-35.671875,53.0542,17.191895,-2.0533524,-50.64151,-0.3852539
444,67.43701,-59.154053,112.36035,-13.462891,69.00098,29.565918,26.757408,-31.923553,11.326172
445,56.737793,-72.04834,104.34082,-24.603516,67.37915,20.556152,-1.8309441,-50.252777,-16.419922
446,52.533203,-76.13086,104.30762,-38.078125,68.229004,19.966797,-24.20777,-66.6575,-27.838623
447,40.47046,-81.173096,96.47461,-50.70508,69.43054,8.568848,-8.431625,-54.498047,-15.996582
448,39.663574,-77.80493,94.18457,-40.648438,60.733032,5.701172,18.091263,-42.10379,0.7973633
449,51.367676,-72.45703,97.08984,-22.166016,56.90796,16.02539,4.0627556,-51.73105,-3.8850098
450,64.28369,-72.65161,95.5,-34.433594,48.30078,19.478516,-32.77162,-75.27585,-34.69702
451,38.67578,-88.86255,86.29492,-56.539062,44.295288,4.7617188,-46.878292,-86.32526,-48.36499
452,52.036865,-70.0437,98.265625,-38.322266,64.7511,16.09668,3.3226395,-49.865692,-5.4033203
453,49.142822,-74.72925,99.91211,-32.822266,67.69812,11.760742,16.456268,-43.88791,3.8339844
454,47.67334,-78.70288,95.04199,-30.59375,56.357544,16.144043,-2.3248482,-52.410583,-14.792725
455,54.287354,-74.38818,94.62988,-37.051758,50.082886,19.36914,-31.272041,-65.784485,-29.15039
456,50.17749,-68.703125,84.56445,-51.124023,40.387207,6.198242,-32.511005,-70.99844,-27.597656
457,43.791992,-74.93335,92.78223,-49.69629,55.940186,2.3061523,2.071186,-59.121613,-7.112549
458,62.56421,-58.621826,108.478516,-23.84668,70.760254,21.986816,23.19173,-38.79834,8.023193
459,39.820557,-85.33472,84.71484,-51.351562,42.54651,6.1015625,-27.723635,-72.34027,-31.000732
460,42.715332,-80.26514,90.2334,-56.592773,44.399536,7.6083984,-38.958424,-68.95813,-31.530518
461,27.874756,-89.98901,83.5625,-60.84668,45.85254,-9.84375,-17.141157,-63.734283,-21.383057
462,44.215332,-76.18384,91.586914,-41.643555,51.798584,3.241211,8.61676,-47.316498,-2.2858887
463,39.380127,-89.05664,87.302734,-50.61328,47.627686,4.54541,-10.624952,-68.94592,-28.770508
464,49.64917,-77.80737,91.61035,-40.289062,53.730347,21.752441,-31.070225,-70.92499,-25.320312
465,42.65674,-79.95361,92.481445,-54.94629,51.18518,6.7822266,-22.575052,-65.54343,-20.967285
466,42.90674,-73.36426,101.00586,-47.11621,58.945923,0.28759766,17.528679,-42.64331,1.3637695
467,47.16382,-75.01123,97.43262,-40.438477,48.1239,6.440918,4.9552574,-51.56363,-4.0041504
468,47.558105,-77.506836,84.88281,-39.4209,41.61499,11.016602,-26.770958,-77.96002,-35.661377
469,56.7937,-67.03418,97.80957,-37.506836,59.74951,17.888672,-22.75232,-63.56308,-25.482422
470,50.745117,-70.21948,99.37598,-42.17285,62.838257,22.623047,5.172451,-43.68393,3.364502
471,56.6062,-61.884277,103.7832,-31.670898,64.7135,24.742676,24.641415,-36.017273,16.453613
472,38.277832,-89.15015,87.958984,-49.97754,41.539795,1.1025391,-10.660479,-64.02252,-13.454102
473,38.20996,-92.42993,95.10254,-52.39258,50.16455,12.532715,-19.829285,-59.471405,-17.167969
474,46.706787,-73.424805,92.99609,-50.52246,50.80066,14.890137,-20.196373,-59.214386,-13.817383
475,47.6333,-70.621826,98.07324,-38.899414,51.03308,12.646973,0.16098404,-58.37436,-5.7038574
476,45.31714,-72.73364,103.06348,-30.769531,55.28882,15.940918,13.343906,-47.937073,3.7836914
477,57.299072,-69.30127,106.23242,-30.976562,55.83008,25.57666,-4.807499,-51.8537,-1.5627441
478,44.47632,-78.45923,96.458984,-52.411133,43.170166,12.807129,-36.16676,-70.288574,-26.77246
479,43.953857,-73.98755,102.73828,-52.398438,56.448242,14.55127,-8.829716,-53.551575,-5.7734375
480,52.48755,-67.78638,106.42578,-41.2666,59.007202,5.5546875,16.786785,-43.07263,2.6428223
481,52.68164,-70.42969,104.74707,-41.5459,53.572388,3.3261719,2.5996857,-57.207367,-12.307373
482,46.28833,-79.010254,94.67871,-39.225586,47.970215,17.174805,-27.815794,-66.449554,-22.259766
483,55.573975,-62.721436,102.03906,-43.53711,54.06909,26.407227,-20.601099,-58.553833,-10.211426
484,54.682617,-60.656006,94.87402,-45.9209,51.51953,9.475586,-0.63529587,-51.4664,1.3847656
485,54.238037,-67.70972,113.3584,-30.69043,59.871094,16.923828,14.694553,-40.585785,12.873047
486,59.904297,-65.78467,105.4834,-41.399414,51.422485,9.231934,-13.828304,-61.406036,-15.417969
487,56.42505,-72.521484,98.64453,-58.259766,49.6698,-0.3774414,-32.983982,-78.73386,-44.385498
488,60.27124,-60.906494,108.56445,-45.129883,55.499634,14.557129,-8.734575,-56.608307,-13.457275
489,55.148438,-64.03003,103.72656,-34.82617,48.617554,19.023926,4.5699806,-52.278442,4.9189453
490,66.18945,-52.33374,105.424805,-25.124023,50.82068,30.685547,6.5001984,-45.442474,12.279053
491,63.182617,-63.47119,104.20996,-33.057617,49.67871,27.86084,-22.084866,-63.446655,-16.116943
492,50.28784,-68.26758,105.04492,-40.311523,52.474243,31.586426,-26.664864,-61.315704,-15.289307
493,47.360596,-68.5061,106.12109,-52.742188,52.994873,5.828125,-5.922411,-52.072266,-4.9257812
494,49.080322,-74.19531,105.668945,-42.554688,52.43274,9.683594,16.701233,-41.708527,7.5202637
495,56.005127,-70.25513,104.13867,-26.84668,47.40625,28.396484,-7.496557,-55.151703,-6.411133
496,42.963867,-83.93799,93.22168,-44.804688,36.95935,17.562012,-46.48946,-82.02988,-33.028076
497,53.090088,-63.972656,104.256836,-41.65918,52.26465,23.717285,-21.356022,-59.87329,-9.954834
498,56.291992,-58.4917,111.72656,-40.177734,55.284058,13.475586,6.334385,-47.78888,6.2370605
499,47.833984,-71.23389,98.11426,-42.816406,41.005005,8.356934,-6.772587,-61.357056,-8.008057
500,42.10034,-86.9209,85.5918,-56.557617,31.24231,5.786621,-36.230297,-78.25839,-33.349365
501,49.296387,-76.059326,94.86328,-50.573242,51.196777,20.96582,-30.480295,-67.41254,-20.187256
502,27.766357,-90.876465,87.32422,-60.570312,43.780518,3.8310547,-19.110392,-70.59015,-16.917236
503,30.135742,-89.78638,97.762695,-48.648438,44.772705,7.241211,0.3262825,-63.34317,-2.918213
504,45.908203,-83.33911,104.0625,-45.67285,47.176147,13.413086,-6.626938,-61.149963,-13.831787
505,40.441406,-90.934326,92.78906,-60.53125,35.05188,3.2973633,-41.205837,-80.41269,-38.792725
506,48.59082,-77.67847,97.70215,-50.0166,45.645752,17.394043,-22.861763,-61.65674,-12.379883
507,36.84668,-85.161865,92.06836,-54.720703,45.859985,5.9179688,3.547741,-52.266144,-0.31274414
508,46.04297,-79.79248,103.88379,-43.551758,52.644775,11.767578,13.12542,-47.37027,1.3911133
509,55.017334,-73.700195,99.12305,-42.745117,44.566284,18.283203,-20.976316,-69.24115,-18.756836
510,52.149414,-75.93237,97.956055,-57.66992,46.183228,10.136719,-31.193874,-72.46048,-25.666016
511,58.820312,-63.319824,101.63672,-54.20996,48.23999,9.103027,-10.455729,-60.032227,-13.13501
512,64.42041,-54.73242,106.86133,-37.213867,55.24585,12.453125,15.426998,-47.23532,2.0454102
513,57.590576,-62.31201,105.10156,-26.896484,58.794556,27.256348,17.206154,-44.047363,4.3132324
514,55.63745,-69.8645,100.1709,-36.320312,52.379883,25.969238,-11.203798,-56.693115,-13.354248
515,54.31958,-66.10083,107.64551,-44.163086,66.36548,25.811035,-3.5206528,-50.043915,-7.0705566
516,39.951416,-69.278564,102.66699,-50.03711,55.055176,9.650879,9.21537,-50.136078,3.8774414
517,53.87915,-59.33008,102.84277,-32.61328,53.74768,16.13623,13.976395,-47.443268,8.76123
518,61.052734,-60.57422,109.2207,-16.679688,59.728027,40.698242,7.3020134,-42.89099,8.52832
519,45.723877,-74.87671,97.63672,-46.34082,48.02307,19.69873,-20.439701,-62.923553,-18.913086
520,44.17163,-69.70825,103.95801,-48.833984,55.050537,11.625977,-3.6664104,-54.582336,-3.824707
521,46.71118,-70.965576,107.44238,-41.09082,62.304077,12.716797,25.673843,-36.396973,22.058838
522,54.372314,-62.532715,104.03516,-29.856445,50.212646,24.312012,11.397446,-43.59897,15.198486
523,56.58423,-61.657227,105.899414,-30.381836,50.97058,27.611328,-15.960634,-54.853638,-3.9033203
524,35.006836,-75.79663,92.11035,-48.32422,45.743042,17.114746,-31.94199,-69.04196,-19.624268
525,32.883057,-75.42041,101.5791,-46.996094,56.042603,9.762207,5.5325623,-51.663513,1.2209473
526,34.338135,-77.87378,101.41113,-40.969727,53.554077,8.883301,17.408707,-46.978455,5.7734375
527,33.531006,-81.70532,89.7832,-44.2666,36.801514,5.5532227,-12.398888,-65.41565,-16.612549
528,43.625244,-73.06836,97.2334,-43.526367,48.988525,21.591797,-20.064495,-60.17798,-6.222412
529,23.979248,-82.88281,91.5293,-60.83203,39.647217,4.90625,-26.35088,-67.882324,-18.223389
530,24.263672,-81.36035,94.9082,-49.655273,41.151,-1.4042969,-0.568882,-62.664215,-9.248291
531,35.45459,-78.54443,96.66797,-37.444336,42.41638,11.525879,1.7151985,-58.914093,-5.2819824
532,28.690674,-86.785645,87.97363,-42.18164,31.598755,10.601074,-33.3508,-78.154755,-31.62622
533,34.55835,-82.17505,95.72168,-48.436523,45.5531,17.288574,-29.031187,-67.67331,-21.784912
534,37.953857,-73.52319,107.552734,-49.618164,55.39795,10.389648,-2.2717628,-53.825073,-2.3059082
535,40.738037,-74.93799,109.86035,-36.225586,55.976685,13.793945,18.463135,-47.38626,9.660645
536,42.740723,-76.09253,96.12012,-38.44336,40.496338,10.79541,-12.234835,-70.31183,-18.150879
537,48.92163,-67.846436,98.50879,-39.125977,43.17749,17.592285,-33.579502,-78.410126,-29.833008
538,50.67212,-64.352295,91.62109,-40.04883,38.44812,16.568848,-33.18387,-76.13553,-22.475098
539,48.323975,-64.01123,98.20117,-36.805664,48.01709,8.505371,-0.018032074,-59.032684,-3.3684082
540,43.079346,-77.88159,105.00195,-34.481445,50.223633,8.563477,1.4261093,-64.97455,-10.220459
541,35.1687,-89.73193,93.453125,-44.07129,36.981445,6.255371,-28.432272,-80.58276,-30.790527
542,26.63916,-90.97412,94.44824,-57.890625,33.151978,-0.77978516,-50.547997,-97.60828,-49.930664
543,33.91162,-77.46411,99.01953,-49.987305,44.2511,-0.45263672,-19.838018,-71.617645,-22.844482
544,43.677246,-67.39014,101.75586,-34.63086,48.30188,4.8535156,8.0311775,-54.25183,-2.7158203
545,40.742188,-75.65454,100.771484,-36.125977,47.11792,10.547852,-6.1328697,-61.87039,-8.536377
546,42.22339,-76.5647,112.12598,-42.94922,58.095337,18.725586,-21.767448,-67.37567,-20.07837
547,29.077148,-85.20117,88.38965,-52.79297,40.223145,7.1870117,-39.273067,-82.13324,-30.06128
548,30.890625,-72.14746,95.38379,-47.60254,49.8927,5.0776367,-1.2825737,-59.3743,-7.406006
549,42.777588,-65.81885,109.43945,-32.211914,54.411133,16.365234,13.001289,-46.79123,7.022217
550,37.979492,-74.28711,102.043945,-35.416016,49.31848,18.303223,-12.777582,-62.971558,-14.596924
551,39.134033,-67.97241,101.0332,-38.69922,53.860718,19.875977,-31.88783,-71.92981,-24.09497
552,32.19214,-72.990234,100.62109,-44.853516,52.875366,14.787109,-17.560392,-61.34494,-11.615967
553,28.952148,-75.105225,100.646484,-40.70996,49.9823,7.918457,10.389694,-50.05069,0.92089844
554,27.956055,-80.579346,100.302734,-41.1875,40.26465,1.0024414,-12.774813,-70.30081,-18.212158
555,27.590576,-83.666016,90.37695,-46.179688,35.078857,11.719238,-46.13362,-88.83087,-36.93335
556,36.965576,-72.82056,99.22949,-45.961914,40.204468,17.060059,-34.359222,-75.43329,-26.1875
557,41.10498,-66.99658,101.73828,-49.6709,50.645874,7.4433594,1.1415291,-52.956146,-3.605713
558,42.88086,-68.085205,109.10156,-36.526367,55.221436,9.433594,16.323044,-44.751495,5.7858887
559,40.80493,-75.33008,98.893555,-40.594727,40.00708,4.6850586,-26.037922,-75.964294,-29.384521
560,39.487305,-73.210205,96.87598,-50.16992,43.072266,5.176758,-44.46621,-82.9458,-42.456787
561,52.70874,-56.971924,116.01367,-37.453125,49.655396,18.439453,-14.119759,-55.89734,-14.151367
562,44.833008,-64.968994,107.48926,-41.03418,41.91858,6.61084,-0.053131104,-55.810425,-4.1503906
563,41.98877,-69.59473,102.0332,-38.43457,32.523315,-2.0600586,-19.260689,-74.575806,-19.864014
564,42.28125,-73.22583,95.94922,-45.586914,28.638184,3.6289062,-50.01552,-92.05365,-40.50244
565,34.16504,-73.581055,91.65723,-51.871094,32.750366,1.7919922,-46.11299,-80.7388,-37.070557
566,33.95996,-78.04907,96.177734,-55.45508,33.74121,-11.163086,-24.948467,-75.29315,-30.469482
567,34.878174,-73.46631,103.57422,-45.657227,37.4552,-13.215332,-10.860046,-72.137054,-23.64795
568,40.215088,-71.79028,97.649414,-43.472656,34.928345,-0.47851562,-33.661774,-79.97748,-28.039307
569,31.479004,-80.92554,86.15039,-58.950195,23.690308,-1.6586914,-55.945274,-91.39172,-40.739746
570,49.90869,-55.86963,99.447266,-50.19043,44.676514,4.852051,-36.114265,-72.699036,-22.02539
571,46.997803,-60.132812,104.413086,-42.29004,51.289185,-0.03125,-4.5968285,-63.962036,-10.184814
572,32.61792,-75.14844,99.78711,-46.20996,45.431274,-7.9941406,-4.943161,-66.84497,-16.157715
573,40.60083,-75.67041,97.30469,-42.913086,38.162598,5.387207,-33.635723,-80.01901,-33.02466
574,39.5,-72.37134,95.77051,-54.398438,38.098022,-2.3417969,-49.51225,-88.44461,-39.655518
575,39.30786,-67.014404,95.081055,-61.871094,38.267456,-8.629395,-34.04959,-82.90387,-28.824463
576,49.02124,-53.622803,100.88086,-39.088867,41.456543,-3.0024414,-9.0140915,-71.096405,-15.2404785
577,66.08008,-48.858643,114.80664,-28.856445,51.837524,7.7666016,-11.126434,-65.818146,-15.311035
578,48.129395,-63.768066,105.71289,-38.77246,41.60742,10.722168,-41.798138,-83.180695,-35.15039
579,44.761963,-63.264893,93.18945,-54.86621,36.855713,-3.6230469,-48.700695,-93.312256,-42.637695
580,49.163574,-50.41284,106.015625,-35.094727,59.11609,12.151367,0.5314293,-55.581604,-0.12060547
581,63.65747,-43.9209,115.31055,-20.789062,56.751465,16.330566,8.620041,-47.30905,7.717041
582,16.56836,-97.78491,77.75586,-64.21484,21.654907,-10.623535,-52.206337,-93.6308,-42.12207
583,37.51831,-72.12427,86.68848,-45.07715,38.99231,13.898926,-52.59895,-88.70477,-37.88086
584,31.257324,-72.52661,101.78516,-56.621094,44.559204,-2.8168945,-32.937862,-81.841736,-30.007812
585,24.847412,-79.13599,88.30762,-54.515625,42.17993,-15.933105,-7.8603306,-69.893036,-17.246094
586,37.924072,-71.552734,102.79785,-39.38672,47.96814,-2.7202148,-12.890383,-68.76117,-15.392822
587,16.457275,-91.97925,83.3291,-60.918945,21.07898,-12.979492,-70.033585,-111.880585,-57.251953
588,24.617188,-79.7666,93.916016,-55.32129,39.063477,-1.9912109,-56.42311,-97.50873,-42.77832
589,10.736572,-88.19678,90.83496,-62.399414,39.593018,-17.419922,-25.96545,-82.40161,-26.212646
590,9.287842,-90.32886,95.49805,-44.155273,40.01416,-8.995605,-11.521902,-74.58566,-16.811523
591,16.997803,-90.601074,93.97168,-40.603516,38.01355,-2.961914,-39.3383,-88.85068,-35.15161
592,16.80371,-90.41016,88.87402,-50.316406,32.2218,-4.0117188,-67.75375,-103.02762,-50.376953
593,7.031006,-94.25659,87.552734,-64.04492,38.409546,-13.677734,-48.264893,-93.48193,-37.573486
594,5.437256,-101.04053,95.26758,-66.25781,43.805054,-20.438477,-20.733788,-80.65781,-24.157959
595,20.375732,-88.86621,96.24512,-49.10254,47.263916,-8.628906,-16.159773,-76.81705,-22.925781
596,31.32959,-77.671875,99.12598,-39.623047,54.07068,9.078613,-39.441242,-82.66852,-32.17041
597,20.029785,-91.391846,82.48047,-56.914062,35.480347,-0.27685547,-60.542297,-104.21689,-44.47412
598,13.219482,-93.808105,83.197266,-61.713867,35.763428,-11.77832,-37.967285,-88.22946,-30.658936
599,9.336914,-91.66577,90.82617,-43.509766,44.261475,1.5976562,-10.065971,-69.89484,-5.668701
600,5.994873,-104.36841,87.94141,-55.939453,37.522095,-6.4160156,-36.599617,-89.09412,-33.136963
601,19.035889,-94.88501,91.54297,-46.69043,48.668823,13.42627,-44.33429,-81.68152,-29.768066
602,7.4624023,-99.27197,90.89551,-54.04785,52.27356,8.133789,-30.60698,-77.54617,-20.373047
603,10.767822,-88.87622,98.36426,-44.717773,55.773315,2.1313477,-5.25255,-66.800385,-6.769287
604,16.920898,-91.25488,90.68848,-41.944336,45.285645,-2.425293,-15.619072,-77.63989,-16.852295
605,17.567139,-95.062744,90.7168,-46.20508,44.235718,2.0,-41.154808,-90.98892,-36.77173
606,11.350342,-95.701416,83.85547,-60.48242,41.953003,-6.4501953,-54.725082,-101.614105,-47.77368
607,21.28418,-84.217285,92.4375,-52.814453,50.20996,-7.2836914,-21.670517,-81.34036,-23.640625
608,14.470947,-88.051025,95.291016,-41.02539,52.478516,-1.0268555,-4.902876,-70.39459,-9.762451
609,16.810303,-94.28882,99.93555,-42.749023,55.85254,3.260254,-13.232323,-73.66705,-16.847412
610,25.824951,-86.6001,100.62988,-40.871094,58.622192,11.423828,-32.526745,-74.58801,-25.07666
611,5.611328,-102.45361,83.6582,-64.552734,43.418823,-7.154297,-36.734047,-79.29053,-26.696777
612,13.205322,-89.96167,102.475586,-50.93457,57.510376,-5.0615234,1.3101883,-57.24228,-2.5620117
613,7.7644043,-97.46216,91.29492,-43.95117,46.682007,-6.7680664,-4.829439,-61.20636,-8.639893
614,6.116699,-104.367676,86.58984,-42.9375,47.44641,2.9077148,-30.533089,-78.62741,-27.760742
615,15.416016,-95.77344,99.22461,-45.581055,60.965942,11.61377,-39.62078,-82.21451,-26.666016
616,7.7075195,-96.61157,92.43164,-55.186523,57.577393,-5.720703,-22.509876,-79.02551,-18.503174
617,11.045898,-96.782715,98.634766,-46.86914,56.666748,-11.473633,-0.76133347,-66.37897,-7.7280273
618,18.794678,-94.52173,106.45117,-33.63086,61.47583,-1.762207,-6.6083794,-64.59366,-12.807373
619,13.225586,-100.97046,96.42383,-46.453125,48.984253,-2.1743164,-41.16678,-83.81998,-35.179688
620,7.840088,-97.7749,99.74121,-58.722656,52.613037,-9.948242,-37.43713,-84.06854,-33.970215
621,16.702393,-90.842285,111.106445,-45.213867,66.11792,-4.084961,-2.0737877,-63.59558,-8.216553
622,15.983887,-87.52588,102.899414,-42.90625,59.321533,-6.4335938,6.045784,-57.616974,-1.7910156
623,17.899414,-89.96997,89.7959,-36.395508,46.630615,2.8417969,-32.1906,-79.379425,-24.5083
624,15.525635,-87.46387,90.8125,-34.808594,48.642212,6.310547,-47.970577,-85.77582,-35.710205
625,21.802979,-74.9292,97.91406,-27.232422,63.627563,10.284668,-18.104088,-63.565216,-12.23584
626,25.353516,-72.22095,108.03223,-21.949219,71.906006,4.8310547,10.154537,-51.215057,4.0771484
627,28.731201,-76.38257,114.48828,-27.180664,67.901855,-6.270996,-4.976572,-65.13336,-12.428223
628,28.013916,-88.475586,108.43457,-40.754883,60.246216,-5.289551,-42.59411,-88.401764,-39.416748
629,21.121582,-89.858154,92.87402,-51.429688,55.506104,-8.635742,-40.8827,-90.30435,-40.373047
630,15.170654,-83.27588,91.2793,-44.054688,68.95337,-9.56543,-6.806658,-63.429016,-11.525879
631,18.647705,-79.523926,95.09375,-26.819336,59.517334,0.62939453,7.6527863,-54.729523,0.36865234
632,-1.637207,-106.8396,92.48242,-58.814453,57.450195,-16.529297,-25.582603,-87.25693,-38.476074
633,12.106934,-93.0979,100.75098,-48.530273,67.278076,3.0791016,-34.306282,-85.5199,-35.289795
634,24.052246,-75.39307,109.15625,-42.09082,71.99878,6.0581055,-10.86447,-66.59906,-15.646484
635,31.35913,-73.58594,108.23633,-30.385742,71.97815,4.4936523,14.631397,-51.46988,8.406006
636,36.220947,-75.40234,107.88867,-23.205078,83.02905,12.841309,18.026875,-48.090973,7.015381
637,25.124756,-91.174805,102.80469,-44.740234,61.61438,-5.520996,-27.780424,-83.913055,-36.00464
638,31.308105,-80.71704,112.7207,-49.359375,77.87048,-0.19091797,-22.269855,-74.11429,-29.590332
639,29.322754,-80.343506,110.78906,-52.10254,74.23071,-10.049805,-4.3582287,-70.764984,-14.650879
640,6.5024414,-101.1355,58.9375,-29.17871,46.868774,-38.726562,-52.495872,-116.46878,-43.906494
641,2.5773926,-99.73291,62.229492,-27.882812,46.138306,-43.584473,-22.533613,-98.21344,-25.23706
642,6.4260254,-98.68555,61.265625,-15.50293,45.155273,-42.86914,-21.026762,-95.598206,-33.10962
643,20.79419,-85.934814,63.851562,-6.743164,47.979614,-23.84961,-45.967392,-103.08191,-44.615234
644,13.604492,-93.66016,58.345703,-14.794922,46.00598,-25.129883,-55.962257,-107.39252,-49.044434
645,12.725342,-89.447754,66.09863,-13.597656,58.271362,-28.749023,-18.640402,-84.438965,-24.01538
646,13.629639,-83.298584,72.350586,-0.1796875,59.61487,-23.237793,1.5288086,-69.722595,-13.581299
647,2.4702148,-101.90967,60.143555,-12.796875,42.073486,-29.00293,-35.772182,-92.40967,-38.742676
648,2.9716797,-104.43701,57.23828,-21.469727,43.857788,-30.44336,-60.82405,-107.00821,-54.50244
649,5.36084,-98.978516,58.13379,-19.621094,45.796875,-24.786621,-41.82779,-90.33371,-36.614014
650,10.739502,-93.256836,67.67969,-13.326172,53.111206,-28.760254,-9.646574,-70.25302,-16.898926
651,19.136963,-88.80713,80.168945,3.5966797,63.173584,-13.509766,0.6391449,-61.771667,-7.1359863
652,8.458008,-101.26172,63.362305,-18.566406,42.680542,-25.047852,-49.68509,-94.72571,-46.19458
653,5.543213,-102.64575,58.24707,-29.813477,43.402588,-27.996094,-53.984383,-94.04999,-51.56665
654,15.822998,-86.07739,74.53418,-16.958984,59.86548,-21.850098,-22.267933,-71.4003,-21.502441
655,10.936768,-90.718506,68.56641,-13.467773,47.879883,-27.886719,-14.909325,-73.581085,-19.519287
656,18.995605,-85.72339,71.015625,-7.3789062,47.898315,-17.503906,-24.676586,-78.05798,-30.504639
657,10.941406,-95.09033,61.72168,-22.473633,42.78174,-22.063965,-55.952858,-96.41348,-53.787598
658,18.189697,-86.604004,66.62012,-29.203125,45.492188,-28.953613,-50.673813,-89.872284,-44.31006
659,16.493652,-83.01465,66.33984,-19.31543,56.61853,-23.179688,-6.0456486,-58.733887,-10.291016
660,3.553711,-94.31763,68.21582,-16.138672,46.090942,-31.661133,-11.6880245,-66.410614,-19.53003
661,18.384277,-84.19946,66.83887,-11.155273,41.401245,-26.22754,-46.449974,-87.635254,-46.559814
662,14.136475,-88.38452,60.847656,-22.878906,38.194702,-25.86621,-61.585934,-94.95203,-55.051025
663,20.6875,-75.28418,73.48926,-12.110352,55.947144,-13.255859,-25.494062,-66.98279,-24.558838
664,15.343506,-82.043945,74.02246,-14.758789,56.93091,-19.796387,-1.3165512,-52.9982,-6.6083984
665,21.891113,-83.13599,72.28906,-9.604492,53.56372,-17.674805,-14.418629,-63.26523,-16.811523
666,11.33374,-95.00464,58.439453,-27.894531,38.552734,-27.790527,-53.61173,-89.524536,-53.787598
667,20.617676,-84.12573,63.896484,-29.106445,46.394165,-23.146973,-48.562527,-82.58859,-45.065186
668,13.606445,-87.28638,69.63867,-19.84375,56.460693,-20.81543,-12.125483,-58.768524,-16.184326
669,3.614502,-101.37305,61.055664,-24.598633,33.654175,-36.266113,-20.656311,-74.57056,-30.521484
670,20.04126,-89.98999,66.13965,-19.707031,42.07495,-34.092285,-40.351704,-83.06152,-49.66089
671,14.961914,-92.4397,60.70215,-33.74707,35.76599,-34.313965,-71.26282,-101.19925,-62.874023
672,12.343506,-89.29346,57.81836,-44.213867,36.9386,-46.77539,-53.595528,-93.23569,-52.97119
673,12.752197,-83.262695,62.231445,-24.969727,50.000854,-32.768555,-15.1025505,-70.77136,-24.926758
674,7.3947754,-90.611084,59.911133,-27.893555,43.094727,-36.822266,-26.327524,-82.45737,-39.6416
675,18.627686,-82.368164,72.97949,-17.898438,49.873535,-27.509766,-44.4758,-82.19592,-50.57129
676,12.592285,-88.4082,69.44531,-38.28125,47.199585,-42.345703,-55.937668,-92.75836,-61.71118
677,10.286377,-87.96631,67.08496,-43.97754,43.74536,-51.50293,-33.735596,-83.631805,-46.49414
678,33.831055,-64.680176,81.12598,-13.301758,56.799805,-32.103516,-3.0474243,-61.86331,-23.895508
679,20.48462,-85.19678,66.78613,-26.233398,39.202393,-36.54834,-33.91138,-79.520996,-47.31494
680,20.419922,-80.12573,63.918945,-33.600586,37.82007,-33.623047,-53.864563,-90.36252,-61.47583
681,15.624756,-83.14087,65.76172,-37.48242,46.70227,-32.160645,-37.2062,-75.578705,-43.78369
682,20.987793,-72.70654,70.86035,-18.981445,53.827515,-29.439453,-4.2786064,-62.548584,-24.16211
683,18.013428,-81.81836,62.035156,-25.384766,42.248535,-42.99414,-20.106747,-74.78827,-34.989014
684,15.652344,-86.12573,56.26758,-31.36914,34.494995,-38.7583,-47.490784,-84.624664,-49.679688
685,21.111816,-77.62598,58.475586,-31.435547,37.919556,-28.801758,-51.41758,-83.70032,-49.79004
686,30.36084,-59.430664,77.194336,-17.125,56.594604,-26.651367,-18.18234,-60.340942,-26.741943
687,21.058838,-73.35449,74.45996,-27.341797,49.56128,-43.84082,-8.905226,-67.075806,-31.867188
688,24.497314,-79.510254,70.38867,-19.953125,43.354492,-37.172363,-21.043486,-75.368744,-42.721436
689,28.701904,-73.779785,60.493164,-22.279297,30.240723,-33.087402,-53.075455,-89.81659,-59.226562
690,34.705566,-65.238525,64.86914,-24.249023,46.731934,-26.131836,-33.469395,-71.11981,-38.4187
691,31.989502,-60.812744,64.30859,-18.13086,44.621216,-33.503906,-10.141121,-62.61499,-27.083252
692,24.240479,-74.174805,66.0293,-23.293945,39.708252,-40.393555,-11.017012,-66.5997,-32.034668
693,16.561523,-88.59766,62.426758,-35.49707,35.435303,-45.98633,-41.117447,-81.73645,-53.854736
694,20.97168,-79.069824,64.28223,-36.131836,40.222046,-32.49414,-49.008682,-81.651,-52.0437
695,16.82129,-78.5542,59.90625,-44.79492,34.650757,-45.271484,-39.840866,-79.73105,-49.697266
696,17.14502,-77.0437,62.93457,-36.385742,40.8125,-42.928223,-11.017809,-65.22992,-29.875244
697,14.747314,-79.85571,62.16211,-31.308594,35.050293,-35.99414,-20.733418,-69.14664,-36.644043
698,17.503906,-83.50464,61.01172,-40.75293,34.754272,-34.31494,-50.14506,-84.19183,-57.470947
699,13.542236,-82.086914,57.509766,-44.706055,34.847412,-34.92041,-52.6292,-89.408966,-59.10254
700,14.17627,-79.62573,70.44824,-30.5,46.320312,-33.518555,-21.415066,-68.51489,-32.119873
701,9.909912,-78.94141,70.833984,-30.379883,42.345947,-37.9834,-11.393892,-62.710693,-29.189453
702,21.967773,-75.308105,65.25391,-22.120117,34.090332,-23.576172,-40.976395,-75.870575,-41.54297
703,16.27246,-79.38306,59.38379,-31.30664,26.119263,-25.266113,-64.67551,-90.898346,-62.822266
704,22.697754,-69.83911,67.10547,-39.177734,40.240234,-37.486816,-39.972424,-77.81879,-50.35376
705,17.802979,-76.838135,75.125,-39.120117,44.346558,-37.172363,-12.396479,-62.983093,-32.830566
706,15.268799,-79.67212,72.75195,-26.148438,42.664795,-27.746094,-19.012922,-61.820282,-30.064697
707,12.9436035,-85.06494,63.01758,-35.762695,31.208862,-31.66504,-55.07589,-84.66193,-58.718994
708,25.654297,-71.07568,66.2041,-41.552734,34.736694,-27.828125,-52.798153,-80.80936,-52.124756
709,17.980469,-71.67993,62.09961,-32.032227,36.96997,-26.511719,-20.579021,-63.079437,-27.137207
710,24.225098,-68.38501,74.37305,-21.782227,44.754517,-25.023438,-1.871624,-50.70755,-15.141602
711,19.754639,-82.187256,68.631836,-32.38672,36.87805,-32.020508,-38.305717,-80.160736,-48.351074
712,16.317871,-86.39746,58.08008,-38.051758,30.567017,-34.472168,-59.37861,-90.776855,-66.11182
713,12.020752,-81.56909,63.070312,-41.13867,35.261475,-33.748535,-42.025063,-75.67493,-47.491455
714,17.57666,-73.551025,62.46875,-27.342773,39.21338,-31.377441,-8.6933975,-53.835327,-20.922852
715,21.41504,-77.315674,62.524414,-34.95703,30.211792,-36.162598,-21.286457,-69.23932,-36.565186
716,21.762207,-79.12988,57.35547,-35.029297,24.047852,-34.29883,-56.42729,-90.352356,-62.686523
717,19.00708,-80.48291,63.274414,-43.4834,33.28296,-35.05664,-57.077503,-87.070526,-68.295654
718,23.827148,-69.86572,76.31055,-41.98633,49.39624,-37.21289,-20.527718,-62.18155,-39.90747
719,5.69751,-89.656494,69.88281,-37.115234,39.864746,-40.368652,-13.518084,-66.412994,-35.12915
720,19.641113,-81.62427,77.305664,-28.768555,46.0437,-28.208496,-21.650942,-63.04898,-38.706055
721,10.310547,-90.90161,61.325195,-35.94336,29.197876,-28.817871,-57.18249,-85.39734,-63.57617
722,16.171387,-78.37842,59.4834,-40.223633,30.51062,-30.08496,-49.106705,-76.87747,-52.4563
723,39.351562,-48.7041,74.350586,-26.304688,52.971924,-20.003906,2.4316673,-45.6073,-19.313965
724,25.514893,-69.492676,73.12988,-23.088867,41.307983,-27.713379,-6.0976105,-54.14377,-26.568604
725,19.525879,-83.56494,68.28125,-32.916016,35.17395,-28.83496,-41.24225,-75.66095,-54.983887
726,8.890625,-85.13257,69.60254,-43.73047,49.19934,-26.14795,-41.899517,-70.22458,-54.495117
727,9.834717,-83.78784,74.57617,-41.003906,53.641968,-31.166016,-23.741135,-58.81021,-41.968994
728,16.392334,-70.117676,77.91406,-23.41504,51.732178,-25.66504,-1.6990128,-48.462463,-23.729248
729,27.286133,-67.403076,72.35156,-28.24414,42.80786,-32.25293,-16.108831,-61.709747,-40.98535
730,28.188232,-70.198,60.63867,-34.063477,31.115845,-34.299805,-51.288696,-82.17758,-67.52344
731,24.9729,-69.13306,68.28027,-38.078125,43.731323,-22.47754,-44.4858,-68.15167,-53.128662
732,16.432617,-75.17554,77.458984,-37.168945,51.11194,-27.791016,-8.491158,-45.306732,-28.565674
733,14.172607,-83.430664,76.424805,-40.445312,47.327637,-40.6709,-5.8514557,-52.86371,-36.57959
734,24.704346,-73.50293,79.95996,-31.59375,51.500366,-26.85254,-22.591581,-58.17383,-43.06665
735,27.830566,-70.832275,68.086914,-42.041992,39.12036,-38.10742,-55.47128,-77.8009,-66.95703
736,19.237793,-75.33423,63.335938,-55.786133,33.41992,-44.729004,-39.706814,-70.69318,-59.091553
737,16.91626,-78.24585,78.70801,-42.899414,56.888428,-29.973633,5.770584,-36.773224,-22.888184
738,16.36792,-82.67334,72.89844,-36.067383,40.763184,-30.083496,-17.058058,-56.851105,-38.388428
739,15.508301,-82.09619,68.075195,-45.254883,36.399292,-30.592773,-43.428257,-70.52637,-58.676025
740,18.69336,-77.012695,73.74609,-42.84082,42.229492,-24.832031,-48.132053,-72.159485,-60.294434
741,31.858398,-62.86743,77.47754,-32.40625,46.581787,-26.78955,-14.807844,-49.93701,-37.825195
742,27.690674,-69.80469,77.03613,-36.870117,48.12744,-29.806152,-0.65942764,-45.167328,-28.058105
743,24.176758,-79.478516,70.416016,-41.81836,36.626465,-30.746582,-32.389473,-70.6485,-53.600098
744,27.004883,-75.94995,75.74805,-40.4834,43.415283,-18.187988,-43.570026,-71.5401,-55.953857
745,17.589355,-72.39697,75.53027,-56.725586,43.91626,-30.663574,-37.535748,-68.50989,-52.678223
746,12.381348,-80.3667,65.086914,-59.487305,42.080322,-41.033203,-14.518648,-62.856598,-40.989746
747,18.481445,-80.35596,73.21777,-40.088867,44.789307,-31.515137,-12.802019,-61.42334,-42.84912
748,9.064697,-91.60474,63.249023,-55.751953,30.142822,-39.291016,-52.10462,-90.98251,-75.54224
749,12.770752,-82.13721,69.15625,-43.9209,42.860596,-18.543457,-43.535995,-74.87991,-57.04492
750,6.998047,-82.85864,64.03613,-48.23535,40.3385,-22.197266,-25.011387,-62.584564,-40.621826
751,33.341553,-59.276123,78.50391,-25.97168,47.03784,-13.421875,2.4514847,-43.48001,-21.294922
752,19.065674,-77.4812,63.63965,-40.49121,28.28601,-20.428223,-28.167023,-62.4097,-46.52881
753,24.632324,-70.389404,72.59277,-33.844727,43.958862,-8.508789,-37.09891,-59.6615,-49.238525
754,21.794922,-66.100586,77.5791,-41.1875,45.90039,-19.409668,-30.23882,-60.576904,-49.029785
755,16.770508,-65.57495,74.81055,-42.04492,52.331543,-26.252441,-2.4310036,-43.83188,-29.585693
756,6.6066895,-80.77173,64.59473,-34.9541,39.117676,-17.81543,-2.390892,-38.78531,-21.745605
757,14.015137,-74.05005,52.71875,-32.98047,24.772827,-14.584961,-36.60215,-58.16501,-45.865234
758,13.294922,-76.39331,62.16504,-43.719727,32.937134,-15.959473,-50.74965,-68.07309,-57.27954
759,6.0441895,-76.10889,67.31445,-47.085938,43.539795,-22.205566,-22.928415,-55.358032,-39.74756
760,12.812012,-65.91016,76.4541,-30.964844,47.65796,-18.36084,9.317593,-36.570007,-18.351318
761,14.425537,-73.39575,65.81152,-40.47168,39.64966,-24.351074,-10.304926,-46.436615,-36.780518
762,24.664795,-65.09473,67.03125,-32.286133,44.085815,-7.710449,-29.55196,-54.049896,-47.552246
763,20.358643,-63.831055,59.558594,-43.854492,35.84192,-17.406738,-38.05712,-64.769806,-54.522217
764,13.200684,-67.27734,70.98633,-41.270508,49.50476,-13.265137,-2.635086,-37.581177,-22.440186
765,29.219482,-59.44287,85.174805,-29.067383,55.500977,-11.099609,19.350193,-24.564697,-11.79248
766,8.567383,-82.253174,66.75195,-43.98828,38.809937,-29.648438,-22.741125,-56.108368,-47.13452
767,16.57373,-72.15381,74.55469,-43.148438,48.801636,-16.27539,-32.51213,-55.472137,-49.057373
768,15.955078,-69.39795,70.28906,-51.796875,46.656494,-28.05957,-17.182394,-46.60141,-40.440918
769,15.391846,-66.946045,73.90332,-42.1709,52.151978,-23.407715,11.522846,-29.879028,-18.50415
770,15.761475,-68.551025,76.08008,-29.395508,52.703613,-10.222168,10.551556,-30.434937,-21.316895
771,4.9453125,-83.1499,67.22266,-45.052734,36.350586,-19.534668,-29.584938,-57.46927,-54.132812
772,13.464111,-74.43359,74.38672,-52.05664,43.098267,-20.96582,-31.259438,-55.117157,-53.05957
773,8.978027,-75.33862,75.79492,-58.710938,40.16382,-34.489746,-18.593504,-52.868134,-43.061035
774,24.5354,-66.1228,86.243164,-39.816406,54.276245,-20.228027,16.404247,-29.64502,-18.420654
775,20.576172,-75.926025,78.24414,-37.875,45.16565,-10.562988,-6.583872,-40.423492,-32.24048
776,1.994873,-91.72705,54.618164,-58.197266,27.953247,-22.020996,-43.441833,-65.4382,-62.92456
777,14.987061,-69.492676,71.822266,-48.335938,43.459106,-12.451172,-17.527912,-44.32547,-33.503418
778,12.508057,-69.26416,74.512695,-44.152344,46.998535,-14.068848,7.7295494,-30.554321,-16.983887
779,13.491943,-73.09448,72.02246,-38.70996,35.31079,-20.034668,-3.6655083,-40.358887,-26.921387
780,20.29541,-66.61401,63.706055,-43.601562,22.693726,-18.566406,-40.43824,-65.91873,-58.688965
781,22.152588,-63.261475,74.37109,-46.885742,42.75818,-10.319824,-30.674623,-53.967834,-46.576416
782,15.252686,-63.367676,66.56055,-55.273438,41.31555,-16.817383,-1.7067413,-36.361877,-25.841064
783,20.918457,-57.655273,74.58008,-33.353516,49.19336,-5.4506836,26.723713,-17.448761,-3.1108398
784,13.0720215,-73.39697,67.58789,-43.308594,37.93286,-15.373535,-3.4881153,-37.661835,-31.91455
785,5.753662,-88.038574,58.929688,-68.947266,26.608643,-30.800293,-46.53614,-70.683105,-66.9834
786,27.55664,-57.019287,68.200195,-48.85254,38.95349,-11.96875,-25.998386,-51.70166,-45.04541
787,15.994141,-70.24609,75.92578,-52.805664,47.095093,-22.58252,8.528732,-37.204956,-23.196533
788,12.150391,-78.04028,66.28223,-54.757812,36.99341,-29.243652,4.021126,-44.359802,-35.298096
789,14.852051,-83.41382,66.3916,-58.36621,29.164185,-23.472168,-28.42317,-61.506897,-56.462646
790,12.977783,-81.5874,66.756836,-58.164062,33.28308,-16.187988,-41.703747,-62.579987,-56.460938
791,10.261719,-80.32373,60.319336,-71.56543,29.682495,-34.72705,-29.240211,-58.97052,-52.191162
792,11.981445,-72.688965,66.35547,-62.134766,31.249023,-39.47754,-2.6636734,-50.02899,-46.299072
793,22.444824,-68.31006,75.9375,-49.80957,43.757935,-24.168457,-2.2598572,-46.632202,-44.45166
794,5.9106445,-82.99927,66.75098,-61.072266,29.807251,-21.103516,-35.845676,-64.094574,-62.503662
795,3.3757324,-82.79004,68.90625,-67.666016,37.90857,-32.749023,-15.462765,-47.71518,-48.2666
796,9.673584,-69.57617,70.80371,-50.323242,43.242554,-24.254395,12.359531,-30.226654,-25.807861
797,18.211182,-65.786865,76.17578,-41.0791,38.93152,-18.312012,-1.9803658,-40.740967,-38.67334
798,10.603027,-73.20361,56.00293,-51.198242,24.29956,-11.77002,-40.047943,-64.65683,-56.45996
799,2.8310547,-85.58765,51.86914,-66.6709,21.71753,-23.219238,-42.301712,-67.16226,-61.075684
800,16.168945,-73.25464,73.84668,-53.70996,45.763428,-15.708008,14.079849,-25.827698,-21.48584
801,-4.659912,-95.95581,61.069336,-68.70215,27.408691,-36.19287,7.2290154,-43.966064,-33.6792
802,12.457275,-77.24951,73.76172,-45.620117,38.447998,-4.9677734,-3.2983074,-40.15622,-30.386475
803,8.904297,-83.59546,66.72461,-59.085938,28.609863,-11.078125,-34.70593,-56.440643,-50.895264
804,6.3376465,-77.710205,61.91504,-69.265625,30.028687,-21.308105,-23.710749,-55.42041,-48.78711
805,11.210205,-72.27417,74.57324,-52.617188,40.060303,-17.195312,13.508606,-40.557037,-28.514893
806,10.856201,-81.54956,70.61914,-58.351562,31.614258,-21.601074,5.5995483,-50.40094,-37.70166
807,15.585449,-77.22681,68.49219,-57.838867,33.624756,-15.938965,-20.176323,-62.47003,-55.61963
808,19.398438,-72.13989,68.85156,-58.05371,39.856323,-12.638184,-20.151905,-55.50879,-51.241455
809,28.108398,-58.901855,82.97363,-47.112305,50.651367,-3.0288086,14.242428,-30.599213,-20.045166
810,36.79419,-51.029297,82.13379,-33.157227,45.916992,-8.784668,24.189568,-27.827515,-17.197998
811,54.06958,-43.21753,77.75293,-33.713867,36.961792,-5.6655273,6.592449,-38.184296,-31.197021
812,61.950928,-37.861572,69.66699,-46.239258,35.94214,-7.361328,-18.987349,-49.395966,-46.93921
813,91.90039,-8.914795,88.081055,-44.635742,56.607056,1.2441406,2.0591164,-32.463196,-26.156738
814,105.700195,-0.8547363,89.762695,-45.148438,51.9021,-5.8081055,26.399326,-17.781097,-9.047852
815,115.41162,8.653809,88.50488,-35.91211,46.946533,0.07373047,25.886078,-18.375519,-9.9782715
816,110.40723,4.058838,85.731445,-33.063477,39.67102,5.758301,-8.864847,-42.16086,-38.790283
817,103.688965,2.1574707,82.05469,-42.17383,43.47058,8.353027,-10.126595,-37.676117,-33.67627
818,82.235596,-11.743652,76.16113,-54.21875,42.12256,1.8046875,10.433418,-22.908142,-11.779541
819,63.73047,-28.606934,81.09277,-48.211914,54.292725,-3.2641602,40.416523,-12.095764,1.1777344
820,63.940918,-29.755371,78.21777,-42.77539,42.203247,-9.95752,9.128281,-40.393402,-31.172607
821,52.82202,-44.28589,71.68457,-55.279297,35.335205,-8.868652,-25.207714,-58.611725,-52.928223
822,53.39673,-35.072754,80.87305,-49.492188,50.238525,2.5170898,-2.5413475,-39.62216,-35.672607
823,43.14502,-39.03882,76.03906,-40.979492,47.171265,2.9262695,33.928722,-13.224213,-5.854248
824,44.253906,-45.828857,80.59863,-39.256836,48.415894,1.6835938,42.905956,-3.495575,6.13208
825,35.931396,-52.880127,74.018555,-42.432617,40.180054,2.043457,7.2582703,-31.493011,-21.592285
826,24.77002,-63.441406,71.197266,-62.90918,32.88098,-6.3999023,-24.194677,-56.578552,-51.4187
827,27.60205,-56.157227,77.18457,-61.6084,38.263794,-12.166504,-2.9924011,-52.66388,-40.660645
828,21.901611,-56.894287,78.515625,-55.46289,42.90979,-13.237793,24.703388,-37.939423,-24.086182
829,28.606201,-57.03369,77.512695,-42.52539,40.261475,-7.637207,14.164532,-40.500763,-30.010498
830,3.5891113,-84.619385,58.86133,-63.658203,24.123291,-21.293457,-24.696892,-63.2583,-56.791504
831,11.429932,-71.55542,73.03906,-61.79297,46.81311,-4.5288086,-6.8720055,-40.77411,-36.123047
832,0.46948242,-73.490234,74.32617,-57.64453,50.30127,-6.5112305,25.774784,-23.784119,-13.504639
833,11.621094,-70.80078,77.706055,-51.561523,41.61841,-13.690918,30.255512,-29.343597,-19.683594
834,20.03833,-66.84277,70.609375,-42.916992,37.00818,-4.5146484,8.020805,-39.413788,-32.876465
835,10.088135,-80.85547,53.745117,-68.234375,22.086792,-21.07666,-33.4469,-67.99005,-61.61255
836,10.387451,-71.77515,74.487305,-58.396484,48.030273,-5.0932617,5.8178635,-32.626923,-25.1792
837,12.574951,-67.02734,87.1084,-43.930664,58.423218,0.92578125,45.93561,-10.428314,1.847168
838,10.11792,-75.0271,82.97461,-40.057617,50.989258,-1.550293,33.686176,-21.487549,-13.053711
839,10.553223,-78.91333,73.91504,-51.63965,37.860596,-5.11084,-7.8991413,-48.29126,-41.52588
840,10.26001,-74.95288,69.31348,-56.510742,36.456665,-3.9736328,-18.418781,-53.598297,-39.902832
841,8.746338,-75.795654,75.740234,-55.29883,50.082764,-2.7368164,19.40004,-28.805054,-16.295898
842,7.212158,-75.89917,75.819336,-49.86914,47.12854,-7.142578,31.506107,-27.030853,-11.131836
843,0.048828125,-87.135254,67.11621,-48.310547,34.50293,-6.0151367,6.466484,-44.356262,-33.64038
844,1.4289551,-89.18555,64.918945,-59.588867,27.02063,-9.583496,-22.86958,-58.46747,-54.345947
845,9.841064,-74.04614,63.23828,-59.958008,27.893555,-10.667969,-12.322773,-52.532104,-45.37622
846,11.698486,-67.869385,70.71973,-54.02246,35.873535,-16.084473,21.256123,-36.885834,-25.01294
847,11.777344,-73.96265,72.09668,-44.975586,34.639404,-13.012695,27.172958,-33.954773,-22.15039
848,-1.0124512,-89.52832,66.36133,-57.57422,30.699219,-15.907227,-0.99287796,-55.15753,-49.687256
849,3.048584,-80.64551,68.13965,-65.024414,40.009766,-10.180176,-11.178919,-53.028473,-50.49707
850,0.22851562,-79.00073,69.23047,-62.14746,41.850098,-14.729492,10.239727,-43.367218,-36.13794
851,18.066895,-58.91577,71.706055,-36.17285,40.479614,-0.31201172,38.02879,-21.853058,-4.2385254
852,9.932617,-68.741455,70.24902,-35.592773,38.934937,-0.030761719,22.491516,-34.532196,-19.405762
853,4.9797363,-74.30884,64.75781,-52.29004,32.475098,-9.582031,-10.497488,-58.260315,-49.462646
854,11.858643,-61.930176,73.03418,-48.820312,43.452515,0.9604492,-1.5449028,-46.99704,-33.42383
855,1.786377,-70.539795,73.33008,-54.200195,44.785034,-7.8251953,31.87495,-32.92694,-17.690918
856,1.0356445,-77.40112,76.478516,-41.39746,44.489136,-0.9169922,39.987667,-23.924713,-7.576172
857,14.082764,-65.50928,75.95703,-36.333008,41.112427,4.114746,11.672825,-40.444763,-25.529541
858,16.304443,-62.012207,74.918945,-44.250977,42.286133,2.9091797,-0.9484787,-47.241882,-38.173584
859,2.352295,-65.634766,73.291016,-51.958008,43.15027,-3.6088867,11.821178,-44.48285,-33.10205
860,-0.43774414,-66.200195,70.49707,-56.609375,39.408203,-8.689453,34.706867,-33.668762,-14.326904
861,10.532227,-60.132812,80.39551,-39.490234,48.129883,9.452637,40.464222,-18.457,-3.3205566
862,0.40576172,-77.66113,66.92383,-55.373047,30.87793,-9.803711,-3.8885136,-52.633698,-42.99463
863,17.432861,-59.020264,72.57617,-59.46289,30.343262,-5.9907227,-14.7971,-63.411255,-50.709717
864,-0.16308594,-67.677734,66.92676,-66.66699,36.485107,-18.237305,13.941265,-47.57242,-34.120605
865,4.880615,-63.307617,80.91211,-52.026367,42.718018,-11.534668,36.376255,-35.029297,-21.091064
866,11.814453,-63.73999,80.74512,-42.594727,46.60388,1.7177734,19.444092,-42.434418,-27.382812
867,7.303955,-70.06714,70.6582,-52.7041,43.182373,0.43115234,-2.9746094,-48.611298,-35.212646
868,3.2036133,-69.73096,66.293945,-62.759766,38.774536,-11.353516,5.3484764,-42.653046,-29.777588
869,18.648193,-48.593506,79.30762,-41.220703,42.44348,-1.6079102,38.99374,-28.302887,-10.929443
870,10.613037,-62.797363,71.89258,-42.6084,33.545288,-9.787109,21.047123,-42.045044,-25.671875
871,5.6157227,-67.96802,72.83887,-46.18457,37.052734,0.8725586,-0.9235306,-49.625122,-36.94043
872,1.5185547,-65.83032,71.54297,-59.2959,37.15271,-1.3959961,-6.26153,-53.989838,-37.132324
873,4.3100586,-57.969727,80.99512,-52.64258,51.479126,-1.434082,30.796963,-33.89563,-16.484863
874,-12.061768,-76.15698,63.348633,-64.13086,31.11316,-18.46289,32.069103,-39.775024,-19.015625
875,6.6381836,-66.278564,61.132812,-59.691406,27.93103,-6.4941406,10.605934,-42.277008,-26.979492
876,-5.6347656,-83.20825,59.5,-74.56738,28.798706,-6.972168,-15.709497,-58.822906,-44.652588
877,6.5820312,-67.23511,74.15527,-66.75,41.274536,-10.723145,5.3039627,-53.13623,-38.976807
878,0.28881836,-65.35278,77.10742,-61.69922,46.977783,-15.482422,34.94634,-35.7175,-16.622559
879,-8.78833,-77.61548,67.43359,-61.179688,29.431396,-14.663574,27.939583,-39.857605,-15.962158
880,-3.182129,-73.70752,72.05371,-56.14453,39.756104,-1.2177734,14.7537155,-40.202637,-22.303955
881,1.064209,-65.36865,64.08203,-66.27637,37.49292,-4.470215,1.8514633,-48.54654,-33.767334
882,1.6779785,-59.627686,61.510742,-69.81055,35.35144,-9.595703,15.14978,-42.68698,-20.442871
883,-12.694824,-72.20532,69.29785,-61.65039,39.236572,-12.864258,29.85365,-42.341187,-18.556885
884,1.0405273,-66.381836,75.67383,-49.905273,44.688477,-2.678711,21.3026,-43.255432,-23.361084
885,-3.3444824,-73.743164,66.54785,-67.15234,35.529785,-4.5664062,-1.6567268,-53.358704,-37.139404
886,-2.8596191,-70.950195,59.874023,-74.70703,31.556152,-11.992676,0.93976974,-50.02231,-30.844482
887,6.437256,-53.994873,68.17676,-57.887695,39.9209,-9.849609,28.95863,-29.332611,-9.205078
888,3.8308105,-64.864746,71.856445,-61.03125,39.12903,-13.919922,30.603428,-34.599518,-10.582275
889,5.0788574,-68.04224,75.103516,-50.14258,39.25232,-1.1689453,6.8318596,-51.473633,-33.901367
890,-4.6083984,-76.96997,62.84961,-58.210938,34.580444,2.3925781,-3.802866,-47.779877,-32.013916
891,-2.8417969,-61.84375,69.00195,-53.97754,45.901123,7.9643555,25.49807,-23.941315,-2.5917969
892,0.15625,-58.283203,66.59961,-47.84375,46.2229,0.3959961,48.237194,-14.322968,10.230225
893,3.6989746,-61.24048,71.052734,-45.51758,37.744385,-3.0986328,31.354473,-34.714417,-14.33374
894,11.409912,-55.379395,69.08789,-48.14453,30.338135,4.2998047,-9.591526,-55.5477,-39.371094
895,-8.906494,-71.233154,59.69922,-66.72754,24.58374,-6.15625,-17.83758,-64.53949,-43.598145
896,-12.689209,-66.38843,64.46582,-59.976562,35.493042,-2.918457,22.82899,-33.578827,-12.209473
897,-4.0493164,-62.77417,69.20508,-43.248047,42.188232,10.157715,44.46282,-18.113037,5.435547
898,-5.8066406,-64.976074,52.83496,-41.210938,17.95935,9.754395,-3.6931362,-52.68042,-28.581787
899,0.55737305,-62.822266,61.220703,-55.804688,25.847412,4.616699,-14.384981,-54.195587,-37.13452
900,-1.1303711,-58.384033,66.08887,-55.862305,39.95459,8.964844,13.532925,-31.310577,-12.2771
901,0.13793945,-52.998047,66.30469,-49.92285,38.200928,0.30029297,33.500973,-28.314758,-7.7487793
902,-0.82299805,-59.583008,59.566406,-49.760742,28.234497,0.70166016,20.275242,-36.90091,-19.89917
903,4.5375977,-59.07373,60.993164,-61.992188,22.466919,5.361328,-8.5612545,-60.372467,-38.072754
904,5.4821777,-51.139404,63.432617,-57.882812,31.411377,20.641602,-6.6593094,-48.307953,-21.309814
905,-3.0847168,-58.12329,64.3291,-58.30664,30.66687,11.663086,19.105896,-35.77069,-2.805664
906,2.5559082,-55.75122,72.04004,-48.0791,42.640625,8.20166,43.203243,-21.935791,6.3720703
907,4.588623,-58.07837,71.33203,-44.22461,34.385742,11.665039,17.781345,-39.505554,-14.877197
908,0.44848633,-64.308105,63.828125,-60.078125,25.600464,4.2504883,-15.639259,-58.50656,-33.86963
909,-3.5773926,-64.66455,63.444336,-71.799805,25.134155,-4.8095703,-2.1120186,-49.50009,-23.976074
910,-13.971191,-70.2771,61.624023,-70.70801,33.14453,-7.61084,25.250565,-34.919434,-9.219482
911,8.442139,-52.42163,73.31836,-50.401367,36.678467,5.430176,28.275547,-33.506256,-1.6032715
912,12.950928,-53.98584,68.07129,-51.85547,28.614258,5.4223633,-4.8935604,-51.252716,-22.49585
913,0.28979492,-60.503906,61.679688,-60.529297,29.64087,5.0625,-20.270351,-58.19803,-33.856445
914,-1.3200684,-58.09546,63.535156,-64.77539,30.592773,-9.001953,0.066230774,-54.227295,-24.979248
915,-2.9851074,-62.64209,65.40918,-53.737305,35.15271,0.030761719,24.266388,-43.400665,-6.479004
916,-4.8632812,-65.63452,60.163086,-49.73535,23.452148,1.3681641,1.7810783,-54.272522,-22.64087
917,-4.531494,-64.601074,60.226562,-53.282227,22.285034,12.224121,-21.490341,-62.072266,-35.27173
918,-10.941162,-62.30371,60.2041,-66.75098,28.412842,3.5766602,-9.515505,-52.657166,-20.334229
919,-9.193359,-62.81299,66.461914,-64.88379,38.466064,-5.3793945,19.631203,-42.283997,-6.506836
920,-12.228027,-68.308105,67.98047,-52.390625,34.95508,-4.5932617,22.749165,-45.095062,-15.191162
921,-11.645508,-71.309326,61.390625,-56.876953,30.739014,-2.1044922,-1.7474709,-59.78238,-31.895752
922,-16.811523,-77.420166,55.158203,-71.69336,25.73291,-2.621582,-17.192345,-61.45819,-38.67041
923,-7.0925293,-63.01831,71.49707,-64.37109,47.200195,9.604004,20.023777,-30.11023,-3.1748047
924,4.911133,-46.864502,76.930664,-45.240234,49.545654,14.819824,40.40108,-19.918518,13.879639
925,2.488037,-59.08716,67.85449,-50.74414,28.217285,-1.6499023,7.2317734,-53.158844,-20.468018
926,0.48754883,-61.73413,75.54004,-49.35547,42.12744,15.79834,-1.0735741,-46.887634,-19.241943
927,-9.537109,-73.933105,64.5293,-75.30859,32.0813,-5.557617,-12.32243,-54.77359,-35.65918
928,-2.0793457,-59.929443,70.08496,-67.00586,41.897217,-11.268555,15.493397,-41.829834,-15.902588
929,-5.4052734,-64.22534,68.484375,-52.78711,42.104614,-5.0825195,27.865604,-37.578857,-7.2646484
930,-14.883057,-76.117676,62.291016,-53.523438,33.519897,5.751953,-0.69418716,-50.03296,-20.374023
931,-3.571045,-63.88745,65.243164,-51.61328,39.646973,19.697754,-7.678076,-46.243805,-17.814697
932,-13.749023,-68.89014,60.03711,-66.93555,35.17932,2.6142578,-0.14503479,-46.78244,-19.134033
933,-3.2197266,-58.835938,72.40527,-48.823242,46.817627,9.407227,34.25118,-30.633362,5.4279785
934,-7.236328,-68.16699,61.450195,-51.811523,30.4729,-1.4301758,20.489342,-39.459473,-11.451904
935,6.2487793,-56.076416,70.29883,-46.030273,36.82141,14.665039,-9.280453,-48.88315,-22.79248
936,-11.665039,-76.612305,60.960938,-73.91992,31.253906,-3.4770508,-29.70085,-67.412964,-40.99341
937,-11.897217,-69.86987,66.63672,-65.19336,40.26953,-0.6591797,8.245602,-44.309204,-13.693115
938,-9.244873,-64.802246,73.71973,-47.808594,45.209106,8.859863,35.43944,-24.188171,9.562744
939,-19.389893,-81.755615,56.302734,-61.918945,31.086914,-3.724121,4.7170753,-46.56079,-21.515137
940,-9.529541,-73.37915,55.879883,-62.128906,28.793335,3.0092773,-22.096886,-59.726044,-40.473145
941,2.4260254,-58.85083,66.99219,-54.385742,41.58777,18.687988,-2.47081,-41.656372,-14.304932
942,-1.6948242,-58.50122,74.944336,-52.875,51.307617,17.40332,33.875477,-18.61258,14.8984375
943,-1.0358887,-67.19629,75.29492,-50.788086,52.36035,10.061035,39.398266,-18.97705,6.668457
944,4.010742,-67.7876,71.75,-57.836914,36.65747,6.6782227,-1.9803581,-49.370087,-27.504639
945,14.518799,-50.2229,65.61621,-60.353516,30.236206,0.65234375,-23.23108,-62.551727,-42.601074
946,15.523193,-47.29834,70.65137,-65.56641,36.73633,-4.211914,3.4859848,-45.557587,-21.629639
947,4.95459,-50.883545,68.64551,-50.865234,34.83362,1.7910156,17.095524,-38.62805,-4.2160645
948,10.6623535,-55.270752,67.85156,-46.34961,37.19397,9.84082,8.843563,-39.483246,-11.744873
949,8.975342,-57.6792,74.64746,-54.779297,47.924683,12.280762,-6.082304,-45.38687,-20.36499
950,-7.6225586,-69.16382,64.25293,-85.38379,36.69397,-12.481934,-11.421009,-49.821533,-27.550781
951,0.11303711,-55.41577,65.328125,-68.33496,34.28308,-15.520508,8.171207,-38.231903,-13.065674
952,19.429688,-39.15918,73.01758,-42.83203,33.337646,-2.2998047,16.368954,-35.862946,-7.654785
953,15.04541,-46.715332,69.99609,-42.978516,30.787476,8.565918,-15.418798,-56.00006,-31.293457
954,16.267578,-44.814697,75.50781,-42.250977,48.466797,28.066406,-9.683403,-46.942596,-19.718506
955,2.9611816,-56.31958,65.59863,-67.71094,41.118042,4.746582,2.9787369,-38.55237,-13.020752
956,1.8183594,-56.77466,75.02344,-58.572266,41.331177,-2.2685547,23.155682,-27.161072,1.5788574
957,3.1437988,-60.321777,74.09863,-55.280273,37.18286,-7.168457,7.661213,-43.158142,-16.388184
958,-0.54907227,-67.50073,60.390625,-64.7793,19.089355,-8.555176,-37.980537,-72.80005,-47.31128
959,2.9936523,-55.33838,58.109375,-67.11133,26.515503,-2.15625,-33.304527,-67.609314,-43.24951
960,3.4938965,-50.543213,74.44238,-55.48047,50.837402,7.275879,19.584309,-35.107147,-4.6347656
961,-8.902344,-64.49194,70.97656,-59.213867,49.599487,1.2236328,31.639523,-30.171997,3.104004
962,0.36376953,-58.43213,77.115234,-51.91211,46.239624,9.098633,5.7676888,-41.295197,-11.728027
963,-0.6533203,-60.047607,68.88672,-64.043945,39.257202,-0.9223633,-24.860874,-54.227753,-30.696045
964,7.0617676,-46.37915,76.299805,-63.25,47.558838,-0.46191406,-0.5819588,-40.691864,-15.305664
965,10.38623,-46.065918,79.046875,-58.121094,53.539185,-9.429199,24.397995,-31.874725,-7.958008
966,12.991943,-46.459473,82.20996,-49.868164,48.355347,0.029785156,12.697239,-44.419952,-14.867676
967,15.437012,-46.55249,79.5332,-44.939453,44.874023,9.225098,-17.426155,-55.748505,-27.802979
968,6.0810547,-55.081543,78.58887,-55.583008,52.342773,19.250977,-10.412783,-37.17108,-10.13916
969,-9.69873,-66.373535,63.90918,-69.53711,39.105957,-5.974121,6.650299,-33.77191,-6.6655273
970,-2.0393066,-59.665527,77.74414,-48.92578,49.39087,1.2167969,26.912804,-26.770721,2.868164
971,-0.7487793,-62.985596,76.89453,-50.34375,42.652588,-2.5625,-4.200697,-55.936066,-28.060547
972,-6.116455,-73.56177,67.38672,-70.93164,33.32544,-9.239258,-35.387962,-73.420105,-51.33374
973,-3.8911133,-65.85376,69.375,-71.46387,38.512695,-5.9697266,-16.050232,-56.481415,-28.998291
974,-4.479004,-60.862793,75.71777,-56.751953,50.20056,11.500488,25.51036,-18.79126,17.814697
975,-2.3935547,-61.56787,67.03027,-51.333008,33.809814,0.8911133,9.64016,-38.406097,-4.456787
976,-4.435791,-61.789307,71.86035,-51.316406,38.164062,6.6152344,-16.846226,-50.998047,-24.69165
977,-5.312744,-67.22534,73.93945,-60.626953,44.900757,9.743652,-26.532814,-57.994537,-30.364258
978,-4.789551,-63.791016,74.86914,-64.72656,47.377563,-10.465332,-3.6777153,-49.35858,-24.003662
979,-0.21777344,-61.315186,79.481445,-56.867188,48.20227,-14.495605,17.197021,-38.55606,-11.368408
980,-5.7089844,-66.1709,66.668945,-49.86035,36.06372,-1.2158203,-2.509655,-44.578735,-21.847412
981,4.2785645,-64.14551,61.98242,-56.676758,32.344604,3.321289,-32.319653,-58.050354,-34.598633
982,-0.80688477,-60.036865,72.4668,-61.22168,50.843872,2.6240234,-16.417183,-47.729004,-24.49414
983,-0.010986328,-60.06421,77.37109,-59.546875,54.114136,-6.065918,12.731873,-33.892487,-8.564941
984,1.1894531,-59.861816,77.06152,-53.237305,49.030884,-14.120117,8.238422,-40.626465,-20.04663
985,-7.310547,-75.9939,67.5166,-64.79004,31.10376,-14.830566,-30.466824,-61.201385,-41.6438
986,-1.0524902,-69.229004,56.864258,-64.90039,26.773438,-5.2055664,-47.76873,-66.33719,-43.418457
987,1.9765625,-57.136963,66.36914,-57.15625,40.187744,-1.3334961,-13.809999,-47.394867,-19.02539
988,-6.9414062,-64.83496,69.59082,-57.203125,45.437744,-6.9487305,10.590813,-33.709503,-9.577637
989,-6.6538086,-70.56494,69.53418,-54.316406,46.2312,-6.4365234,1.6546249,-46.37793,-24.035889
990,-12.538086,-78.68823,63.879883,-73.61719,37.750244,-18.03711,-35.83375,-69.70349,-54.34668
991,-5.443115,-69.589355,66.09961,-75.37402,47.186157,-9.99707,-25.964249,-57.048615,-35.786865
992,-10.541992,-70.76416,58.2334,-77.52539,34.431152,-16.194824,-14.219702,-52.188446,-20.953125
993,7.069092,-53.39038,67.49121,-51.027344,40.09485,-2.472168,11.376621,-33.242157,-7.1013184
994,-4.4819336,-64.98364,67.362305,-50.762695,33.42285,7.6225586,-19.182697,-50.39322,-21.496338
995,-10.634277,-75.255615,60.975586,-65.85547,33.792236,1.6953125,-33.39607,-60.176147,-35.733887
996,-9.668701,-69.80542,66.65039,-67.07031,49.2771,-5.5029297,-12.28957,-48.43866,-26.509033
997,-27.460693,-88.18359,61.833008,-78.17285,40.417847,-34.182617,-4.0686207,-56.932404,-36.06006
998,-4.3293457,-64.83569,82.97266,-40.657227,58.25403,1.2495117,16.530186,-29.11502,-8.019287
999,-8.399658,-72.479004,61.302734,-57.911133,32.31555,-4.647461,-33.87465,-61.451904,-39.144043
1000,-6.3203125,-63.32666,56.558594,-64.94238,26.277466,-2.668457,-40.715633,-67.86746,-43.46875
1001,7.4506836,-47.71338,62.55957,-61.683594,44.222046,-8.567871,-7.592083,-46.813934,-22.342285
1002,-3.0327148,-59.69995,65.29004,-63.124023,45.101196,-14.838379,9.406513,-37.698486,-13.198242
1003,-3.767334,-69.37378,72.833984,-65.78418,45.151733,-15.928711,-11.316383,-49.89096,-32.168457
1004,2.5393066,-58.586426,71.28711,-61.978516,43.423462,-5.430664,-33.48988,-59.49588,-44.31372
1005,3.680664,-56.015625,66.918945,-60.28125,45.055176,-1.7353516,-17.610336,-48.725494,-28.48706
1006,-0.7915039,-55.95752,67.7334,-55.274414,42.25305,-6.5219727,4.569973,-37.724396,-11.456787
1007,5.048828,-50.101562,67.9043,-48.206055,40.98584,-7.1313477,3.6450958,-38.151978,-10.3063965
1008,-4.1467285,-66.703125,61.041016,-69.67383,35.30066,-12.327148,-29.234488,-60.817505,-42.038574
1009,-11.560791,-72.118164,58.50586,-83.37402,32.108154,-15.581055,-44.60765,-71.978,-51.01367
1010,-16.644043,-72.21753,62.907227,-77.91992,39.36316,-10.375488,-16.650064,-49.26126,-23.52417
1011,-1.5144043,-60.202393,77.77539,-49.597656,52.683716,-0.16601562,20.243744,-26.04425,-0.9719238
1012,-10.932373,-75.57373,58.73047,-63.706055,36.812256,-14.837891,-17.180338,-51.816895,-30.267334
1013,-5.927246,-67.15991,61.541016,-66.293945,41.193726,-4.595215,-31.996826,-54.12265,-40.458984
1014,-10.08252,-69.3562,60.26172,-80.50879,37.016113,-20.107422,-31.539078,-60.57675,-43.174072
1015,-19.886963,-79.333496,61.470703,-77.9668,42.81543,-22.333008,-4.3224335,-47.860565,-24.970947
1016,-7.254883,-63.41504,64.171875,-57.15625,37.689697,-10.358398,-2.2225113,-44.82544,-22.10205
1017,-7.0844727,-67.17798,51.46289,-67.69336,25.859985,-16.037598,-32.27891,-63.047943,-42.07007
1018,1.0354004,-62.651123,63.810547,-66.56348,44.829956,-6.6030273,-30.793118,-54.024994,-37.499023
1019,-12.2109375,-67.67651,61.847656,-74.81152,41.84546,-20.523438,-20.61451,-52.28351,-31.81128
1020,-16.067627,-73.623535,61.41797,-82.44531,35.74243,-37.47998,-6.4779663,-55.332916,-32.002197
1021,-7.6103516,-64.41968,59.739258,-65.00391,35.104126,-19.294922,-17.655579,-56.78485,-37.686523
1022,-9.255615,-70.68823,53.884766,-62.844727,29.715576,-13.191895,-44.935673,-68.65872,-50.30664
1023,-11.109131,-69.83374,64.740234,-68.956055,40.104126,-12.55127,-37.058975,-61.76596,-43.041992
1024,1.7067871,-50.10083,79.11133,-48.819336,56.68091,-3.046875,4.7110443,-34.168884,-10.904541
1025,-7.838379,-65.71094,67.81641,-67.83887,44.614136,-23.679688,3.0848312,-39.679504,-24.360596
1026,-4.3691406,-64.36572,63.478516,-67.12305,39.93799,-20.005371,-21.566866,-55.076447,-44.633545
1027,-9.279541,-66.05762,48.810547,-71.95215,30.42749,-17.202637,-49.062675,-66.45303,-51.389893
1028,-13.4938965,-68.67969,60.2041,-79.09082,50.099487,-20.82129,-18.250856,-47.10376,-30.414307
1029,0.3005371,-49.993652,71.56738,-56.03125,63.318848,-7.76709,20.044388,-21.575073,-0.94921875
1030,-2.4311523,-62.098633,64.57422,-64.03418,41.645508,-22.608398,-4.0140877,-45.647278,-24.999268
1031,-0.51342773,-61.01758,69.10449,-64.59082,41.03418,-11.361816,-33.679108,-57.30664,-45.1687
1032,-5.307617,-63.731445,56.78418,-78.916016,27.055786,-22.223633,-54.74341,-74.23627,-59.450195
1033,7.0161133,-41.873535,67.38574,-62.01758,43.98181,-14.621094,-14.900959,-46.749725,-29.64038
1034,-6.504883,-61.902588,66.15527,-71.73242,37.82263,-26.060547,-9.053301,-50.71054,-24.468994
1035,-11.698975,-72.44849,64.87891,-73.46289,33.53955,-30.135742,-31.926823,-61.713165,-43.69287
1036,-2.3620605,-62.092285,66.98633,-67.80859,39.327026,-18.346191,-43.49494,-62.410797,-49.38916
1037,-3.2438965,-59.37964,67.58789,-71.64844,46.15088,-21.763672,-22.599651,-53.022003,-40.24292
1038,-6.031006,-59.23413,65.7334,-64.21484,39.48474,-20.836426,-5.3691406,-45.065247,-25.10498
1039,-13.942383,-67.16455,56.348633,-64.237305,27.173462,-33.273926,-20.586414,-59.816498,-41.578125
1040,-10.015137,-68.565186,57.131836,-59.899414,30.628662,-17.466797,-40.208294,-65.42996,-49.597412
1041,-14.800293,-68.95996,51.58789,-63.356445,36.041748,-16.19873,-41.389328,-57.370575,-50.640625
1042,-8.05835,-56.640625,67.96484,-52.95215,45.106445,-9.628418,-7.837528,-33.570007,-16.177246
1043,-6.183838,-56.77539,61.601562,-51.05957,38.77368,-19.524902,0.83395004,-35.706055,-18.771729
1044,5.8066406,-52.433594,68.08301,-44.780273,40.97046,-9.453125,-4.863821,-38.96402,-23.763916
1045,-8.060791,-68.64307,55.841797,-52.811523,34.094116,-7.904297,-35.45755,-52.566406,-45.220703
1046,-6.7509766,-58.97339,59.87207,-57.61035,40.2146,-5.84375,-27.239912,-49.15793,-34.665283
1047,2.80542,-48.323975,75.23242,-49.11035,52.326904,-2.4936523,9.558334,-25.590576,-6.1584473
1048,-4.0546875,-59.01465,63.041016,-46.10742,47.566406,-7.25,8.481712,-24.60907,-11.563965
1049,1.177002,-58.472168,56.850586,-56.041016,33.09424,-9.233887,-26.670124,-42.09784,-34.328125
1050,-0.05102539,-57.50415,59.97754,-64.60742,41.455933,-12.1015625,-39.15272,-47.328156,-42.610596
1051,1.7045898,-53.48584,76.163086,-60.82422,53.275146,-12.629395,-16.90614,-39.46588,-28.16748
1052,-6.69751,-62.879883,67.49512,-55.458984,43.577637,-19.262695,0.32304382,-33.25882,-18.87378
1053,-4.8847656,-68.12866,67.81348,-47.95703,41.074097,-15.076172,-14.112539,-47.094147,-32.591797
1054,-6.45459,-72.3562,54.720703,-63.206055,30.444824,-25.115234,-55.295395,-71.23761,-62.25952
1055,-8.312744,-64.720215,58.65039,-65.76367,31.811768,-20.09375,-50.455894,-65.246704,-55.259277
1056,-6.3103027,-57.69922,70.82422,-60.717773,45.166504,-33.3208,-20.86967,-52.979187,-41.4104
1057,9.027588,-45.6167,73.11035,-38.53125,48.348877,-23.35205,-3.8614407,-38.43921,-30.696533
1058,-10.840576,-68.062744,56.27246,-61.4834,25.338623,-40.628418,-53.95984,-76.02438,-68.07544
1059,1.1242676,-54.203857,64.978516,-54.194336,34.38379,-23.700684,-67.73626,-78.089874,-67.57495
1060,-2.7910156,-56.680176,59.80078,-60.364258,34.236206,-31.070312,-51.707485,-67.64035,-61.396484
1061,-10.325439,-69.00464,70.00293,-56.881836,40.874146,-34.245605,-15.192595,-47.059326,-38.417725
1062,-13.563721,-76.951416,65.2168,-62.296875,33.828003,-44.73047,-29.60226,-62.210846,-58.19336
1063,-4.2504883,-69.50708,65.575195,-60.489258,30.636108,-37.265137,-62.25494,-78.0152,-75.454346
1064,4.679199,-58.99951,72.0918,-57.435547,37.410645,-29.056152,-55.840763,-69.15018,-66.0542
1065,14.091553,-41.685303,71.24609,-47.63379,48.706543,-23.320312,-24.458935,-47.56015,-39.210938
1066,-3.7497559,-60.3584,59.996094,-61.51953,30.599976,-46.918457,-21.077648,-59.32663,-50.593506
1067,6.8671875,-53.589355,69.02832,-47.59668,33.041138,-29.548828,-35.53344,-59.723267,-55.412354
1068,9.3984375,-48.798584,73.930664,-54.90039,39.12732,-24.141602,-49.500885,-63.365784,-60.734863
1069,8.560059,-47.381104,65.57715,-65.81738,36.71228,-35.868164,-46.359364,-65.124146,-62.532227
1070,2.3100586,-48.974365,70.93652,-59.249023,39.513428,-40.45459,-21.989616,-54.780243,-47.720215
1071,16.90503,-44.552734,70.18262,-48.29883,32.417236,-35.3833,-27.052677,-57.69571,-50.169678
1072,16.807129,-44.449707,76.13672,-43.53125,31.920532,-24.083008,-46.019142,-65.76883,-58.458984
1073,4.925293,-49.398926,59.88965,-61.248047,27.27063,-34.776367,-61.508133,-76.1214,-68.69556
1074,-1.6079102,-56.87915,60.216797,-69.90234,35.337524,-43.64453,-33.83872,-61.35434,-53.740967
1075,9.441895,-44.42212,74.984375,-52.935547,45.377686,-37.791992,-7.5107822,-45.30301,-36.361816
1076,15.635498,-36.262695,77.76074,-30.95996,46.022705,-20.827637,-18.314074,-45.739807,-39.626465
1077,-9.34668,-70.82349,51.39258,-67.63086,17.814331,-39.345215,-64.058685,-81.12247,-79.4375
1078,8.812988,-41.978516,69.5332,-43.271484,51.592773,-8.706543,-27.363794,-41.384735,-41.080322
1079,1.2504883,-47.909668,67.37793,-49.25586,42.174805,-29.31543,-14.807533,-45.328583,-40.97461
1080,6.1796875,-46.310303,71.49805,-36.378906,42.653442,-22.331543,-8.413805,-40.363342,-36.50244
1081,11.231934,-46.851562,69.94824,-42.01465,45.031128,-23.578613,-33.132076,-55.4722,-58.18506
1082,0.6125488,-58.011963,62.006836,-62.271484,25.506958,-36.09619,-65.96132,-83.12756,-80.86743
1083,13.019531,-41.910645,62.445312,-48.06836,46.310425,-21.463867,-20.204807,-43.71518,-40.47876
1084,0.4868164,-50.601074,63.64258,-37.384766,43.965454,-21.640137,-0.5273819,-36.010773,-27.63208
1085,3.3132324,-53.839355,73.04297,-32.311523,47.73999,-20.08789,-10.674635,-44.85382,-40.07666
1086,-15.549805,-71.230225,50.512695,-61.70117,26.357422,-38.86133,-64.34221,-84.882385,-85.13721
1087,-8.941406,-65.15381,65.13379,-60.84961,37.14673,-31.728516,-54.05352,-68.79996,-69.23169
1088,-7.645996,-57.37964,65.39844,-56.688477,40.70398,-38.899902,-27.420666,-58.05011,-51.481445
1089,1.9675293,-53.18286,71.57617,-44.929688,40.83789,-32.103027,-20.110626,-50.04648,-43.766113
1090,-4.095459,-65.53003,61.86035,-45.174805,33.676147,-25.982422,-43.659325,-66.30188,-65.78589
1091,-13.628906,-74.561035,62.54004,-49.03125,38.400757,-23.944336,-59.339256,-72.02533,-77.177246
1092,-19.099854,-75.778564,71.82324,-54.68457,44.40381,-31.523438,-35.23283,-64.125,-61.35913
1093,-20.710205,-77.89087,75.33496,-53.67871,46.600586,-38.67627,-8.628698,-47.4151,-44.82251
1094,-18.376953,-74.83276,68.081055,-56.686523,41.76306,-45.348145,-26.332195,-59.390015,-59.933105
1095,-1.6618652,-65.4668,78.81738,-54.325195,50.08667,-30.70166,-43.49778,-65.34088,-65.25171
1096,-3.102539,-63.30078,63.317383,-60.927734,35.079834,-32.13965,-60.767166,-73.45178,-75.1875
1097,-6.7072754,-61.70508,69.006836,-59.96582,45.107788,-35.53955,-24.27565,-53.02417,-51.627686
1098,-10.145264,-71.76123,70.680664,-54.45508,45.336792,-34.84668,-4.121914,-43.00836,-40.91211
1099,-12.706299,-76.3125,71.06152,-48.780273,45.01111,-27.634277,-26.216373,-54.029694,-57.63794
1100,-13.734375,-74.93872,61.10547,-61.879883,40.19153,-30.025879,-56.984497,-71.25665,-78.503174
1101,-21.40747,-78.086914,53.479492,-78.637695,30.132568,-52.24756,-62.305298,-83.36725,-88.926025
1102,-2.699707,-55.17627,69.96289,-53.374023,44.193237,-36.808594,-24.43715,-54.21472,-54.437256
1103,-17.822998,-74.159424,59.649414,-47.683594,36.60486,-37.15674,-24.344366,-55.88681,-56.776855
1104,-18.780762,-75.3103,55.808594,-54.003906,29.416992,-32.144043,-53.54972,-73.97467,-74.90088
1105,-18.841553,-77.96362,50.907227,-65.67969,33.65271,-33.92041,-62.955822,-74.38864,-77.12964
1106,-12.983398,-66.379395,62.11328,-60.07715,35.776855,-38.30713,-37.275707,-59.704285,-61.405273
1107,-10.297363,-65.50049,61.80957,-51.007812,36.321655,-30.087402,-19.742895,-42.693085,-43.51465
1108,7.21875,-57.004395,75.78613,-39.62207,46.60327,-20.61914,-22.165031,-41.892334,-46.39453
1109,-7.8310547,-71.75415,54.17285,-63.064453,33.527832,-35.734375,-67.9525,-78.10693,-86.052734
1110,-3.0471191,-62.70117,62.785156,-60.177734,40.11023,-30.086914,-46.9937,-55.477905,-65.39331
1111,3.6984863,-51.02539,75.70703,-44.36621,55.879883,-27.421387,-6.796318,-38.208466,-41.22339
1112,-4.317627,-66.88599,68.11719,-53.22168,40.49536,-38.612793,-21.222618,-55.242462,-56.522217
1113,-14.969727,-77.3811,59.57617,-60.2666,32.24402,-48.083008,-59.281456,-78.129456,-86.110596
1114,-5.8847656,-65.61792,62.612305,-60.569336,40.40686,-31.89746,-59.4812,-76.13345,-83.4624
1115,-13.6467285,-66.055664,52.98535,-66.2334,42.670044,-40.9917,-37.06954,-62.196136,-66.0083
1116,-9.670654,-58.89795,62.304688,-48.918945,48.441162,-26.754395,-4.643797,-40.258667,-39.090332
1117,-11.954102,-66.06299,55.23828,-48.817383,35.444336,-35.449707,-29.128239,-56.82846,-61.138184
1118,4.720703,-50.788574,66.96094,-40.25293,42.83667,-20.766602,-49.43136,-63.63675,-73.98218
1119,6.2458496,-51.834473,59.814453,-52.206055,37.797363,-31.303223,-62.564987,-75.461395,-82.29614
1120,6.023926,-50.148438,64.99219,-41.40918,57.51172,-20.249512,-6.027212,-39.744965,-41.094482
1121,3.9970703,-48.149902,74.39844,-33.28711,59.44934,-22.832031,6.2795067,-26.948029,-34.91089
1122,-2.488037,-66.32861,59.573242,-46.055664,42.485474,-28.400879,-30.42978,-56.443115,-65.724365
1123,1.7543945,-58.547607,60.179688,-54.36133,46.06189,-28.396484,-52.291195,-66.00647,-76.25195
1124,-11.719727,-70.22827,46.685547,-74.12988,40.006104,-50.63672,-44.30042,-66.40497,-78.20239
1125,5.875,-48.620605,61.271484,-39.80957,50.56311,-24.31543,1.1588287,-30.270905,-35.45117
1126,4.1467285,-53.561035,59.813477,-34.624023,47.66028,-24.76416,-13.755669,-41.729767,-46.110107
1127,0.89575195,-60.08423,46.23047,-44.04883,32.650146,-33.708984,-56.198364,-71.56253,-82.22925
1128,-3.0107422,-62.19409,45.458008,-52.782227,34.913452,-32.652832,-56.83383,-67.420044,-76.772705
1129,0.061279297,-54.929688,57.739258,-44.984375,44.46399,-30.319336,-24.025272,-47.96472,-55.37549
1130,9.499756,-48.99829,55.17285,-41.291016,42.048462,-36.80371,-10.283096,-44.084015,-45.61206
1131,14.428711,-46.733154,52.8291,-32.314453,37.86853,-25.831543,-23.442184,-50.567688,-60.256104
1132,1.7263184,-55.541992,49.23828,-51.648438,33.913574,-32.283203,-53.53609,-69.08942,-81.870605
1133,-11.376953,-66.67749,52.956055,-60.88965,39.15979,-38.2334,-45.659668,-68.122986,-77.480225
1134,-10.192627,-62.975586,52.831055,-54.271484,47.03723,-46.746582,-14.096212,-47.96808,-54.75586
1135,-0.67944336,-56.52295,64.51953,-31.422852,47.088623,-30.96875,-12.583134,-47.667572,-53.22534
1136,-2.7836914,-62.029785,44.694336,-37.023438,29.022217,-34.645996,-53.067154,-71.38919,-79.769775
1137,2.9179688,-56.777832,55.82715,-41.319336,48.88806,-25.237793,-49.65064,-65.11792,-75.41431
1138,-12.7092285,-71.840576,53.463867,-49.246094,49.559692,-41.436523,-23.909273,-52.615295,-65.21704
1139,-7.3310547,-66.36597,66.828125,-40.17285,50.780273,-36.03125,-5.450842,-38.375275,-43.535156
1140,-1.355957,-66.18823,59.257812,-35.104492,40.759155,-35.538086,-25.754257,-52.50418,-60.933594
1141,-1.0388184,-64.47949,60.00586,-41.899414,41.29297,-32.665527,-53.93322,-68.43594,-80.46924
1142,7.0285645,-53.520508,54.450195,-42.945312,40.44629,-28.499023,-44.73333,-58.84134,-70.721924
1143,2.9882812,-51.421143,69.56055,-33.958008,52.003906,-30.463867,-11.429934,-39.22586,-48.05005
1144,-5.007324,-63.20996,70.0332,-30.297852,50.572388,-28.918457,-9.175352,-42.002075,-53.358643
1145,-0.82006836,-68.86865,62.336914,-37.086914,39.28894,-33.164062,-43.652657,-65.60666,-82.17212
1146,-1.5708008,-59.97168,57.83203,-42.124023,36.894043,-30.374023,-60.19301,-69.93088,-89.763916
1147,2.0141602,-59.202637,55.433594,-46.776367,37.970825,-36.166016,-37.35976,-54.175873,-69.826904
1148,-8.5859375,-64.35132,56.69336,-37.28418,36.125977,-33.609375,-15.855238,-42.088165,-52.313477
1149,-6.0649414,-68.78735,60.20117,-35.038086,45.715454,-30.942871,-19.297958,-49.50412,-62.487305
1150,-13.57666,-81.66382,49.768555,-47.719727,34.827515,-36.074707,-53.29312,-67.04297,-84.1311
1151,-2.1413574,-66.616455,63.211914,-43.58008,42.7854,-32.77295,-47.813133,-54.611053,-78.218506
1152,-9.452881,-66.43384,59.46582,-46.09668,42.340088,-41.600586,-21.123852,-45.784393,-61.642334
1153,-3.119629,-64.372314,59.089844,-30.22754,47.67163,-29.497559,-8.301884,-37.050476,-47.259277
1154,-3.380371,-68.81177,60.88672,-33.63086,41.19397,-25.588867,-34.52798,-50.303497,-66.992676
1155,-8.565918,-74.124756,62.257812,-40.49707,49.028564,-27.5083,-48.11447,-57.07138,-75.68945
1156,-11.338623,-70.85693,54.49707,-50.842773,38.91736,-39.61621,-49.285046,-64.77634,-78.90723
1157,-1.5080566,-58.476807,69.11133,-26.519531,50.13318,-30.001465,-10.774881,-39.78894,-49.388916
1158,1.7009277,-64.95752,64.2793,-22.512695,47.569336,-28.212402,-18.288462,-45.90396,-57.949707
1159,0.50878906,-67.82837,58.43457,-26.654297,42.76953,-30.842773,-48.421417,-61.477875,-83.105225
1160,-7.616699,-70.93042,51.981445,-44.567383,33.66919,-35.14795,-62.299934,-69.20581,-93.77026
1161,-9.884766,-69.1687,64.39746,-46.615234,52.661743,-39.22119,-24.870287,-48.102142,-64.717285
1162,-10.3359375,-66.48071,64.25586,-33.129883,50.694336,-39.842773,-10.085159,-44.039978,-58.854736
1163,-9.119873,-74.056885,48.993164,-42.458008,33.77295,-45.8916,-43.001457,-62.566895,-84.648926
1164,-11.897949,-72.29126,42.728516,-45.49707,31.61499,-41.780273,-62.85845,-70.80377,-90.781494
1165,-14.222656,-72.034424,52.069336,-39.19922,45.294067,-32.145996,-42.364647,-56.646362,-74.87012
1166,-12.048584,-63.49951,63.94922,-26.498047,51.756958,-27.063477,-7.946245,-33.78839,-50.591553
1167,-12.644287,-73.343506,60.054688,-33.731445,40.64453,-43.835938,-17.847603,-46.59366,-63.455322
1168,-14.331055,-78.72168,50.543945,-41.06836,27.02124,-43.14209,-59.180325,-71.973724,-91.86865
1169,-0.8720703,-64.55151,60.6709,-33.60254,40.039185,-31.849121,-58.474117,-71.20526,-86.33301
1170,-16.318848,-78.364746,50.344727,-50.936523,32.218994,-52.800293,-47.636585,-68.64673,-80.667725
1171,-5.037842,-67.95776,59.739258,-26.81543,36.535767,-44.29541,-22.224056,-46.603333,-59.974854
1172,-1.451416,-68.69092,62.961914,-22.365234,39.22473,-33.861816,-32.63587,-51.946686,-68.67871
1173,-5.505615,-73.56299,58.453125,-36.90625,36.401,-38.618164,-63.25756,-71.97269,-90.241455
1174,-14.042969,-77.00952,59.1416,-45.200195,42.87036,-47.396484,-54.093067,-71.66089,-87.70508
1175,-35.74121,-91.03955,47.34375,-56.44922,40.276123,-58.478516,-21.990826,-51.53409,-67.18677
1176,-15.689453,-75.59033,52.666016,-29.401367,37.312866,-40.740234,-15.630886,-39.118744,-52.901123
1177,-21.197754,-88.15527,52.597656,-32.759766,31.355713,-49.24121,-57.314316,-69.950836,-89.427734
1178,-8.772949,-76.99829,62.725586,-37.14746,32.055542,-44.865234,-68.947525,-75.35922,-93.80371
1179,-8.981689,-68.95068,65.48047,-41.14453,41.375366,-49.84326,-39.3545,-59.403717,-74.80322
1180,-21.27417,-82.59595,59.125,-32.40918,48.7688,-49.175293,-9.452372,-38.545105,-55.026367
1181,-16.08374,-74.76636,49.878906,-24.206055,28.468506,-50.441895,-34.73992,-58.72827,-77.22485
1182,-6.0429688,-70.41211,46.61914,-22.049805,24.708374,-38.263184,-64.57943,-71.26822,-90.80469
1183,-8.442383,-71.34253,57.640625,-33.76758,30.087158,-45.00586,-61.90763,-70.368805,-90.75342
1184,-16.679443,-71.616455,61.945312,-39.936523,35.312866,-55.527344,-34.156143,-56.48575,-73.83667
1185,-19.099121,-82.95117,58.728516,-32.27832,30.41455,-56.04883,-29.263597,-55.36786,-74.1687
1186,-10.391602,-73.69556,58.60742,-25.411133,26.095703,-46.322266,-45.296776,-65.231476,-85.88501
1187,-20.180664,-83.9043,42.01465,-39.242188,15.58728,-49.546387,-76.38848,-79.50113,-103.3374
1188,-9.522461,-65.78906,39.512695,-38.90332,14.903931,-55.558105,-65.696175,-71.00253,-89.70166
1189,-3.8845215,-59.960205,48.927734,-25.848633,27.73352,-46.154297,-33.473186,-50.54065,-63.03247
1190,-9.006836,-70.23291,55.01758,-26.711914,23.639282,-60.76465,-48.031685,-69.651,-92.48364
1191,-16.68872,-83.09326,49.01172,-39.240234,16.951416,-60.350586,-70.179504,-82.2511,-107.87158
1192,-7.279541,-66.57056,66.57422,-30.194336,38.40503,-32.67578,-51.97664,-54.511475,-77.31372
1193,-27.398926,-85.448975,45.396484,-49.106445,16.366577,-65.29248,-52.373394,-70.927124,-86.29639
1194,-11.756348,-70.38086,61.8916,-26.33496,28.583984,-54.745117,-26.014202,-53.6131,-69.846924
1195,-12.763672,-74.04175,52.012695,-25.170898,28.03772,-43.293945,-46.920673,-66.27893,-86.194824
1196,-15.342285,-72.673096,47.289062,-37.427734,23.071167,-44.640137,-73.51982,-72.5394,-97.4021
1197,-18.921875,-75.07764,46.069336,-43.828125,21.540161,-58.09424,-68.5982,-72.177734,-92.70117
1198,-13.465332,-67.783936,57.913086,-29.265625,35.0614,-55.444824,-27.011053,-48.577515,-67.258545
1199,-17.290527,-75.803955,53.08789,-30.638672,28.910034,-62.453613,-26.178596,-53.191925,-74.44971
1200,-14.102783,-74.35156,57.001953,-34.280273,24.296265,-59.956543,-60.01478,-72.18277,-100.5874
1201,3.0654297,-63.20166,63.591797,-27.052734,33.463623,-44.708496,-72.55823,-73.91998,-98.84985
1202,-3.9785156,-61.52661,59.161133,-28.811523,28.268433,-53.927246,-53.69944,-66.11792,-86.6875
1203,-12.143799,-68.99414,58.331055,-27.92871,30.328125,-56.848633,-22.276897,-44.75525,-67.0249
1204,4.734375,-62.38916,67.06738,-13.139648,37.0979,-44.63916,-29.502522,-49.322723,-73.12573
1205,-1.3276367,-70.59424,58.27539,-25.393555,24.610718,-43.370117,-65.83618,-67.7897,-93.506836
1206,0.42822266,-59.861084,59.007812,-32.06543,31.261963,-45.83203,-54.247746,-58.90686,-82.15845
1207,7.0161133,-48.506348,60.55957,-26.729492,32.930786,-48.47705,-23.554192,-38.67621,-62.46411
1208,13.182129,-50.03784,58.256836,-19.72754,24.829834,-50.066895,-29.694073,-45.998596,-62.62793
1209,4.387451,-61.071777,61.463867,-23.09668,27.875977,-43.35791,-48.08866,-57.08017,-79.44824
1210,-1.9575195,-62.604492,58.753906,-34.500977,33.035522,-40.728027,-61.86665,-59.414032,-83.42383
1211,-12.982666,-67.77124,53.098633,-50.481445,23.79663,-56.163086,-54.84572,-62.58261,-81.55859
1212,-6.9726562,-61.016846,64.328125,-39.4834,35.607544,-51.256836,-18.034723,-38.089996,-54.5437
1213,0.2854004,-62.364746,64.541016,-33.333008,33.04773,-43.134766,-29.134453,-47.889404,-69.288086
1214,-5.4797363,-68.03931,49.09668,-43.92578,8.713135,-47.916504,-73.60715,-75.748566,-103.159424
1215,4.789795,-54.23169,62.01172,-41.15039,32.152344,-36.052734,-55.35508,-54.61618,-79.04346
1216,2.1899414,-51.82495,71.66992,-46.07422,37.352295,-53.393066,-26.023338,-45.01297,-65.91138
1217,-7.5007324,-63.26587,62.35254,-47.848633,30.080933,-62.23877,-23.878828,-46.604126,-68.43164
1218,1.7617188,-58.640137,72.29883,-39.989258,34.336548,-46.949707,-42.92911,-57.06009,-81.03052
1219,1.7370605,-59.239502,55.82422,-52.69629,22.161621,-52.015137,-68.58446,-73.62579,-100.33081
1220,0.9013672,-60.388916,62.680664,-49.44922,28.925537,-54.87207,-52.01339,-61.684357,-83.04321
1221,5.82959,-54.03833,76.94824,-32.55957,41.441772,-45.07129,-14.600891,-34.74301,-51.541748
1222,4.7578125,-60.155518,67.30664,-26.386719,35.75647,-41.61914,-24.594727,-40.15091,-58.745605
1223,2.0839844,-68.26416,59.25879,-35.561523,19.839233,-51.435547,-68.35811,-72.81021,-95.552
1224,7.8566895,-50.4021,57.84961,-26.111328,28.06958,-36.77002,-62.04382,-62.33377,-88.67456
1225,11.731445,-37.940674,73.56152,-8.302734,47.69104,-23.96582,-15.419798,-24.072418,-46.588135
1226,4.557373,-50.384277,70.23242,-14.552734,38.876343,-38.430664,-3.97295,-27.459045,-48.31079
1227,9.415527,-48.0979,66.50781,-5.696289,38.049927,-25.731445,-25.71737,-35.519653,-58.91992
1228,-0.0075683594,-61.519287,61.399414,-22.251953,31.39917,-34.416992,-65.94844,-57.33023,-81.89258
1229,-12.942627,-71.75073,53.683594,-37.25879,32.388794,-45.961426,-45.877872,-47.407867,-70.421875
1230,16.864014,-40.203125,80.40137,-1.9013672,57.146606,-24.773926,8.53952,-7.016571,-26.71875
1231,11.782227,-46.098633,80.49121,6.0566406,58.289673,-27.566406,6.1574097,-13.870697,-34.881104
1232,-3.4450684,-64.17847,67.47363,-14.120117,41.43933,-34.18506,-39.312027,-48.6391,-70.948
1233,-3.7341309,-63.99585,68.56348,-22.0,48.64673,-30.54248,-41.819992,-42.495117,-68.82788
1234,-16.790771,-71.66724,59.911133,-29.629883,40.782715,-45.597168,-27.589413,-31.710663,-56.916748
1235,-2.1711426,-59.776123,71.4375,-10.25293,47.516846,-35.765137,-0.73696136,-16.03534,-36.754395
1236,-7.4526367,-70.22998,68.99805,-13.313477,41.368652,-40.5542,-19.660538,-33.58026,-65.2793
1237,-7.327881,-76.97095,62.38379,-28.810547,36.343994,-47.793945,-45.312885,-53.263306,-89.84448
1238,-13.491699,-71.73682,56.072266,-28.408203,30.562378,-51.68506,-45.071842,-46.163147,-77.37085
1239,-15.168457,-69.43848,54.402344,-24.032227,24.689331,-50.65088,-21.320019,-34.52716,-52.883057
1240,-5.975342,-62.370605,65.87695,-9.541016,28.964355,-42.776855,-18.492853,-31.230103,-53.120605
1241,-10.711914,-72.83301,60.552734,-12.592773,29.959839,-40.007812,-40.66733,-41.040985,-70.50635
1242,-6.85376,-74.00073,69.00781,-23.054688,46.390503,-34.507812,-35.031883,-30.720795,-65.40137
1243,-16.432617,-76.09595,64.899414,-28.46582,42.243774,-44.543945,-15.942066,-20.620789,-54.15674
1244,-14.714111,-67.85742,65.42871,-19.735352,40.805542,-44.808105,-1.9306526,-21.336273,-49.799072
1245,-16.087158,-75.64136,60.591797,-13.671875,32.705933,-39.512695,-20.983685,-28.409973,-60.266846
1246,-6.65625,-69.22168,61.551758,-21.28711,33.581665,-33.354004,-38.964085,-36.851074,-73.1604
1247,-15.35498,-75.06152,50.86328,-39.588867,20.85205,-41.698242,-50.390545,-42.896545,-74.38257
1248,33.12329,-28.821533,65.34668,-15.3828125,40.104614,-35.430176,-12.362604,-23.209686,-48.819824
1249,47.008057,-17.59668,72.134766,-1.4335938,45.654907,-30.123535,1.7159386,-15.846924,-42.226074
1250,75.49072,1.7670898,80.737305,4.598633,47.090088,-19.86621,-12.429056,-21.343384,-54.9187
1251,100.93628,25.90747,79.13672,5.041992,54.246216,-10.520508,-31.073069,-25.577667,-63.228516
1252,116.573975,42.892334,90.89551,-0.6435547,65.94885,-14.975098,-7.4793663,-9.089081,-41.671143
1253,127.7688,60.47046,86.97461,10.592773,56.70349,-22.253418,16.162315,2.9234924,-29.696533
1254,155.4895,78.04224,89.47168,25.535156,56.120483,-6.783203,14.726059,7.6212463,-24.085693
1255,154.06519,66.88257,80.225586,13.5,46.779175,-5.9414062,-30.489355,-23.699799,-52.436035
1256,166.67139,75.53638,85.677734,-0.3701172,50.438354,-19.681152,-40.309082,-37.223907,-70.05005
1257,185.52954,102.65381,101.131836,12.383789,72.08557,-16.098633,9.3975525,-3.1562805,-34.09326
1258,188.23315,94.2251,98.46484,17.865234,64.30493,-22.33252,16.62529,-4.5934753,-33.692627
1259,201.46143,105.486084,101.29785,21.995117,56.123047,-15.397461,-11.206675,-20.897125,-54.222168
1260,215.53369,116.24756,100.89258,21.114258,56.184204,-8.474609,-34.888836,-32.491028,-65.36963
1261,213.27002,122.26538,110.08203,19.882812,72.34827,-3.7387695,-7.7030487,-8.928223,-42.318604
1262,216.99219,126.39307,117.85742,27.588867,81.94287,0.020019531,36.487186,22.925232,-4.3308105
1263,220.77832,119.7251,119.18457,25.188477,73.988525,-8.462891,21.288677,3.3055115,-31.573242
1264,233.17603,132.4519,109.15625,32.53125,64.88635,-7.803711,-22.12181,-24.962616,-58.082764
1265,215.40308,112.917725,98.88379,7.296875,69.79224,-14.015137,-30.883398,-28.95047,-66.75391
1266,228.89526,132.97192,110.57617,24.544922,71.86084,-8.446289,5.9527397,-6.69812,-40.7146
1267,239.11133,144.12817,120.89551,38.50586,77.32776,-7.961914,29.947422,7.5398865,-27.45752
1268,222.93408,120.88086,112.91797,29.59668,59.96582,-14.305176,-1.5440521,-15.733765,-50.505615
1269,238.17212,136.05469,113.88379,34.94922,65.98706,0.013671875,-23.49496,-23.437561,-60.776123
1270,230.30444,131.77588,114.31641,23.739258,76.45557,-4.527832,-9.043018,-16.035614,-51.05713
1271,230.94556,138.43115,116.70117,26.704102,75.59192,-10.847656,17.96413,-2.7597656,-33.95337
1272,226.07935,131.8789,110.99902,33.62793,68.77881,-9.356934,21.381294,-0.28460693,-34.086426
1273,223.60254,122.58203,110.91016,26.328125,64.71594,-7.756836,-8.085682,-15.355225,-56.364746
1274,222.68701,139.33838,103.63086,29.97168,63.88611,1.1191406,-26.010208,-26.806183,-64.718994
1275,232.59009,147.3772,116.353516,36.57422,78.852295,3.0073242,1.1097374,-5.4632874,-36.418213
1276,231.99243,152.66943,112.62109,44.618164,70.2793,0.9248047,25.754608,11.256256,-20.299805
1277,235.88892,153.01318,109.67871,50.4834,69.528564,3.3632812,12.896976,1.4908447,-36.769775
1278,235.4397,148.38379,111.166016,44.350586,65.88367,7.7353516,-21.899645,-16.870392,-59.50464
1279,218.72998,139.7854,103.333984,32.036133,62.960815,-0.44726562,-23.772772,-18.157867,-59.393066
1280,58.118164,31.44043,60.262695,22.40918,42.098633,23.125977,8.884617,10.90506,-2.550537
1281,43.624268,11.731689,56.600586,29.92871,39.265015,13.566406,21.258213,14.947327,-0.21850586
1282,56.02588,18.351318,63.354492,29.03125,44.62744,22.106445,1.5437965,9.384064,-6.340332
1283,41.566162,2.2480469,44.301758,2.1523438,26.879639,8.280762,-30.719957,-12.991882,-33.612793
1284,67.07544,39.487305,72.134766,34.698242,50.086792,31.615234,3.6873093,15.54248,4.2998047
1285,50.558105,26.439453,57.68164,26.493164,39.866455,10.733887,11.675415,2.9100647,-7.276367
1286,49.11255,16.317627,51.24121,25.817383,30.606323,19.274902,2.3580742,-2.6707458,-10.466797
1287,51.61328,13.966064,51.414062,18.966797,33.563843,22.012695,-20.648243,-8.375,-21.643066
1288,44.61377,11.075195,45.57422,7.765625,31.117798,10.379395,-24.645773,-8.183228,-25.960205
1289,44.087402,14.235352,53.663086,2.680664,31.955322,2.354004,-4.2195816,-2.3128662,-16.641846
1290,51.33374,20.017822,58.23242,12.104492,28.973999,4.319336,0.5502777,-4.317993,-11.94458
1291,71.20581,31.901367,69.194336,30.091797,44.415283,31.18457,-5.077425,-3.5940552,-12.005859
1292,51.201904,15.810303,46.819336,3.4179688,28.165283,17.72461,-30.014162,-15.203247,-34.34204
1293,49.620605,23.355225,55.746094,8.0546875,42.12207,17.54541,-5.254286,9.070923,-11.102051
1294,44.80542,21.688477,55.902344,15.545898,43.602905,18.916016,26.67432,25.476044,10.185303
1295,38.55957,11.526123,47.0,11.486328,28.24292,5.9716797,3.7148857,4.441437,-13.288574
1296,42.285156,5.51001,39.984375,-3.3408203,17.68335,3.3759766,-42.26721,-33.020294,-45.506348
1297,48.960205,13.628662,49.374023,-0.6279297,33.80139,12.145996,-39.681572,-23.42398,-40.003662
1298,38.29248,5.6066895,49.963867,-2.459961,43.67639,10.691895,3.2942657,2.0134277,-11.1154785
1299,25.031006,-6.3132324,36.47461,-4.116211,32.473633,4.4492188,20.74083,16.51773,4.2404785
1300,53.14502,16.46753,54.259766,19.523438,42.908447,28.285156,14.366764,20.461395,6.328125
1301,52.066895,16.17212,50.85254,10.71582,39.331055,23.860352,-20.134209,-2.8466797,-21.58545
1302,52.288086,14.984131,57.85254,-0.061523438,45.26245,19.67334,-15.774097,-6.91098,-21.09253
1303,52.61548,20.683105,69.17285,2.4423828,57.33435,16.047363,22.719753,13.897675,1.9333496
1304,52.113525,22.917969,61.2666,26.345703,54.76599,29.124023,34.57971,27.804932,13.064941
1305,36.854492,-2.2521973,39.31543,4.541992,27.448853,16.939453,-10.119507,-1.2555237,-18.738037
1306,37.125244,0.87353516,46.750977,2.8789062,40.631958,18.208496,-16.26793,-2.7755127,-23.39209
1307,49.73047,8.310059,62.34961,7.286133,47.40857,21.338867,5.8771095,11.778687,-9.874512
1308,45.625244,12.950439,46.42871,11.874023,38.84143,15.093262,17.64891,7.383972,-1.8945312
1309,48.152344,13.699951,55.67285,22.66504,43.67273,27.973633,17.910675,12.395447,0.34033203
1310,42.067627,5.008545,41.106445,11.931641,26.366577,23.612793,-18.393732,-3.5090942,-20.160889
1311,50.23462,19.458496,50.987305,12.928711,41.707275,24.762695,-9.036121,3.8570862,-11.219238
1312,55.095947,30.394531,61.86914,24.654297,49.156494,22.944336,21.886562,19.566254,6.512207
1313,46.888184,21.363281,57.25,25.391602,34.552124,17.419922,13.759743,7.42395,-0.47021484
1314,49.035156,18.46997,48.257812,18.666992,39.295654,25.17041,-3.3965054,2.472168,-9.688721
1315,47.878662,17.376953,49.799805,21.885742,38.46472,37.2334,-15.447649,2.796875,-9.572998
1316,34.60669,13.327881,41.95215,6.0126953,36.911743,20.63916,4.64027,13.992157,2.6801758
1317,30.31665,4.703369,42.725586,-0.3251953,30.963745,6.7841797,16.792137,10.789551,0.40625
1318,61.92505,35.14673,57.510742,34.91211,45.18445,29.453613,19.825504,17.813171,8.540527
1319,46.124756,17.138184,43.853516,10.756836,20.10852,12.808594,-34.58747,-20.502197,-29.195557
1320,50.90454,22.52539,46.7666,3.015625,31.058472,12.353027,-32.481087,-14.87262,-26.845703
1321,42.419678,22.708008,46.29883,1.0986328,37.401367,9.519531,6.9076233,4.6167603,-6.693115
1322,61.31006,33.624268,60.385742,22.764648,52.657593,23.955078,42.23675,26.766876,16.58789
1323,51.37671,19.521729,47.341797,20.183594,31.903198,24.606934,0.4718628,8.444519,-6.7922363
1324,48.733154,20.047607,46.34375,5.6660156,29.506714,23.430176,-23.752321,-8.687378,-22.063477
1325,35.299805,12.141357,42.91797,-5.583008,34.7771,13.11084,-13.226715,1.4495544,-10.760254
1326,48.20288,27.022217,61.36621,21.523438,50.278442,26.182129,30.961369,27.28479,21.69751
1327,47.850586,24.701904,54.176758,24.711914,40.32837,27.47998,21.814991,14.240204,13.147949
1328,47.206055,22.57837,47.157227,15.130859,27.873047,20.27002,-11.495775,-7.1730347,-19.219482
1329,48.22046,25.103516,47.396484,8.249023,31.177002,18.128418,-18.344484,-5.8051453,-19.060059
1330,51.540283,32.223633,56.182617,9.567383,42.5,16.664062,16.67693,18.781952,9.252441
1331,50.01245,26.51831,55.83496,13.701172,49.042725,16.11377,36.003635,28.309998,18.075195
1332,50.38965,22.73462,43.618164,25.262695,31.76416,21.592773,-2.749836,-3.4024048,-7.1523438
1333,54.25537,27.01001,49.262695,21.206055,34.671875,29.08252,-15.46916,-6.0545044,-17.318115
1334,40.82373,15.866699,34.640625,1.5214844,24.266602,16.01123,-13.494537,-2.721405,-12.833984
1335,51.081543,27.418701,50.841797,16.65625,41.616577,17.77295,25.580315,25.436829,12.918213
1336,42.668945,20.296387,48.245117,15.605469,40.627075,18.02295,26.518772,19.359558,6.5651855
1337,61.577637,34.92798,53.58008,30.990234,46.038452,38.18164,3.1630478,10.439301,0.24365234
1338,55.516113,25.348145,54.539062,15.4140625,40.947144,33.82666,-15.524031,0.1109314,-8.658691
1339,45.980713,22.946777,40.91504,9.347656,36.371094,23.345215,10.440811,13.53717,9.099365
1340,41.273193,18.48877,43.79883,9.490234,35.9812,9.616211,26.538307,17.248535,12.065186
1341,45.94995,21.301025,49.59082,13.208008,31.29358,14.790039,8.223194,6.642212,-0.8925781
1342,35.027588,12.345947,43.95508,-0.095703125,26.371948,21.58496,-25.248264,-9.4935,-16.817139
1343,39.3313,20.025879,39.13672,-1.2207031,37.36853,20.763184,-14.201614,-5.210022,-10.805908
1344,31.839844,16.558594,31.548828,0.48339844,35.0531,3.8305664,10.00909,5.8128967,1.152832
1345,46.127197,25.753906,50.450195,18.920898,43.078247,21.318848,31.385654,23.245972,20.855225
1346,35.800293,9.0859375,29.765625,2.6445312,20.353638,14.935547,-10.711712,-3.9871216,-10.387207
1347,40.651855,16.421143,37.208008,4.3535156,29.689697,21.171387,-24.328976,-10.216797,-22.935791
1348,36.69629,11.490967,40.07129,-3.8173828,35.812744,11.600098,-2.7496414,-3.4596252,-9.147949
1349,39.618652,13.73584,44.381836,6.9882812,37.01001,9.283203,21.69637,8.891296,11.343994
1350,46.574463,15.658203,40.229492,11.008789,30.498169,19.229492,9.474007,8.435333,7.4987793
1351,38.010742,-1.144043,32.765625,-6.6220703,18.994385,14.612793,-35.214268,-21.417206,-24.620361
1352,44.69458,16.270264,45.04004,-2.1992188,26.674072,15.270996,-29.956839,-15.612457,-22.588867
1353,38.10791,13.891357,42.680664,-2.7373047,31.469849,14.249023,7.581703,4.414337,-1.7382812
1354,40.751465,15.520264,49.490234,14.4140625,39.0907,26.49707,31.764057,20.359436,19.32837
1355,34.247803,5.801758,39.62207,8.522461,28.898071,31.486816,2.9226952,7.2058716,3.704834
1356,46.646484,16.334229,39.963867,8.998047,28.077148,26.797363,-24.9548,-9.149658,-12.893311
1357,42.325195,21.677246,42.543945,-9.978516,26.106934,11.988281,-20.241215,-17.244568,-20.217773
1358,35.384766,14.501953,39.57129,-1.1767578,23.619751,1.9194336,0.31479263,-14.03717,-17.373535
1359,42.66284,14.94873,45.1709,21.136719,39.855347,28.74121,24.683552,16.719757,12.074219
1360,42.615234,10.6970215,43.890625,12.337891,28.647705,30.545898,-6.951025,1.052185,-3.224121
1361,36.36914,14.54248,31.018555,10.495117,22.557129,31.286621,-25.80274,-8.91333,-10.25293
1362,28.82373,9.557617,34.220703,0.55371094,25.340942,22.436523,-3.696518,1.0377808,4.63501
1363,30.114258,12.282471,35.29297,10.53418,27.664307,15.590332,7.6532173,-0.9563904,1.6940918
1364,41.848633,10.85376,45.53125,11.428711,36.952026,20.469238,-0.7408409,-10.772522,-18.689941
1365,18.13794,-10.581543,23.498047,-3.7226562,21.698853,22.23877,-21.451782,-11.996124,-22.437744
1366,30.413818,6.493408,37.93164,-2.7978516,29.877075,28.640137,-0.54442596,11.141571,3.6506348
1367,37.14795,20.21289,44.51465,13.910156,37.549805,31.191406,30.695133,31.234161,34.622314
1368,38.5708,13.350098,46.066406,11.144531,25.913452,18.95459,13.916843,9.276001,10.490967
1369,29.40918,-0.028808594,25.81836,1.3046875,15.010376,11.760742,-25.810944,-23.29892,-33.196533
1370,31.031494,-0.08081055,32.554688,-6.4248047,31.882202,20.051758,-16.252445,-12.65509,-22.134277
1371,31.136719,9.274902,34.95703,-1.8652344,34.776978,21.33496,20.223827,15.080811,12.248779
1372,38.19995,16.586914,44.191406,9.74707,40.8479,22.43164,47.922993,34.543915,30.838379
1373,50.980225,26.891602,45.36914,23.232422,33.48828,26.835938,20.506046,19.084473,14.031738
1374,57.59204,32.62207,45.47168,14.401367,29.214966,30.45752,-16.802282,-10.7146,-12.559082
1375,52.874268,27.179688,45.404297,4.0820312,36.04785,25.583984,-6.154455,-3.2549133,-7.0178223
1376,43.828125,27.096191,45.970703,11.422852,41.68042,29.191895,35.919575,25.257446,24.808594
1377,45.120605,25.342773,55.158203,18.356445,34.363525,28.262207,37.11459,25.718506,24.263428
1378,44.597656,19.223877,26.96875,0.7128906,20.158936,16.336426,-8.469503,-6.648163,-8.671143
1379,57.67456,35.725098,52.58789,11.972656,42.46472,35.13867,-8.415791,6.144043,1.5402832
1380,37.974854,17.505127,43.0166,-15.989258,40.38379,17.519531,13.196445,10.212921,4.42749
1381,48.770508,33.015137,51.182617,15.03418,48.033447,38.074707,52.976963,41.852203,39.62964
1382,43.606445,19.659424,42.789062,14.089844,33.00879,36.37793,31.343143,28.051208,25.42212
1383,55.06421,34.31372,54.907227,15.561523,39.853394,46.793457,11.648479,23.531464,15.757324
1384,41.44629,24.39795,37.68457,2.8261719,26.82727,31.19336,-9.125906,2.7939148,1.4123535
1385,55.352783,39.8833,52.189453,16.483398,50.702515,40.217285,39.688465,31.272736,32.402588
1386,44.135254,26.26001,44.572266,10.299805,44.091675,25.729492,41.04965,24.13034,20.095459
1387,42.023193,22.958496,44.134766,13.908203,34.567993,30.444336,13.734329,11.423645,5.7268066
1388,44.37451,29.750488,45.82422,14.655273,40.024414,38.868652,2.4925804,9.031311,4.03125
1389,29.405762,18.980469,38.978516,-1.4541016,38.766724,22.255371,8.153713,6.6162415,2.1430664
1390,39.27368,24.036377,41.822266,9.791992,34.801636,19.453125,24.18877,12.769684,15.143066
1391,29.256592,10.533691,33.93457,3.8769531,30.03064,17.649902,16.926807,7.4574585,2.1716309
1392,26.692139,3.2263184,38.908203,-2.2998047,33.51477,29.935059,0.94028854,5.392975,-2.9233398
1393,28.112793,12.9921875,38.131836,-5.2802734,34.94104,31.398438,-5.689575,3.9431152,-1.3659668
1394,26.150146,9.026855,35.546875,-3.1669922,32.95227,17.100098,17.981945,14.226227,11.959473
1395,35.270508,18.6167,39.448242,13.496094,32.81726,21.355469,30.08659,17.646698,17.967773
1396,43.9812,18.140625,41.257812,20.09375,34.4823,36.634277,10.887432,6.047577,6.4677734
1397,21.587158,1.6711426,18.118164,-2.8085938,10.234253,20.668457,-34.62597,-21.439575,-22.068604
1398,28.790527,14.23877,32.3584,-1.3125,34.381348,33.02246,5.2399483,15.177856,11.295166
1399,23.804688,7.7993164,37.86621,4.260742,40.836304,25.132324,30.7075,26.064484,26.22876
1400,24.304443,10.228027,41.82617,7.595703,36.823975,23.677246,26.49501,17.017181,14.727051
1401,29.634033,8.801025,39.680664,0.86328125,28.735107,20.528809,-12.008472,-12.737762,-15.372803
1402,19.833496,1.888916,26.242188,-16.541992,18.557495,20.663086,-27.265558,-17.320557,-19.37085
1403,34.2666,20.843994,35.20996,-5.9052734,32.588013,26.782227,12.484985,8.159393,10.733398
1404,35.934814,26.664062,39.13965,6.4765625,35.663452,30.857422,40.10832,25.205902,32.82788
1405,35.492676,13.569092,33.09082,4.232422,27.16809,22.571777,16.048069,6.365265,6.8513184
1406,32.37207,12.237549,37.339844,-1.703125,27.900879,21.065918,-11.451862,-8.331757,-15.2146
1407,38.674072,24.175781,43.408203,-6.404297,28.729004,20.391113,-15.015877,-9.064758,-8.65332
1408,7.59375,-9.121338,30.543945,-22.723633,26.58789,0.8935547,8.747875,-1.5870667,4.2177734
1409,27.412354,11.948242,39.637695,6.169922,36.61963,18.711914,34.529583,21.115997,20.51538
1410,26.084717,7.078125,25.427734,-3.5966797,20.11853,16.380371,-3.6463509,-5.601227,-11.968018
1411,25.929443,7.364502,26.573242,-10.160156,19.733154,16.408203,-22.826077,-13.783813,-18.594727
1412,26.108887,13.862793,37.106445,-11.84668,28.395508,11.040039,-2.684742,-2.8527832,-0.86328125
1413,15.55957,6.378662,25.50879,-7.678711,20.6167,6.8276367,13.824066,2.3299866,6.906494
1414,28.809814,10.207275,35.833984,4.323242,34.111206,20.851074,23.527988,11.041687,13.658203
1415,22.239014,3.1230469,27.041016,-13.904297,32.097534,15.407715,-4.7812176,-5.233673,-10.505371
1416,27.710693,15.173828,26.655273,-19.585938,30.915405,15.1953125,-6.7789154,-5.691498,-10.367432
1417,26.70166,16.24878,28.52539,-7.2626953,27.048218,15.76123,12.188496,5.240906,12.810059
1418,15.973389,-3.5268555,29.311523,-14.952148,18.255127,10.349121,14.357391,5.0473022,12.401855
1419,21.818604,2.3833008,25.42871,-9.62207,23.784668,18.6333,0.23013687,0.40560913,0.4338379
1420,26.334229,5.2009277,33.96582,-22.021484,34.780518,12.791992,-6.4853706,-7.0436096,-13.050537
1421,13.443359,1.1071777,28.56543,-27.52539,29.35205,-1.5668945,0.029956818,-8.359863,-9.940918
1422,24.71875,15.931152,35.319336,-13.890625,34.48181,4.888672,22.104172,4.4848022,11.089111
1423,22.483643,7.04834,37.192383,-15.913086,24.73462,3.7788086,0.026203156,-10.492615,-6.958008
1424,15.264404,-2.6035156,22.833984,-18.298828,19.94873,10.667969,-23.336378,-14.854553,-14.584717
1425,10.621094,-9.981201,16.992188,-32.38867,21.164673,8.277832,-12.777723,-9.450104,-8.519775
1426,2.8046875,-7.723877,21.006836,-33.304688,25.395264,0.61816406,12.228149,2.1918945,4.453125
1427,19.279785,13.364014,33.924805,-7.1464844,36.241333,9.325195,29.790974,11.092834,15.949707
1428,13.212158,-0.54711914,22.009766,-13.706055,12.995239,3.599121,-14.993868,-16.20877,-16.66504
1429,14.166504,-0.111328125,26.738281,-5.4404297,24.848145,24.282227,-21.02507,-12.952972,-9.63623
1430,-5.074951,-17.36377,18.141602,-36.896484,19.559448,16.672852,-8.1713085,-8.582581,-4.13208
1431,-5.7946777,-13.1604,20.60254,-25.69336,31.915405,14.821777,28.26028,12.129669,22.192383
1432,4.7004395,-4.520996,34.250977,-6.694336,44.76123,30.888184,37.334034,23.653992,29.372559
1433,11.426514,-2.3972168,21.610352,-10.532227,26.479614,25.129883,-4.209261,-3.9378357,-3.571045
1434,11.453613,5.069824,19.886719,-14.296875,26.79065,17.63916,-14.90921,-11.165741,-13.7282715
1435,19.262207,17.191895,37.529297,-1.5058594,50.4115,36.476074,29.64822,22.941284,24.968994
1436,-0.6652832,-5.36499,27.69336,-18.216797,39.334473,18.813965,36.054317,19.471283,25.119873
1437,-3.734375,-14.651611,17.124023,-13.566406,31.741821,14.229004,15.587452,6.236786,5.297119
1438,-0.0949707,-9.211914,12.990234,-15.411133,28.643677,23.283691,-11.794851,-7.963257,-13.595947
1439,-4.7373047,-13.702148,14.192383,-29.358398,20.656372,10.181641,-12.904234,-12.963348,-12.897949
1440,14.7146,13.004883,23.730469,-14.004883,31.198608,13.597168,26.774883,12.333374,18.977295
1441,9.194092,2.8862305,20.470703,-12.058594,30.823853,7.3344727,28.193478,12.357178,12.0
1442,7.5771484,1.0969238,19.743164,-6.919922,27.921265,18.47461,-1.4897537,-6.169525,-8.25
1443,-10.744629,-16.085205,9.0703125,-33.979492,20.494263,11.42627,-25.509281,-23.41098,-26.564209
1444,-2.8305664,-3.8979492,18.296875,-26.047852,32.56494,14.357422,7.198181,-5.798706,-1.8039551
1445,6.585205,6.800537,23.987305,-10.258789,34.2959,12.373535,30.716007,10.48291,16.46997
1446,14.834473,9.925781,19.088867,-3.6767578,30.558105,14.643555,18.228054,8.234741,8.567383
1447,10.083496,-0.3642578,5.2373047,-26.507812,11.285522,6.3154297,-22.792027,-22.899109,-23.955078
1448,10.046631,4.602783,12.74707,-26.03418,20.911743,14.337891,-16.385073,-17.25531,-15.625244
1449,-9.015381,-11.419922,5.6601562,-34.52246,26.98767,7.972168,13.966717,-3.6410217,1.5898438
1450,0.16455078,-11.39209,26.09668,-30.24414,38.91504,11.68457,32.64774,10.048035,15.563721
1451,12.040283,-1.3503418,22.874023,-13.448242,35.680176,23.160645,9.22974,1.5183716,0.14233398
1452,10.02417,4.0075684,25.353516,-25.478516,28.442139,12.911621,-14.495331,-14.844666,-14.821289
1453,18.773193,20.854736,25.454102,-18.894531,35.395752,14.812012,6.7396393,-1.7578125,2.6887207
1454,21.17041,23.352295,24.259766,-0.5253906,37.16101,17.207031,34.414097,10.890472,18.73584
1455,2.3774414,-0.782959,19.65332,-10.421875,25.80017,10.777832,16.458145,-1.3072815,0.34887695
1456,2.809082,-4.6601562,12.439453,-17.65332,29.129883,16.318848,-8.029125,-8.7604065,-9.135742
1457,7.259033,4.560547,23.833984,-17.086914,43.017822,29.700684,2.9458847,6.512848,9.81665
1458,0.60180664,3.1484375,18.206055,-19.05664,35.59192,18.132812,21.544323,15.828827,18.200928
1459,14.32666,15.4296875,21.332031,-0.28027344,33.33142,21.694336,35.833622,16.33435,22.7146
1460,20.70288,14.702637,0.15136719,-11.099609,16.05603,12.238281,-1.4931679,-10.090607,-9.416504
1461,21.25415,16.2583,13.381836,-26.865234,26.587769,14.483887,-18.074568,-18.758118,-15.318115
1462,13.814941,9.686523,18.38086,-40.270508,25.350952,-5.036133,-5.712845,-13.591461,-10.692627
1463,11.077148,10.487549,23.999023,-30.388672,35.461426,-1.8598633,25.515152,5.1094666,10.950195
1464,8.9021,1.3942871,15.066406,-26.72168,25.260132,2.8701172,17.837013,-2.5829773,2.258545
1465,7.012207,-4.057373,10.633789,-25.05664,21.739624,11.876953,-10.63344,-14.13504,-12.583496
1466,6.251953,4.10376,8.28418,-22.785156,16.740723,17.721191,-18.22377,-15.02713,-12.502686
1467,12.759766,17.933594,20.463867,-14.963867,32.71826,20.187012,13.997978,8.310852,16.281982
1468,11.115723,11.942871,23.077148,-12.150391,39.81836,18.149414,33.43864,14.090363,27.789307
1469,9.283691,4.974365,20.257812,-21.276367,26.339478,3.8779297,2.8856163,-7.6581116,-5.406006
1470,8.664795,7.9873047,11.759766,-31.324219,14.403442,-8.968262,-31.83163,-33.241455,-34.83545
1471,19.298584,18.948975,18.695312,-30.612305,22.103027,1.144043,-15.5563965,-22.347412,-17.382324
1472,28.560059,32.76294,23.082031,-3.5732422,34.006226,16.737793,27.254803,10.524841,21.049072
1473,28.204102,24.335205,11.411133,-3.9873047,21.878906,16.026855,19.390118,3.2286987,17.063232
1474,9.030762,5.6052246,19.072266,-15.746094,26.497559,17.221191,-4.3083954,-12.440918,-7.1782227
1475,-1.2905273,-1.0793457,14.904297,-33.447266,29.335571,8.416992,-5.9721985,-9.937958,-7.1049805
1476,-5.518799,-4.8359375,14.558594,-37.779297,30.410645,-1.7060547,10.966736,-0.7238159,2.9162598
1477,10.154297,10.569092,25.048828,-19.688477,36.099365,0.0053710938,30.051182,9.121643,18.320557
1478,5.427246,10.013428,7.448242,-19.270508,19.04419,-2.5737305,-1.2722168,-17.007477,-9.531738
1479,19.398682,12.751465,2.9414062,-26.695312,8.394409,1.5488281,-32.60593,-30.563446,-30.183838
1480,29.029053,28.30127,5.3779297,-23.496094,21.388916,8.762695,-10.325518,-9.501831,-2.8728027
1481,13.202393,18.3833,1.1796875,-29.75586,22.541992,-1.5102539,16.625996,3.0336914,13.342285
1482,-0.08081055,1.3452148,6.8867188,-30.501953,20.332642,-16.801758,14.734928,-8.954224,-3.5549316
1483,8.235352,4.0549316,9.1015625,-23.430664,19.904907,-4.415039,-13.485231,-24.621094,-21.578857
1484,7.793213,10.388428,6.647461,-20.24414,19.953247,4.8754883,-29.821453,-36.79944,-35.458008
1485,-4.4399414,2.4311523,10.396484,-29.639648,9.872314,-8.796387,-13.87359,-26.01178,-20.426758
1486,-4.630615,1.7041016,3.6464844,-28.234375,25.177856,4.023926,33.297558,14.888947,26.435303
1487,-2.7441406,-3.1774902,6.1054688,-15.431641,20.427002,12.70166,17.899284,6.6849365,13.695068
1488,9.116455,8.759277,19.685547,-22.9375,32.204468,9.266113,-9.876509,-8.866852,-12.03833
1489,1.6230469,5.9519043,6.2695312,-41.210938,21.525513,-8.003906,-22.086927,-26.380737,-27.98706
1490,-0.19897461,9.179199,4.211914,-32.3291,26.04309,-8.790039,10.272034,-17.11728,-15.443848
1491,7.620117,17.293945,5.7841797,-7.3046875,33.94214,10.825684,33.472195,8.152039,16.102783
1492,9.062256,10.956055,9.84375,-2.977539,28.386597,13.649902,9.828457,2.0803528,8.227295
1493,0.9501953,3.501709,1.2041016,-26.949219,20.906616,5.826172,-17.740171,-13.794617,-9.10083
1494,4.2871094,11.813721,9.010742,-34.81836,27.694702,-6.135742,-0.15932083,-6.9289246,-4.3967285
1495,8.249756,16.636963,12.705078,-28.581055,32.154907,-3.2358398,24.123425,-0.8473511,10.806885
1496,25.579102,32.80835,19.594727,-3.4824219,36.92749,10.375977,26.319805,1.1971436,5.541504
1497,5.107666,7.3901367,3.0195312,-22.15332,20.037598,1.4453125,-11.0784,-19.663269,-15.862061
1498,5.945801,13.949219,-2.1816406,-24.493164,27.426636,6.2875977,-7.3417797,-4.360077,-3.3476562
1499,14.868408,18.416992,2.5273438,-25.149414,29.802734,4.90625,16.37114,6.2203064,15.657959
1500,10.621582,17.422607,9.462891,-21.56836,36.161987,0.37646484,25.464699,3.532318,15.652344
1501,0.21118164,-1.2133789,-5.9970703,-21.683594,14.427734,-5.809082,-8.103937,-21.416199,-13.658447
1502,5.357666,1.529541,-2.7939453,-14.24707,15.306885,13.84082,-16.372013,-18.480865,-8.91748
1503,-6.1208496,-7.413574,2.0585938,-31.884766,30.952515,12.319336,3.8881035,-2.7372742,5.508301
1504,-6.4211426,-3.975586,6.28125,-24.40918,36.32141,1.9658203,27.831734,5.455078,19.233398
1505,9.179443,13.983643,5.0683594,-7.84375,34.351807,11.462402,24.427658,2.8445435,19.21582
1506,15.480469,7.553955,2.9414062,-27.824219,22.526245,-2.2163086,-17.553764,-26.15857,-20.747803
1507,12.623779,9.792969,-1.1162109,-29.886719,31.387085,11.208008,-9.264502,-12.757355,-3.8051758
1508,6.5942383,10.621826,-4.8759766,-33.96875,26.639893,-0.8984375,7.614914,-7.4169617,6.14917
1509,-7.5666504,-2.6774902,-1.1044922,-28.069336,25.315918,-5.5874023,22.027702,-2.255951,13.994141
1510,2.9013672,1.7512207,1.6289062,-21.285156,33.65735,4.989258,13.909546,-4.408325,5.648926
1511,-3.1152344,-7.6359863,-10.428711,-34.083984,23.928345,1.1113281,-22.10123,-25.249542,-19.927734
1512,-13.231934,-11.463379,-3.1210938,-38.1875,28.859985,-1.0761719,-2.6554909,-12.477325,-2.2387695
1513,-8.238281,-2.0046387,-3.6767578,-29.975586,27.89038,-6.5166016,29.392452,5.7040405,19.364258
1514,9.642578,7.765381,-1.4101562,-26.828125,30.54358,1.2705078,37.26144,13.410156,24.062988
1515,20.26001,16.410156,1.8085938,-15.213867,30.977295,9.291016,0.60417557,-10.795227,-0.8310547
1516,4.324707,2.0925293,-5.7470703,-31.68457,16.505005,-2.774414,-27.91517,-30.972412,-19.729736
1517,-9.953125,-8.927734,-12.168945,-41.944336,17.30835,-8.331055,-7.343195,-20.179626,-8.330322
1518,-0.017089844,4.9992676,-5.6591797,-21.71875,29.746094,-1.4111328,29.625126,4.9717407,18.574951
1519,2.7128906,1.581543,-5.5146484,-30.16504,22.608887,-5.901367,16.631958,-4.8180847,5.0039062
1520,-8.163574,-7.6831055,-11.897461,-42.17871,11.7265625,-15.477051,-29.014925,-33.354187,-25.85498
1521,19.402344,31.278564,3.1074219,-26.201172,29.13623,9.444824,-9.527639,-10.129211,-3.6933594
1522,-3.510254,9.293457,1.6015625,-26.077148,29.095215,1.5273438,21.45866,2.4524841,11.496094
1523,-2.2502441,8.490967,1.7685547,-11.794922,26.292236,9.265137,31.831844,10.576721,23.06665
1524,6.053711,9.174072,0.85253906,-20.191406,23.57727,11.019531,4.894249,0.64193726,6.8125
1525,-1.6401367,4.1105957,-1.7861328,-36.401367,22.489258,-1.4526367,-20.224277,-17.368195,-15.095947
1526,-3.9467773,4.4091797,4.1972656,-32.935547,33.89917,-5.724121,-5.826626,-12.097992,-1.6955566
1527,-1.5561523,14.162598,-6.171875,-33.978516,26.814331,-8.183594,17.004509,-2.3611145,5.3220215
1528,1.4421387,9.94043,-1.9931641,-24.384766,21.450806,-4.720703,8.360722,-8.33136,0.9091797
1529,5.227539,9.481934,-6.017578,-26.921875,19.536987,7.96875,-11.078453,-12.872772,-4.192871
1530,-1.5927734,4.3793945,-12.124023,-41.04004,13.685303,2.0898438,-19.764534,-14.670227,-5.3986816
1531,-8.744141,1.4829102,-9.170898,-38.944336,19.591675,-14.988281,-3.7640476,-18.146576,-2.0859375
1532,-0.63305664,9.913818,-3.4414062,-22.830078,33.482056,-6.798828,26.525757,-0.6664429,12.873535
1533,11.246826,14.924316,7.401367,-10.299805,37.07019,11.780762,16.718513,3.6039734,11.875
1534,8.199463,13.549072,-14.875977,-30.15625,15.51355,3.3603516,-17.669512,-12.742859,-10.756592
1535,32.46753,34.87744,-15.365234,-18.259766,15.050415,11.800781,-9.006559,-1.0730286,15.251953
1536,62.988525,61.321777,7.5634766,-19.052734,28.169922,2.569336,14.030323,1.7060547,23.60498
1537,68.06128,57.34839,5.6914062,-19.081055,24.17212,-8.415039,-0.5614052,-15.322052,0.20678711
1538,90.500244,70.32007,11.873047,-20.70996,25.772583,-5.991211,-17.873018,-26.71051,-22.229004
1539,83.28955,62.056885,2.8027344,-44.33203,26.838379,-12.153809,-15.695896,-18.303314,-15.875244
1540,69.56323,62.60669,2.8691406,-42.041992,39.14966,-6.618164,20.395054,12.078491,25.288818
1541,81.20923,74.812744,8.829102,-16.05664,35.845825,5.5961914,34.732807,13.072357,28.848633
1542,71.83618,62.167725,9.669922,-9.704102,26.986328,0.23583984,-3.7838345,-10.663055,0.93115234
1543,53.210693,44.1875,-3.4160156,-23.264648,23.215088,-1.5571289,-38.996887,-29.838074,-24.616943
1544,39.22705,38.266113,1.0439453,-21.832031,33.86853,-2.3168945,-12.945997,-12.740143,-6.14624
1545,15.496826,18.925781,-4.267578,-26.567383,37.219482,-11.866699,29.237041,6.2500916,17.842285
1546,27.751709,31.980469,10.819336,-12.072266,41.843872,7.0913086,41.00951,19.537537,34.983154
1547,32.014893,36.328125,3.8564453,-0.5527344,30.081543,17.861816,-0.6293068,2.6273193,12.238281
1548,24.21753,26.675781,-3.0283203,-13.6484375,30.677734,6.9331055,-19.45955,-9.3541565,-4.4208984
1549,16.114746,25.726318,6.7998047,-21.458008,40.23938,-4.163086,3.8152695,-0.044677734,8.604004
1550,-1.0722656,7.3496094,-4.1035156,-35.112305,29.086792,-19.214844,15.987709,-0.3154602,9.938477
1551,-12.00708,-7.690918,-18.269531,-26.016602,27.609497,-7.650879,23.382153,12.221924,18.026123
1552,0.14941406,4.3779297,-5.0585938,-21.738281,32.737915,8.746582,-0.09948349,10.200256,12.757568
1553,0.45507812,11.217773,-13.5390625,-32.819336,26.696655,-0.2397461,-8.889328,-3.194275,7.609375
1554,-7.843994,4.4106445,-3.7919922,-29.71875,30.45105,-8.768066,16.140411,6.198883,22.938477
1555,-3.9958496,6.064453,2.4091797,-24.99414,32.948975,-9.697266,20.222267,2.328247,18.661865
1556,-0.59887695,9.159424,-5.548828,-9.962891,27.851318,-1.4272461,-10.279852,-16.034027,-3.9970703
1557,1.7004395,10.9748535,-12.7734375,-11.803711,31.797485,12.430176,-11.807104,-3.2359924,11.428711
1558,-0.49853516,16.580078,-5.90625,-10.950195,34.709106,13.492676,10.007576,12.946686,31.39087
1559,4.555908,21.951904,-4.6259766,-5.3710938,34.02002,9.611816,33.663692,26.271454,43.53125
1560,-0.5656738,11.726807,-0.034179688,-0.5253906,34.92285,4.9018555,22.505554,15.303497,29.097168
1561,-13.886963,-1.8991699,-13.633789,-24.60254,25.529175,-5.321289,-21.00816,-16.885895,-12.275879
1562,-23.420898,-9.038818,-16.664062,-31.759766,22.696655,-3.8569336,-21.81586,-17.193878,-6.388916
1563,-20.91748,-1.2641602,-9.196289,-29.769531,34.744507,-4.397949,16.2346,7.7686157,22.799316
1564,-6.987793,8.002197,-5.151367,-7.515625,40.68579,1.3769531,33.786022,22.916016,39.027832
1565,-9.306152,4.5424805,-25.089844,-12.765625,18.082764,-4.774414,-13.1139965,-9.941315,-0.8515625
1566,-7.378174,2.3295898,-20.716797,-23.085938,17.442017,1.7832031,-30.665918,-21.252869,-7.8842773
1567,-7.060791,12.483643,-5.711914,-18.868164,41.8125,16.107422,5.687359,7.8462524,22.544434
1568,-30.773926,-6.2421875,-6.1816406,-15.322266,40.65271,0.5161133,27.443417,17.924164,33.807373
1569,-14.573242,3.5107422,0.9667969,-4.7226562,42.219482,6.7148438,24.111507,13.939026,26.673828
1570,-9.747559,6.6240234,-4.529297,-8.041016,26.46997,7.5356445,-12.858673,-6.684387,5.102539
1571,-10.760986,7.900635,-17.208984,-18.109375,22.289307,3.9335938,-21.19224,-10.270142,4.729248
1572,6.6794434,30.731201,-6.713867,-5.4921875,33.210205,6.4555664,11.229877,11.578552,29.691406
1573,9.37793,26.840088,-2.4140625,-3.5947266,32.148438,4.2753906,25.755066,18.345276,36.13672
1574,16.841797,29.426514,-3.546875,1.2509766,38.042725,13.9921875,14.199684,8.694,24.967773
1575,3.9458008,15.118408,-3.3388672,-7.4453125,43.046387,15.767578,0.49440002,10.076874,15.4748535
1576,8.169922,22.403809,-0.25097656,-8.166016,41.789185,8.671387,6.1309204,13.466827,23.269043
1577,1.246582,23.346191,-1.5371094,-1.6923828,44.971558,10.42041,33.076122,25.15216,45.020508
1578,-3.0979004,14.192871,-8.839844,-7.4628906,32.718872,0.6484375,16.235153,7.5733643,27.394287
1579,13.737793,24.487793,-6.5615234,6.385742,37.45227,15.15625,0.42861176,9.385956,20.198486
1580,-4.309326,12.61377,-11.478516,-24.938477,29.097656,-1.5610352,-17.071442,-5.099701,6.7177734
1581,-1.3745117,20.58789,0.7246094,-6.4316406,44.82849,2.6782227,16.429707,19.800781,31.206055
1582,-2.5959473,21.765625,4.107422,0.0859375,46.272827,0.9741211,36.513485,28.921326,42.001953
1583,-0.86206055,12.594971,1.9570312,7.013672,37.849243,5.527832,2.2319527,1.1929932,20.525146
1584,-2.4597168,6.484375,-18.265625,-13.941406,23.764526,0.6513672,-26.239323,-11.455475,1.4262695
1585,5.8637695,17.683594,-12.338867,-14.06543,34.78943,-1.2373047,-3.7966385,9.267761,17.115723
1586,-0.080322266,17.316406,-9.328125,-5.760742,42.36084,3.0161133,29.971012,30.03241,42.35376
1587,-2.8850098,15.426758,2.3134766,4.9003906,46.802734,12.554199,35.923817,36.03064,45.96216
1588,-5.05542,10.538086,-5.7373047,1.7880859,34.036133,6.1640625,-12.054575,-4.620697,8.592529
1589,-12.3125,7.8410645,-14.467773,-8.515625,26.725708,-2.8793945,-40.952873,-24.030792,-3.7939453
1590,-11.740234,12.979004,-4.416992,-17.506836,45.431152,-5.4296875,8.200989,11.834045,29.225342
1591,16.122803,45.039307,13.646484,7.7617188,48.249878,5.788574,41.23338,40.315857,55.656982
1592,19.152832,39.13672,0.021484375,13.151367,38.28174,8.095215,17.831402,26.522186,36.16748
1593,2.6003418,24.315674,-11.395508,-1.2685547,21.846924,-0.75390625,-28.986229,-9.662964,-0.55322266
1594,-0.09741211,20.105469,-1.2587891,-8.080078,35.07019,-3.5473633,-26.486694,-12.29541,4.427002
1595,-10.053711,15.053955,5.9833984,-10.302734,45.21289,-7.208496,9.032845,8.90802,32.24707
1596,-5.419922,18.503906,6.0751953,-10.557617,42.614014,-6.739258,23.61045,17.829254,36.508545
1597,-9.280029,8.942383,-6.439453,-14.494141,29.619873,-14.085449,-12.804548,-6.4696045,4.086426
1598,0.52124023,19.14917,-17.063477,-21.87207,19.35254,-13.088379,-36.430885,-16.715302,-7.4138184
1599,1.3752441,23.024414,-14.46875,-16.592773,29.782959,-7.1259766,-13.776119,-2.545044,14.671143
1600,-0.025634766,22.4292,-2.0126953,9.766602,42.02002,-3.7128906,18.50835,16.44638,38.480713
1601,-7.276367,11.958496,-2.6640625,4.8466797,48.741333,1.0170898,19.611568,22.865692,40.91284
1602,2.3256836,11.923828,7.2822266,1.1855469,43.51477,2.0009766,-3.8652554,10.518799,15.164551
1603,-6.104248,10.543213,7.2734375,-11.474609,39.035034,-7.9350586,-19.085602,-7.036682,2.988037
1604,-3.7009277,14.078369,1.3457031,-12.563477,44.319214,-8.224121,6.9308243,7.826935,24.908447
1605,-9.192139,10.313232,-10.899414,-7.448242,30.331665,-9.177246,11.833,9.753693,32.164307
1606,-0.84814453,13.529053,-9.944336,-1.3125,31.619263,2.828125,-9.633091,-2.7473145,16.568604
1607,4.7526855,18.546875,-4.3632812,2.5136719,31.980347,-3.150879,-29.164013,-13.584442,-0.40698242
1608,-12.987549,11.661133,-2.069336,-8.310547,30.4917,-13.874512,-16.204659,-6.3837585,6.659424
1609,-8.084961,12.330811,2.4482422,0.42578125,41.777466,-7.3535156,15.307446,14.022003,32.778076
1610,-11.64502,2.5515137,-4.0322266,-2.8164062,35.532227,-11.787598,5.2696304,7.4412537,22.256836
1611,-1.6489258,9.5373535,-9.018555,0.26953125,23.405518,0.30615234,-25.826801,-6.533905,7.194824
1612,-4.76001,8.414795,-15.84668,-10.666016,23.91394,-0.6870117,-28.36346,-4.758026,10.909424
1613,2.8044434,21.360352,-1.5644531,-6.6572266,38.976074,-1.3364258,2.9126358,14.999268,32.85034
1614,-5.3723145,6.9626465,-7.2304688,-9.121094,28.059937,-18.452637,6.5492897,3.996399,25.201904
1615,4.107666,11.540283,-0.38867188,1.8007812,30.441528,-10.194336,-7.4745255,-2.9739075,12.281982
1616,-7.9052734,4.465088,-18.929688,-12.925781,16.11792,-11.76123,-38.59449,-19.587433,-6.2072754
1617,2.7341309,18.062744,-15.03418,-8.251953,26.655762,-6.2421875,-21.583576,-5.4680176,10.255371
1618,15.609375,31.806396,6.6865234,5.6914062,53.192017,10.028809,34.026928,34.442047,51.585693
1619,-1.5256348,15.789795,-6.1259766,3.2763672,37.965454,-2.2543945,20.724384,20.096375,38.786377
1620,2.628662,17.537842,-10.964844,6.515625,27.314087,5.5375977,-13.3361225,5.064026,20.144775
1621,6.7993164,25.845459,-5.6464844,1.9853516,27.52002,5.1240234,-24.25414,-2.134613,9.671631
1622,8.255615,29.524902,-0.2548828,5.196289,35.910645,0.9355469,-7.4240036,7.7444763,30.082031
1623,8.669678,23.619385,-3.288086,4.3242188,41.11389,-1.5991211,19.761757,20.441284,43.503906
1624,-3.7797852,13.433838,-12.797852,11.1640625,24.35376,0.6723633,0.020614624,7.5036316,29.742432
1625,2.2902832,16.083496,-15.428711,11.962891,27.776123,6.4941406,-25.569319,-1.2222595,11.445801
1626,-1.684082,14.741943,-15.931641,-1.8222656,26.55603,1.1889648,-22.06253,0.7045288,15.993408
1627,6.0683594,30.452393,-2.3730469,12.15332,38.22046,3.3603516,13.2766075,24.320343,49.744385
1628,1.4741211,19.478516,-2.0019531,12.181641,32.440796,2.7802734,13.413212,20.110168,44.845947
1629,-1.329834,10.690674,-3.34375,6.171875,28.356812,1.2646484,-12.472042,2.1517334,19.499512
1630,0.17041016,14.230225,1.4697266,4.0097656,33.473877,6.123047,-21.998974,-1.0551453,11.829346
1631,6.6657715,20.22754,-1.8251953,11.8828125,36.677856,4.708496,-3.9746513,12.678436,31.219727
1632,-3.637207,18.122314,-5.7998047,-2.0527344,33.38501,-3.7626953,11.040897,17.418182,41.36255
1633,9.172852,23.042969,-2.8105469,13.508789,29.524658,-3.040039,-4.5605106,4.967987,23.620361
1634,3.954834,18.845459,-18.658203,1.4697266,10.885498,-7.45166,-42.827187,-21.011444,-2.3603516
1635,-2.0168457,12.731445,-15.750977,-5.25,20.319336,-10.971191,-32.40976,-9.792816,2.432129
1636,-9.075928,6.7736816,-1.9326172,-9.609375,43.561157,-14.313965,14.467228,21.362213,31.73584
1637,-4.1157227,13.468018,5.055664,11.766602,47.417236,-0.22363281,25.55222,30.163666,46.56543
1638,7.3120117,17.716553,0.03125,9.917969,31.132202,0.82421875,-12.229296,3.0224304,19.756104
1639,7.3737793,23.693115,-4.711914,6.4628906,29.479736,2.0424805,-37.06065,-7.7770386,6.963379
1640,0.64331055,22.052979,-2.850586,-2.6259766,34.160767,-1.5322266,-8.859421,9.335175,28.211914
1641,-4.324463,13.150391,-1.0898438,7.879883,38.225708,-2.7539062,24.956821,28.657898,49.32544
1642,-2.5871582,12.397949,7.658203,19.676758,36.604248,2.5708008,17.675732,21.78122,39.33838
1643,-8.872559,-1.8881836,-7.145508,3.4482422,28.399658,-0.73046875,-25.038525,1.257904,11.942871
1644,-10.487549,1.4489746,-13.871094,-2.336914,23.207764,-11.753418,-43.83645,-13.857269,-3.375
1645,3.8388672,22.970215,-8.262695,4.1679688,30.916992,-8.306152,-3.6782932,9.5434265,29.288086
1646,-1.2097168,13.685303,-17.771484,11.708984,25.836792,-8.342285,13.28056,23.164032,43.37329
1647,9.621826,21.94629,-1.7451172,22.813477,37.47461,9.870117,11.000153,30.228485,42.625
1648,1.5888672,12.926025,-6.5791016,6.3583984,23.379517,-6.6347656,-33.40819,0.49786377,7.4904785
1649,2.5891113,12.504639,-2.5175781,-7.508789,26.2771,-14.520508,-30.034117,-2.7127075,6.581299
1650,4.028076,12.895996,2.3876953,-2.2109375,35.42395,-16.407227,-3.5354729,8.1440735,20.677979
1651,4.1486816,7.239502,1.3085938,19.40625,42.25525,2.8051758,18.188541,29.46347,46.034668
1652,-2.4406738,0.73657227,-13.177734,15.149414,26.880615,2.8457031,-13.947319,13.809479,24.921143
1653,2.803711,12.776367,-8.307617,12.698242,32.159546,4.9316406,-16.261442,18.635498,24.841064
1654,13.796387,31.389893,15.772461,21.486328,51.495117,9.946777,18.673206,43.60971,48.506104
1655,11.485352,24.515625,7.0742188,18.492188,39.48352,-8.077637,12.766502,23.984161,32.006348
1656,4.850586,10.65918,-6.0625,15.586914,25.098022,-5.180176,-21.864475,-6.1373596,7.8029785
1657,3.2097168,10.4938965,-10.046875,22.759766,23.498413,4.3847656,-33.312695,-0.8074951,11.816895
1658,2.4846191,16.45752,-5.703125,17.923828,32.48108,8.628906,-11.317625,22.74759,39.11841
1659,-0.17114258,8.892334,-3.3330078,9.693359,28.563354,-6.48584,15.923504,34.176178,44.308838
1660,12.5529785,25.618896,4.4960938,32.8291,33.617065,-1.2734375,19.444405,33.658478,42.222656
1661,5.4782715,15.297363,1.4794922,19.391602,24.649902,-5.82666,-29.988522,-6.970886,1.3129883
1662,0.48388672,10.398682,2.631836,16.651367,32.0813,2.605957,-38.494274,-7.811432,3.1601562
1663,-9.32959,9.469971,-0.59375,10.987305,32.321045,-4.977539,-13.704456,6.7006226,20.77002
1664,-8.765625,12.984375,-14.368164,19.22461,19.517334,-7.32959,13.293606,28.826233,46.42212
1665,8.773926,21.80249,3.0332031,37.354492,27.909302,10.522949,10.02528,34.968994,48.155273
1666,12.295654,22.466309,-5.008789,31.481445,23.91333,7.0668945,-27.419327,6.6118774,12.600098
1667,4.463623,19.326416,1.1396484,20.00586,26.31897,0.38867188,-33.994755,-2.5252686,4.055908
1668,-5.925293,11.234375,-4.245117,15.703125,25.882202,-13.234863,-12.022116,4.338379,15.938965
1669,-2.4902344,7.0563965,2.890625,20.161133,23.69934,-10.838867,-0.13251114,15.293549,30.70166
1670,7.442383,13.333984,-6.9882812,19.617188,18.856934,-2.175293,-20.013668,6.9969788,17.76294
1671,9.813232,16.956543,-3.7861328,18.295898,23.56372,-5.591797,-35.42492,-1.6584473,2.0239258
1672,-3.6816406,12.651855,3.256836,13.316406,26.820435,-15.834473,-21.957804,7.020813,11.682373
1673,7.248047,30.161377,14.03418,31.438477,47.012695,5.5654297,18.50784,33.180206,41.5542
1674,0.81225586,12.85376,0.14648438,32.918945,30.192993,1.5131836,-4.7566586,15.052307,24.0979
1675,-2.3549805,6.8081055,-11.401367,20.094727,16.258911,1.0756836,-40.381516,-5.432617,0.90356445
1676,1.3640137,15.536621,-5.3847656,26.506836,30.408325,-3.270996,-32.679485,7.2927856,8.32251
1677,0.61279297,12.313721,1.6992188,12.396484,31.193848,-14.427246,-5.0394,19.974823,18.452393
1678,-2.2753906,11.120117,1.1904297,25.859375,27.563477,-10.604492,3.9396133,16.038666,19.588379
1679,-1.8012695,7.290283,-9.799805,28.158203,11.156616,-3.7163086,-28.605177,-0.82754517,3.8815918
1680,9.203613,23.969482,-14.779297,38.10742,15.404663,11.099121,-47.552505,-7.0935364,1.5068359
1681,-2.5964355,14.244873,-23.983398,20.800781,5.614746,-10.63916,-42.026855,-5.43219,-1.7275391
1682,-7.3129883,12.141113,-8.6640625,20.950195,31.674316,-7.564453,6.1691704,25.96753,29.921143
1683,-10.894775,6.1101074,-4.9072266,32.606445,32.38025,7.197754,14.500675,35.812164,33.576416
1684,0.5515137,17.17334,-1.1308594,32.987305,32.366333,9.325684,-19.555473,14.620422,9.48291
1685,-9.729736,5.7541504,-4.5625,17.011719,16.367432,-1.0742188,-45.422726,2.109253,-3.1054688
1686,2.2583008,14.652588,-14.3828125,13.15625,17.096313,-5.979492,-16.744867,18.533447,16.463623
1687,-0.2265625,18.303467,-7.866211,21.25293,20.919312,-3.8417969,7.733101,28.77652,26.979736
1688,-2.1916504,17.469238,-8.318359,22.027344,12.478516,-9.0078125,-20.91049,11.588257,7.4990234
1689,6.157959,16.871582,-7.294922,18.889648,18.933228,-7.486328,-46.525387,-1.111145,-10.074951
1690,0.4560547,16.983643,-0.11816406,16.546875,26.60498,-7.2211914,-34.082634,10.599182,1.9216309
1691,-1.5334473,15.999756,4.692383,25.27246,38.962646,-6.557617,7.041542,34.360565,25.053467
1692,-1.2436523,13.449951,2.9785156,23.44043,38.998535,-8.168457,10.793453,32.031403,23.659668
1693,-16.508545,-8.174072,-7.836914,4.991211,19.157715,-13.118652,-33.02894,4.2395325,-7.7617188
1694,-6.677246,6.191162,-5.9921875,16.43457,28.421387,4.635742,-34.137028,16.5206,2.5236816
1695,-27.68628,-8.160156,-10.43457,14.066406,26.3479,-4.8793945,-15.676411,20.220825,9.126221
1696,-21.898438,-5.431885,-8.504883,31.363281,31.817749,-0.11035156,14.992111,37.274048,30.94873
1697,-4.656006,10.765381,4.495117,42.551758,28.98462,6.01709,-2.8821335,24.57724,15.395996
1698,-9.468994,-0.49780273,-9.371094,13.847656,16.514893,-12.325195,-47.25422,-2.3668518,-18.4646
1699,-15.287109,-3.5854492,-10.549805,1.3710938,22.245483,-18.101074,-35.675694,4.777649,-14.288086
1700,-12.810547,11.465088,0.54785156,24.101562,34.357544,-3.3857422,6.60165,35.017914,23.087646
1701,-8.321777,10.225586,-1.8457031,45.179688,29.034058,1.2011719,10.124466,37.16159,23.903809
1702,-3.263916,8.165283,-14.0625,42.875,18.927979,10.4453125,-23.540554,19.432556,4.3203125
1703,-13.7595215,4.798584,-11.107422,35.460938,9.874023,5.39209,-51.219757,-1.0292053,-17.089355
1704,-5.217285,16.719482,-5.944336,28.87793,25.858032,1.7880859,-18.42858,18.002197,9.801514
1705,-14.640869,6.0827637,-3.881836,21.975586,24.749756,-14.424805,1.6879501,26.815613,18.515137
1706,-3.4973145,10.955078,-1.1982422,38.401367,28.84851,-2.9545898,1.6152916,26.051819,11.01709
1707,-1.314209,14.6953125,-10.241211,31.969727,13.644653,1.7929688,-42.045742,2.8837585,-14.182373
1708,-12.225342,4.8847656,-15.6796875,19.361328,8.512329,-1.2270508,-50.646122,-2.5150757,-16.72998
1709,-22.102295,2.0742188,-4.4521484,17.367188,15.700317,-16.043945,-18.537512,11.803589,-0.7438965
1710,-8.437744,11.611328,-8.845703,24.682617,29.181763,-10.122559,4.6649246,26.509644,12.942139
1711,-2.1882324,15.120361,7.258789,40.72754,30.232056,7.60791,-10.055435,27.835724,11.319824
1712,-21.270264,-7.7177734,-14.262695,18.338867,8.22522,-8.802246,-48.931778,-0.6374817,-22.957764
1713,-13.379883,3.8730469,-6.8652344,30.835938,18.621094,-2.557129,-24.843964,17.596802,-2.8842773
1714,-21.750244,-1.7565918,-3.9082031,28.233398,10.9852295,-10.228027,-11.8776245,17.139252,4.72876
1715,-10.886475,7.7927246,2.8095703,39.089844,21.833862,-1.378418,-7.7035522,23.536896,10.223633
1716,-16.137695,-2.3845215,-13.956055,25.046875,19.624023,-9.19043,-41.01118,1.3282776,-20.0271
1717,-12.671875,5.2470703,-11.088867,14.001953,21.348389,-10.397949,-43.26257,0.25454712,-20.189453
1718,-11.61377,11.721436,-8.102539,32.626953,27.006348,1.0024414,-10.401558,26.72464,10.654541
1719,-16.384033,-0.41674805,-6.4941406,37.33789,12.482056,-10.969238,-4.3018036,22.106262,3.9812012
1720,-22.459473,-5.6123047,-9.594727,40.41992,13.729126,-4.0981445,-27.812962,11.884064,-12.56543
1721,-21.294922,-3.1083984,-9.939453,39.853516,10.967041,-2.9101562,-51.458965,-0.6030884,-24.806152
1722,-24.18164,-0.49682617,-9.082031,20.841797,16.202515,-10.078613,-35.334225,9.34256,-12.432861
1723,-33.74292,-2.675293,-9.032227,25.796875,20.942383,-21.167969,-5.531273,22.378021,2.1223145
1724,-22.521729,-1.1181641,-9.522461,35.154297,17.169067,-12.206543,-8.876421,23.64914,1.5168457
1725,-23.987793,-2.3059082,-22.018555,38.47461,1.9193115,-7.0649414,-44.58584,0.60910034,-24.486816
1726,-17.33667,2.682373,-14.788086,35.34082,17.61023,1.1318359,-44.135315,10.573608,-19.023438
1727,-17.819336,6.9523926,-10.8046875,36.083984,25.684814,-1.3168945,-13.222773,27.997345,3.170166
1728,-15.39502,5.40625,-7.2929688,38.603516,24.826416,-9.761719,4.747841,35.43222,8.730957
1729,-4.9484863,14.743408,3.3652344,46.822266,24.918457,-1.9799805,-11.194319,26.184021,-1.1276855
1730,-2.3076172,14.075684,-11.921875,44.612305,15.40918,-1.6640625,-40.851418,10.981354,-20.635742
1731,-28.157715,-7.815674,-29.29004,19.58496,7.3444824,-15.575684,-46.705006,5.1805725,-22.7146
1732,-15.817871,4.9663086,4.274414,48.751953,40.50122,9.339844,19.927612,54.1705,27.925781
1733,-28.497559,-14.606445,-8.34668,37.086914,24.48291,-7.6430664,4.716118,37.922638,7.1677246
1734,-8.690918,5.918457,-0.46191406,51.66211,25.784302,4.4023438,-21.990772,23.097229,-10.56958
1735,-11.883301,-1.2661133,-12.838867,27.723633,13.177856,-15.069824,-50.476677,1.6278687,-36.659424
1736,-4.3754883,8.399414,-6.413086,31.84961,25.273682,-9.040039,-20.891005,20.953766,-15.842773
1737,-14.897217,-1.0280762,-19.486328,30.107422,12.764526,-15.525879,-5.9172115,28.646667,-2.1166992
1738,-13.809082,-2.9558105,-3.5107422,45.375,21.397095,1.2333984,-3.2709713,32.880188,-0.61083984
1739,-11.493164,-4.5456543,-9.643555,37.067383,23.615356,6.5126953,-33.173298,16.767792,-14.18335
1740,-14.76416,-2.592041,-0.39257812,29.25879,27.613037,-3.7270508,-30.252115,20.80716,-12.623779
1741,-11.475586,4.022217,-0.29101562,33.375977,34.839478,-13.8359375,4.0102882,36.265503,3.1108398
1742,0.5917969,14.724121,5.6015625,51.02832,26.655762,-9.431152,6.1745033,30.737244,-0.46826172
1743,-6.486084,0.47558594,-6.5341797,43.33496,5.77771,-11.845703,-34.046074,7.056427,-25.658203
1744,-10.149414,-0.6687012,-13.133789,31.426758,11.980591,4.698242,-46.163963,7.1002197,-21.410156
1745,-5.921875,10.904541,4.3789062,45.293945,32.402954,10.062988,-14.429882,29.995636,4.474365
1746,-21.987793,-0.9094238,-8.464844,38.899414,25.097046,-8.700195,7.987587,36.65909,11.176514
1747,-18.45581,-1.0744629,-16.364258,38.853516,18.573364,-8.490723,-4.7011433,26.88144,-6.930908
1748,-8.053223,0.052246094,-8.046875,30.115234,5.1069336,-10.241699,-42.8972,6.710388,-33.596924
1749,0.16479492,12.544189,-8.388672,36.033203,17.955933,6.550293,-28.174944,19.967316,-16.71753
1750,-12.54248,3.5593262,-18.27539,26.754883,15.240601,-5.9643555,-13.313026,25.548798,-2.90625
1751,-9.599365,5.2871094,-14.944336,41.620117,11.445679,-6.756836,-3.7241783,29.845978,4.7834473
1752,0.80078125,11.222168,-12.484375,49.22461,10.829224,-0.23388672,-24.715874,18.75061,-12.355469
1753,-0.7922363,12.074219,-13.5703125,40.65332,16.558472,5.3125,-32.679028,17.13507,-23.138428
1754,5.8776855,24.019043,-1.3720703,51.956055,30.462158,8.946777,-7.2710514,34.829834,-6.9831543
1755,-12.612549,8.668213,-4.3652344,43.015625,14.640381,-5.416504,-3.448658,23.329956,-8.517578
1756,-10.94458,8.876221,-7.9589844,56.33203,15.910522,7.3808594,-5.053091,26.76175,1.2502441
1757,-15.718018,-2.230957,-15.198242,34.039062,14.112061,7.326172,-34.600594,11.680481,-15.484131
1758,-19.64624,-5.453369,-21.161133,27.714844,14.861328,0.78515625,-36.33191,13.884186,-23.053955
1759,-21.249512,-3.8857422,-15.402344,26.557617,12.345581,-11.558105,-9.988659,26.70752,-10.633301
1760,-12.072754,9.682129,12.46875,52.125,29.815552,2.0126953,22.645798,46.158325,7.83667
1761,-21.30664,-8.975586,-8.699219,41.22168,10.481689,4.5786133,-14.438286,20.74173,-18.192627
1762,-33.097656,-18.656494,-19.65918,34.253906,-0.71435547,1.9916992,-48.59281,1.8503113,-31.789307
1763,-21.639404,0.7597656,-12.629883,33.814453,17.491089,4.248535,-21.781975,20.814758,-16.139893
1764,-15.292725,7.491699,-2.03125,39.583008,32.993896,3.6894531,23.184418,49.17688,13.131348
1765,-10.7265625,10.672363,-5.7597656,46.674805,21.681152,-1.1655273,14.930267,39.316223,-2.0129395
1766,-4.4541016,17.523682,2.5205078,52.00879,17.44519,11.681641,-15.012842,23.023895,-15.297119
1767,-32.256836,-12.416016,-19.336914,23.867188,1.8251953,1.8833008,-40.561703,6.870819,-29.85205
1768,-13.106201,11.440674,-2.3574219,49.84668,24.818604,14.016113,-1.863205,36.366302,6.2001953
1769,-25.45337,4.0583496,-13.331055,31.830078,13.979736,-5.2421875,7.803253,30.762451,-0.8725586
1770,-12.213379,9.10376,-5.1191406,48.98828,13.979614,-0.3696289,-5.6766396,24.680695,-17.045166
1771,-13.698242,6.27417,-15.744141,32.09375,0.056518555,-3.6035156,-49.019714,-1.9107971,-47.7041
1772,-23.958496,0.7126465,-20.711914,28.59961,7.3079834,1.6918945,-34.475193,12.706146,-24.652832
1773,-19.9104,2.1984863,-4.629883,31.363281,17.711426,-3.8134766,1.3316154,30.514221,-0.31958008
1774,-20.736084,-4.366455,-12.416992,29.71582,13.766113,-3.953125,-0.3876152,28.09372,-8.891846
1775,-9.628174,4.162842,-9.233398,42.99121,11.154297,10.634277,-20.456947,19.162079,-18.040283
1776,-11.392822,3.9282227,-26.926758,22.0625,-5.9208984,-0.44433594,-52.578655,-3.1250916,-40.631836
1777,-24.620361,-4.7680664,-32.67578,11.213867,-12.839355,-15.853516,-40.20272,2.999298,-35.54419
1778,-17.20288,2.334961,-6.8291016,39.078125,19.228882,-2.9892578,9.065704,35.954987,-0.13793945
1779,-11.786133,-1.1779785,-10.700195,33.8291,18.964844,-0.08496094,0.34902954,25.673035,-9.739258
1780,-17.937012,-4.9208984,-9.483398,28.329102,3.8754883,-0.1665039,-37.883995,7.528595,-34.7334
1781,-14.545166,0.24291992,-16.924805,16.823242,2.3813477,-10.692383,-45.014652,-4.480774,-43.954346
1782,-12.947266,9.430908,-17.31836,25.618164,3.2404785,-10.75293,-17.71616,9.929199,-24.19043
1783,0.25610352,17.904297,-8.797852,39.527344,8.133911,0.045898438,1.0851593,23.526001,-10.951416
1784,-14.277832,-2.5527344,-17.25586,29.533203,5.177246,-0.48046875,-19.908045,15.903778,-22.220703
1785,-9.879639,4.354248,-8.071289,18.011719,19.792114,0.95410156,-27.836384,16.952179,-25.45874
1786,-15.156006,4.4958496,-22.405273,27.024414,11.833008,-3.491211,-25.285595,12.805908,-23.734375
1787,-20.376953,2.9094238,-12.821289,27.16504,4.375,-17.143555,-11.801176,9.700073,-22.148193
1788,-10.575684,5.205078,-15.658203,34.32422,-0.52160645,-4.965332,-11.092594,9.79071,-19.882324
1789,-4.9555664,8.480957,-16.251953,34.61914,-5.3393555,6.677246,-36.76211,5.674011,-28.318848
1790,-10.735107,7.1938477,-23.692383,21.899414,-6.850952,-1.1166992,-44.690533,3.7620544,-34.50537
1791,-5.702881,13.4921875,-17.9375,22.922852,1.9394531,-10.899414,-14.350468,19.924622,-15.5686035
1792,-7.7512207,7.7263184,-11.349609,23.46875,9.782959,-16.527344,-2.7934952,15.967743,-21.313965
1793,-2.6425781,10.372559,-7.0,23.521484,5.359253,-9.169922,-27.092594,0.65130615,-41.739014
1794,0.56933594,11.367432,-15.228516,12.948242,4.7320557,-1.9672852,-43.8342,1.2852478,-44.52539
1795,-17.551025,2.505371,-25.060547,7.430664,4.842407,-8.638184,-29.76861,9.453827,-29.282959
1796,-7.0480957,12.545166,-13.660156,18.598633,14.588745,0.38378906,2.1047783,24.68338,-4.48999
1797,-4.540039,10.57251,-8.6640625,23.22168,1.3200684,-5.130371,-15.103376,10.763824,-27.340576
1798,5.0004883,13.370605,-3.9003906,13.987305,2.4023438,-3.0668945,-44.591652,-8.585754,-50.188965
1799,-6.635254,7.9665527,-11.863281,5.4970703,4.088745,-5.157715,-46.016502,-9.430817,-53.533447
1800,1.5073242,20.187256,-1.2041016,24.529297,24.512207,15.054199,-1.7337265,27.215149,-8.093506
1801,-9.076172,12.74707,-10.362305,22.069336,12.4835205,-0.32421875,6.8623314,27.777618,-5.0078125
1802,0.38134766,22.694092,-8.131836,24.732422,4.3293457,1.0991211,-16.085772,8.71402,-26.365234
1803,-0.1105957,18.522217,-9.547852,18.651367,-2.5533447,6.230957,-43.365334,-1.3688354,-45.118164
1804,7.6557617,31.328613,3.9335938,22.69336,25.130249,18.924316,2.9025536,34.694977,-7.9780273
1805,-9.728516,10.907227,-9.767578,23.297852,16.995117,5.7348633,11.465363,31.09134,-10.373779
1806,1.9465332,20.718994,5.5976562,38.987305,25.362183,21.722168,7.1465454,31.810455,-8.215332
1807,-3.7990723,14.393311,-0.6435547,21.393555,15.560669,17.021484,-36.462204,2.000946,-35.93579
1808,-14.262207,3.3989258,-13.244141,-2.3476562,4.206543,0.1665039,-43.019554,-1.5086975,-37.98047
1809,-7.8881836,11.3220215,-1.46875,18.374023,24.177612,12.868652,4.708542,32.81659,-2.97583
1810,-9.995605,8.187988,4.1708984,24.421875,28.18628,15.644531,22.277477,39.762085,2.0375977
1811,-18.237793,-1.4296875,-4.029297,15.399414,13.075439,3.9702148,-16.865719,7.787018,-29.50122
1812,-21.73291,-7.8269043,-16.953125,-5.416992,-0.33203125,-0.890625,-49.83567,-9.829559,-47.202393
1813,-29.736328,-12.871826,-28.163086,-6.892578,-10.641357,-14.491699,-50.20962,-15.991211,-49.676514
1814,-14.784424,6.3703613,-13.871094,14.488281,11.405029,-0.85791016,-1.8417778,17.219788,-14.929199
1815,-19.587158,-1.6813965,-22.449219,17.632812,2.0803223,-3.208496,-6.669327,17.029602,-24.344238
1816,-17.400879,-8.838379,-16.614258,11.9375,11.068481,10.0234375,-25.694574,8.7473755,-37.225586
1817,-36.89966,-24.38623,-22.426758,-10.624023,-0.3330078,-6.352539,-43.907516,-9.637146,-49.60913
1818,-29.930908,-14.257568,-15.947266,-13.74707,3.244629,-21.625488,-25.781006,-3.0881042,-32.7854
1819,-11.756348,0.45874023,-11.72168,7.1884766,8.43103,-10.524902,-8.703472,8.714386,-16.01416
1820,-14.334473,-12.012939,-25.506836,0.020507812,-10.43396,-12.439941,-31.396156,-1.9354248,-39.791748
1821,1.5847168,1.9475098,-12.28125,2.3320312,-3.958496,-4.503418,-39.59228,1.5205994,-48.61499
1822,28.257568,29.072998,-7.555664,17.895508,20.181763,18.013184,-7.101095,27.144196,-16.754395
1823,38.640625,34.894287,1.625,19.82129,23.026855,9.030762,14.069462,30.134277,1.2155762
1824,61.78833,47.608154,-5.7109375,12.916016,1.9699707,-6.1308594,-20.279816,-0.039489746,-26.824951
1825,72.86206,62.804443,6.7470703,26.819336,19.51538,16.34961,-26.168865,8.351685,-27.14746
1826,80.17456,72.30078,2.321289,12.212891,14.751709,4.2626953,-31.247946,4.8544617,-35.426758
1827,88.70874,83.85278,2.1933594,18.45996,16.269775,6.180664,-3.4616108,16.954346,-21.980469
1828,96.38037,87.84448,0.0703125,27.884766,7.8363037,8.806152,2.7319565,11.58548,-17.437744
1829,105.43652,94.26196,5.3046875,35.75586,20.485107,21.311035,-1.3547821,20.730682,-9.303223
1830,101.90234,78.52051,0.4248047,12.2265625,12.1397705,8.834473,-37.833538,3.5750732,-29.718262
1831,115.8811,97.07446,5.286133,18.202148,19.460205,8.641113,-21.962105,11.906189,-18.901367
1832,127.95215,112.47046,9.271484,32.01758,30.947754,20.638672,24.105183,45.226807,13.239746
1833,131.17456,110.749756,7.3779297,43.316406,15.785034,13.3515625,5.3088646,23.643646,-13.267822
1834,135.61035,118.2439,9.7890625,40.67285,14.97522,24.63623,-19.692776,13.411224,-24.973633
1835,136.00879,114.66748,5.798828,31.373047,22.874146,28.444824,-27.173206,14.918091,-17.426514
1836,140.57886,124.03369,11.775391,32.8584,32.79309,18.29541,7.2775536,35.332153,5.254883
1837,154.9668,143.16626,24.967773,47.927734,43.180176,22.25879,36.987118,49.67267,16.152588
1838,153.26514,129.10938,6.958008,31.057617,11.831543,8.919434,-7.0609283,14.847321,-20.208252
1839,157.90088,135.49683,-0.1484375,28.65625,6.342163,12.330566,-42.92497,-10.469757,-43.368896
1840,159.2107,150.23145,3.3955078,31.99121,16.1333,14.8203125,-29.817621,1.8589478,-28.39331
1841,148.59229,137.98682,-2.5058594,23.975586,3.6834717,0.46777344,-16.426575,9.6076355,-18.10962
1842,162.49829,151.8291,4.7539062,54.83789,17.766602,22.765625,8.763111,31.24472,3.7590332
1843,166.41138,150.94604,14.655273,53.84668,21.507324,28.506348,-16.285109,16.598877,-15.598389
1844,161.802,142.82324,5.477539,32.916016,13.694092,15.872559,-40.257812,-1.132904,-38.602783
1845,164.88184,154.73926,5.736328,34.421875,22.667603,15.954102,-18.083923,13.666351,-18.04956
1846,162.64453,150.59375,10.65918,40.231445,22.74768,20.246094,7.5715485,23.782806,-0.47265625
1847,168.38672,156.59937,5.2070312,50.94043,8.561157,15.231445,-9.422777,12.752472,-18.139648
1848,177.50342,163.4812,-1.9365234,46.666992,4.0181885,19.682129,-40.30282,-6.010132,-38.926758
1849,166.55713,155.35376,8.706055,34.34082,17.807373,20.419434,-29.879925,4.086487,-29.300293
1850,163.00708,151.14868,1.2080078,29.605469,17.890137,9.983398,-2.1458893,13.76712,-19.092041
1851,167.26929,161.50977,9.735352,48.17871,20.06543,7.8339844,2.9645462,17.42392,-10.096436
1852,167.97974,157.29053,4.338867,46.48242,9.713745,11.847656,-19.43577,6.1917725,-30.660156
1853,175.31909,167.35352,7.4853516,42.064453,15.66333,26.761719,-33.857754,5.2249146,-36.314697
1854,176.38257,171.08081,1.9414062,40.926758,22.47705,18.236328,-14.690725,13.211792,-28.24292
1855,182.41772,175.90698,15.283203,54.396484,30.024658,17.45752,7.6833916,22.964294,-9.967041
1856,184.4082,173.48853,12.213867,58.274414,27.456787,29.427246,7.324234,26.881592,-3.6774902
1857,177.43945,167.625,5.381836,51.25586,18.229492,30.1333,-22.999123,7.55307,-25.09668
1858,181.78223,173.60059,9.140625,43.249023,15.412964,25.433594,-21.770813,14.361511,-24.853271
1859,174.29956,175.43628,-0.265625,57.320312,22.371826,23.814453,4.8388405,28.833374,-6.186035
1860,185.62476,185.28491,9.249023,64.40137,24.735352,23.728027,15.818726,28.76352,-2.657959
1861,186.62524,178.15918,-0.8154297,57.65332,9.887085,21.195312,-19.469799,0.59716797,-27.632324
1862,189.72925,175.73901,16.141602,51.720703,25.931763,40.530273,-23.462835,7.8971863,-25.57837
1863,175.90186,166.96606,17.111328,44.021484,35.864136,37.62256,5.378315,31.438202,-4.907715
1864,169.36768,166.83008,13.374023,54.64258,36.018677,33.041992,30.106777,49.921295,20.354004
1865,173.93604,170.66748,17.942383,64.171875,35.043457,34.67383,23.392448,37.47235,8.223145
1866,179.74585,169.84106,3.7480469,49.191406,11.938721,22.901367,-35.10082,-11.3437805,-44.541992
1867,174.04688,168.77368,1.5986328,38.57129,16.244507,25.757812,-34.050762,-5.334839,-40.659424
1868,176.73389,170.71997,12.972656,37.291992,31.734497,16.97705,10.243599,28.795135,-15.252441
1869,169.12036,169.56104,6.071289,52.54883,24.022217,25.726074,31.22768,45.118835,7.45166
1870,175.00952,163.82812,11.839844,53.591797,21.420898,33.337402,4.7429695,30.932709,-2.5378418
1871,172.0022,163.34888,8.027344,47.731445,18.980347,25.716309,-36.24592,-4.8373413,-37.845215
1872,167.83081,160.79321,0.5605469,30.208984,-0.99780273,1.6669922,-62.014244,-34.946228,-67.616455
1873,177.10986,174.45728,12.047852,49.049805,23.47937,7.574707,2.9914856,12.399261,-28.809082
1874,177.15771,169.28564,18.618164,58.331055,33.58252,29.98877,43.231266,54.446106,13.56543
1875,171.87305,163.28174,11.018555,60.862305,24.43335,41.387695,9.853584,37.243073,2.9487305
1876,176.46606,165.6582,13.347656,51.677734,24.091553,36.510254,-28.222496,9.342163,-20.311768
1877,169.0686,168.53955,6.8564453,38.032227,-0.22839355,7.116699,-55.066544,-30.93399,-48.902832
1878,185.49438,183.61377,11.376953,50.549805,3.4104004,0.56347656,-21.838982,-14.118378,-44.30249
1879,173.69336,170.11987,5.9921875,54.74414,22.698364,17.263672,15.983688,27.912537,-9.48999
1880,159.81519,143.6394,-0.60839844,42.323242,24.010132,39.478027,5.1637917,33.463867,2.303955
1881,171.54736,165.25293,5.3789062,47.23047,28.526611,48.00049,-5.4918594,25.776367,2.0021973
1882,181.25562,174.55786,18.661133,49.841797,23.288452,24.916016,-7.3451595,9.809479,-5.4746094
1883,191.7727,186.4773,15.329102,53.501953,-2.0142822,-5.338867,-44.517128,-30.144104,-48.380127
1884,191.92188,180.00488,15.723633,52.789062,7.0979004,10.462402,-39.978302,-20.525604,-55.20703
1885,178.45508,169.18506,2.8847656,41.398438,22.801758,24.710938,-7.9016037,15.976349,-25.223145
1886,181.30103,178.77734,6.8046875,44.064453,35.087036,48.129395,30.563915,52.57074,21.991455
1887,177.96777,174.17285,6.6132812,56.74121,27.669434,40.50586,31.472706,41.59073,23.097168
1888,180.46582,172.43457,16.085938,50.640625,19.972168,21.833984,-13.636917,-1.9024353,-25.293457
1889,186.8169,171.43335,17.853516,39.15625,2.600586,3.5766602,-67.4603,-34.431152,-65.01611
1890,187.43945,172.00732,17.816406,29.098633,14.700806,3.8242188,-45.837524,-16.821625,-55.28589
1891,176.22461,171.1626,20.154297,40.100586,41.16797,21.944336,37.52969,40.714905,4.0080566
1892,175.09253,159.94775,14.314453,45.541016,37.940308,43.285645,53.738705,55.71341,33.079346
1893,179.33081,167.81226,5.821289,55.996094,27.110474,53.927246,7.579624,24.209778,4.449951
1894,182.96338,165.9685,4.7617188,44.018555,12.880371,38.640137,-45.25082,-10.419189,-34.05371
1895,175.52075,156.50073,-1.7207031,16.410156,-5.977783,-5.6083984,-62.607758,-28.764832,-54.477783
1896,189.3125,179.62793,18.376953,45.124023,14.305542,-4.0117188,-8.765381,6.235199,-26.05542
1897,180.92725,174.4336,14.662109,53.58008,29.342163,16.926758,27.437347,31.38556,-8.572754
1898,179.04468,166.14697,13.53418,51.529297,33.380615,50.270508,13.902229,31.588196,-1.3657227
1899,172.73315,163.84839,1.6425781,43.844727,24.884766,54.41162,-9.202492,15.941162,-9.702148
1900,184.33447,175.70044,8.271484,43.530273,24.58142,46.762695,-0.9336014,18.791199,6.738037
1901,191.92578,174.64209,8.016602,39.83789,8.248047,18.620605,-14.916063,2.2521362,-12.543213
1902,200.32178,184.70386,12.21582,49.657227,3.5091553,4.8808594,-37.32564,-15.72467,-44.938965
1903,200.34717,186.8833,17.944336,49.643555,15.033569,10.897949,-26.647085,-2.6174927,-47.4812
1904,186.64648,178.14648,-2.5986328,36.131836,22.64978,30.520508,0.4096756,20.267883,-7.571533
1905,188.23486,184.83179,10.3671875,50.29004,28.956177,42.49707,29.076908,36.55417,15.635254
1906,173.5149,161.60034,-3.4023438,40.972656,9.653564,28.095703,-2.0241776,8.013245,-10.2751465
1907,188.59961,168.61377,9.388672,42.933594,13.160034,30.887207,-39.914722,-11.38916,-29.749756
1908,192.43481,177.41626,9.029297,29.710938,4.876953,14.292969,-59.94211,-27.011627,-56.230225
1909,186.44434,179.36182,9.417969,35.5459,11.96875,-3.144043,-20.646328,-3.884491,-42.705566
1910,189.54956,181.13843,10.407227,39.612305,11.339355,11.086914,17.291748,20.497955,-11.274414
1911,185.97974,170.00049,6.9521484,44.13086,15.667969,35.561035,6.7769356,18.915619,-3.9545898
1912,187.13257,172.50879,10.364258,41.157227,25.338257,49.06299,-16.413534,6.8399963,-14.354492
1913,180.05176,162.72192,1.0136719,24.740234,15.75293,36.58838,-25.299213,3.0130005,-18.701904
1914,195.28687,180.75659,15.076172,42.73633,24.980469,32.333984,2.5979385,16.10382,-4.723633
1915,196.53223,186.9524,16.763672,51.458008,19.202637,9.900879,1.0474625,2.0829773,-26.47168
1916,196.77563,179.21216,5.060547,44.414062,4.346924,4.159668,-24.915142,-12.948853,-49.21045
1917,193.68896,177.12231,7.8359375,47.301758,19.93103,34.044434,-16.086123,8.944519,-22.499268
1918,184.64551,170.36938,10.457031,45.286133,41.78418,53.496094,20.846058,38.485657,15.888672
1919,177.25732,161.23901,9.318359,35.753906,35.656494,44.33203,39.179707,39.883698,18.979492
1920,-12.667236,23.149414,-61.109375,27.43164,-27.873413,18.395996,-31.458897,3.2241516,-6.092041
1921,-19.450928,15.718262,-61.48535,28.373047,-24.151245,14.400879,6.5784645,29.053925,22.023926
1922,-18.506836,10.26001,-59.624023,33.489258,-23.007935,10.305176,1.0686607,21.821411,4.7407227
1923,-21.989258,2.3962402,-70.5957,29.859375,-27.279907,14.13623,-33.148415,-2.543274,-30.726318
1924,-16.528076,14.4470215,-79.788086,27.21582,-37.678345,6.416992,-56.340996,-26.007874,-45.381104
1925,-0.62060547,34.908203,-59.149414,38.90332,-27.156006,15.720215,-26.38004,-3.1632996,-13.292969
1926,-11.23999,19.66455,-52.95703,40.45508,-20.781006,22.137695,8.881611,27.164368,18.394531
1927,-11.06543,17.514404,-60.523438,40.63379,-23.937866,30.283203,-8.6755905,21.436584,8.170166
1928,-30.862549,0.2487793,-80.63672,19.6875,-40.126587,7.2387695,-44.263023,-4.4803467,-32.619385
1929,-4.1171875,31.263672,-62.61133,42.123047,-18.6156,18.038574,-19.923256,15.579712,-9.010254
1930,-9.057861,30.504883,-59.770508,37.77832,-19.873047,11.081543,-4.5997543,8.8974,-5.3049316
1931,-7.390381,32.74121,-59.342773,57.088867,-19.019165,34.21631,0.5931587,14.457733,6.6845703
1932,-13.286377,20.18164,-68.62695,47.711914,-29.334595,39.524414,-26.022614,10.590607,-2.6975098
1933,-14.134277,19.17627,-67.17578,32.48828,-24.172974,30.902344,-24.698044,16.89569,-3.774414
1934,-16.97998,17.800049,-63.336914,30.231445,-20.974854,16.666992,1.6075974,25.346466,8.532715
1935,-15.072266,20.265625,-62.83008,36.36621,-19.871216,13.186035,12.559284,25.119843,9.569824
1936,-5.11084,28.112549,-61.51465,48.029297,-23.832397,25.299316,-14.750576,6.296234,-9.421631
1937,-6.539551,25.20288,-71.6582,41.493164,-26.65747,34.286133,-37.210213,1.8357849,-15.267334
1938,-14.02417,21.421387,-70.57129,33.317383,-25.295166,31.45459,-22.67443,18.113953,8.075928
1939,-12.541748,26.034424,-62.942383,38.703125,-19.60144,28.42627,8.176949,37.742493,32.256836
1940,-10.619873,21.507568,-55.856445,51.322266,-16.008545,28.083984,8.707439,32.902008,24.618164
1941,-5.671875,18.041992,-56.964844,44.973633,-22.85083,21.105957,-19.123796,5.1358643,-14.113281
1942,-14.69458,12.5529785,-70.6543,36.1709,-27.676147,14.476074,-42.84253,-14.115295,-33.26831
1943,-18.01709,14.875732,-76.12598,33.80664,-31.344849,13.845215,-21.867699,6.158539,-5.7695312
1944,-24.08667,13.284668,-66.759766,40.98633,-20.488281,27.344238,16.359638,41.101135,34.700928
1945,-25.944336,1.373291,-68.700195,39.844727,-28.0177,21.95752,-6.4625854,25.329742,12.640625
1946,-25.509033,1.392334,-73.728516,28.15039,-33.270996,13.9609375,-41.444435,0.53637695,-19.296875
1947,-31.341553,-1.5134277,-77.30078,14.575195,-28.086914,3.8266602,-35.323383,-1.3873901,-23.348145
1948,-21.262451,8.719971,-60.25,25.131836,-16.41394,6.161133,-0.93803406,18.341675,-3.9694824
1949,-16.874756,13.665283,-60.59375,37.847656,-23.846191,15.09082,0.26866913,22.080505,7.7055664
1950,-34.9646,-8.80835,-85.79785,21.489258,-45.075073,7.9677734,-37.46671,-1.5961304,-12.72998
1951,-23.19043,2.901123,-66.23633,26.151367,-30.783936,24.97998,-40.938946,7.249237,-6.2246094
1952,-34.575195,-3.8452148,-73.42578,6.7333984,-26.438965,4.209961,-23.060982,9.107971,-4.3239746
1953,-38.89795,-8.541016,-74.049805,9.770508,-37.123657,-8.282227,-2.263504,8.882294,-2.5544434
1954,-17.506836,9.593018,-65.20215,31.557617,-27.31665,11.637695,0.44019318,18.659943,0.87646484
1955,-18.096191,7.921631,-67.899414,32.82129,-23.460693,21.70459,-19.46613,17.250458,-2.3811035
1956,-32.59546,-1.4707031,-73.26465,8.46582,-25.513672,16.725098,-30.280622,9.464783,-2.5610352
1957,-32.80542,2.5246582,-70.3457,19.313477,-25.04956,6.184082,-7.5654354,14.476959,7.916748
1958,-36.03711,-4.3554688,-72.194336,17.420898,-31.510132,-2.5351562,1.1958885,12.68338,-0.37963867
1959,-19.51709,10.324707,-67.07617,31.421875,-30.178467,20.346191,-12.424776,14.58902,-5.156006
1960,-17.661865,18.42871,-73.583984,34.128906,-28.517334,34.36084,-26.800056,9.995453,-3.6982422
1961,-34.085938,-0.26586914,-79.82129,18.588867,-35.817505,13.608398,-27.583332,3.754547,-4.5146484
1962,-23.462402,12.176514,-66.17969,21.856445,-24.821655,5.4990234,5.027424,18.071075,8.772705
1963,-28.532715,6.2402344,-73.44238,20.357422,-29.17749,3.307129,1.5037727,17.836304,2.1831055
1964,-29.581055,-1.1411133,-76.81445,14.197266,-36.0365,8.736816,-33.266594,-3.262207,-23.093994
1965,-28.733887,4.2175293,-78.413086,17.044922,-42.00305,11.80957,-41.4897,-6.5980225,-23.070557
1966,-31.488037,9.286621,-65.862305,24.376953,-31.671143,14.786621,-11.608189,14.730103,7.178711
1967,-24.6521,16.664062,-59.456055,32.601562,-17.114014,13.895996,14.710663,27.754028,18.752686
1968,-22.665283,11.972168,-64.41406,29.416016,-23.186035,18.976562,-2.7673378,17.908813,0.31201172
1969,-35.025146,-4.4870605,-73.325195,11.390625,-27.425781,15.535645,-35.290802,-0.45257568,-19.723145
1970,-46.45215,-7.5649414,-73.893555,-4.9726562,-28.746582,2.2924805,-26.620626,3.2833252,-14.250977
1971,-32.389404,12.409424,-67.96387,12.026367,-24.12146,4.1606445,7.1344223,22.312653,11.484863
1972,-31.982178,8.695557,-70.01074,19.308594,-30.342773,7.9350586,0.24017715,19.785004,7.4157715
1973,-24.598145,14.129639,-67.56738,25.3125,-29.763062,16.089844,-18.46374,9.0616455,-11.020508
1974,-43.739502,-7.5114746,-82.80469,0.111328125,-42.06433,6.0112305,-41.590027,-7.7639465,-29.35913
1975,-36.97339,2.7634277,-75.9834,2.7851562,-37.84558,3.338379,-15.785458,6.89682,-9.12793
1976,-12.3125,29.914062,-52.76172,24.925781,-12.011475,21.905273,23.767391,35.9653,25.41504
1977,-32.46338,-1.8383789,-81.33301,9.251953,-42.044678,2.362793,-24.127445,-0.94888306,-13.855469
1978,-29.652832,3.0385742,-90.67285,6.0585938,-51.241943,3.7988281,-56.143387,-20.893188,-37.402344
1979,-19.335205,16.529297,-80.93262,6.1660156,-38.995117,14.463867,-36.629616,-1.3967896,-15.716553
1980,-19.47705,24.1958,-65.731445,22.33789,-19.178833,20.654297,10.970039,29.624695,20.43457
1981,-7.866699,28.186768,-53.29883,36.3584,-9.868286,27.53955,24.288902,35.75464,25.702637
1982,-15.997559,13.322266,-63.174805,23.350586,-24.094116,15.911621,-18.956924,5.674103,-8.144287
1983,-33.976074,-6.618408,-84.7334,-6.111328,-37.110596,0.9707031,-40.803905,-11.025818,-30.196045
1984,-11.953613,24.065186,-65.993164,12.538086,-26.758911,14.607422,-12.788935,11.634155,-5.2160645
1985,-23.72876,15.438721,-81.79785,14.109375,-45.608765,2.2226562,-11.151161,4.006012,-4.5861816
1986,-30.619385,5.621826,-79.6875,15.478516,-40.04834,8.12793,-22.057438,0.9375305,-7.6882324
1987,-28.446777,6.1992188,-69.59863,5.290039,-32.89685,11.140625,-40.28538,-7.264862,-23.176758
1988,-17.299805,21.81836,-57.341797,10.155273,-20.423828,13.04541,-28.615095,3.2684631,-12.380371
1989,-26.668701,9.533203,-62.24707,11.896484,-19.862549,10.066895,-2.4348717,16.529114,6.731201
1990,-17.210205,24.33789,-70.91504,27.636719,-32.01233,10.632324,4.275337,14.747833,2.6625977
1991,-27.147705,9.695068,-89.206055,14.212891,-49.954224,12.061035,-33.045334,-4.8565063,-17.36377
1992,-14.848389,17.224854,-95.01074,6.5,-59.49585,16.078125,-59.516243,-10.571777,-19.952637
1993,-6.657959,31.595703,-66.18555,18.330078,-27.14441,17.3042,-16.550676,17.711212,6.809326
1994,-21.58252,17.712158,-64.62793,14.676758,-12.013062,2.1938477,14.700935,23.329315,12.520996
1995,-13.074951,17.115479,-63.22168,15.371094,-21.118652,1.6191406,-1.0012283,3.3377075,-9.83667
1996,-13.812744,17.375244,-77.60254,13.572266,-37.4657,16.789062,-44.09304,-16.741302,-25.999756
1997,-14.796631,15.032715,-82.16699,4.732422,-45.475464,15.769531,-46.162506,-7.678833,-15.839844
1998,-19.981201,12.471924,-82.024414,1.2792969,-43.92981,4.638672,-19.453033,9.5289,1.7817383
1999,-19.83081,9.623535,-80.677734,4.03125,-43.74878,-9.224121,-7.929472,6.6627197,-4.5371094
2000,-22.993164,6.9785156,-85.18164,5.5839844,-47.855713,-4.4907227,-30.382805,-12.007965,-30.315918
2001,-25.626709,5.2731934,-83.333984,-8.001953,-50.91272,-3.9003906,-55.26109,-21.404938,-37.814453
2002,-22.736328,14.0390625,-71.97656,1.0673828,-29.80774,6.3745117,-26.405586,2.3908386,-12.030518
2003,-18.821533,19.419922,-67.52344,8.214844,-23.242432,1.831543,-2.9158173,10.6622925,4.240967
2004,-14.4157715,17.527832,-64.134766,12.800781,-33.691406,6.8393555,-6.8922577,9.548431,1.1445312
2005,-9.068115,17.58545,-68.305664,16.467773,-30.076416,16.63623,-24.920498,1.9122009,-15.92749
2006,-22.677246,7.537842,-78.930664,-3.9326172,-36.594727,8.690918,-43.03769,-3.1832275,-21.885986
2007,-12.696777,23.96289,-60.802734,8.821289,-16.885742,17.275879,2.3716621,24.026611,15.486328
2008,-17.579834,13.791504,-66.56641,13.521484,-19.066895,19.005371,18.07029,29.711517,24.97754
2009,-12.377197,20.408203,-64.94629,22.548828,-19.035889,22.15625,5.605549,22.239075,8.499756
2010,-15.617432,10.927734,-68.8457,12.716797,-25.038452,18.016602,-23.01336,5.0315857,-12.52002
2011,-36.116455,0.3869629,-97.05371,-5.5820312,-37.868652,11.967773,-26.240719,6.790558,-8.581055
2012,-36.269287,4.23999,-74.16699,3.4921875,-14.004395,17.625,19.711578,37.349823,31.76001
2013,-28.207031,10.852539,-77.2207,13.970703,-22.041992,20.555176,20.634254,32.198944,26.221924
2014,-13.459717,19.119873,-83.1084,18.58496,-40.92334,18.87793,-22.61655,3.6272888,-10.866211
2015,-19.51587,19.110107,-83.40625,16.588867,-36.82495,18.820312,-28.452457,3.214569,-11.594971
2016,-42.16089,0.55810547,-87.00586,-6.301758,-36.687744,2.1088867,-15.276012,5.932068,-1.9313965
2017,-29.025879,9.334717,-72.578125,7.9316406,-22.776245,13.894531,21.48742,35.60605,28.71167
2018,-23.333496,13.397705,-70.31348,18.152344,-17.180176,27.577148,9.1574135,23.99887,17.630127
2019,-35.720703,4.7873535,-90.59473,-1.0126953,-46.575317,14.830566,-35.02268,-7.342346,-18.938965
2020,-38.135254,-0.1977539,-97.29297,-16.70996,-42.618286,2.5634766,-30.99157,-7.468933,-19.040283
2021,-31.020752,7.7927246,-80.74121,2.1894531,-25.233643,7.109375,8.235458,22.966888,15.313477
2022,-25.850586,11.73877,-78.49902,0.9970703,-28.383179,-2.508789,6.029682,10.998901,6.4172363
2023,-30.44751,13.4313965,-84.12402,0.80566406,-32.35791,8.638672,-16.212797,-0.3788147,-7.413574
2024,-18.12793,17.099121,-78.240234,4.1396484,-29.278809,19.141113,-22.642187,2.8781433,-7.793213
2025,-35.85669,2.385498,-97.64844,-12.975586,-39.391357,-0.2607422,-15.962078,0.24932861,-9.6796875
2026,-41.82129,-0.7385254,-80.69629,-1.5410156,-29.331055,4.006836,14.628357,22.921997,10.6015625
2027,-32.691162,1.0898438,-75.5625,15.4453125,-23.706299,17.303223,7.833355,22.095581,12.305176
2028,-29.371582,5.2873535,-80.05859,6.4882812,-32.29712,15.681152,-25.906277,4.470978,-10.708496
2029,-31.329346,8.324707,-82.50195,-4.1904297,-30.824951,9.628418,-26.111927,1.490448,-9.661133
2030,-31.456299,11.577637,-84.16016,-0.19726562,-22.784424,9.881348,9.071449,20.594116,14.932617
2031,-24.070557,12.732422,-72.62402,7.9628906,-18.17566,14.837402,31.888042,33.39804,27.151123
2032,-30.158936,3.4958496,-77.24805,5.4453125,-23.255493,17.911621,0.8571701,20.33731,8.335693
2033,-26.668701,2.7514648,-81.8584,-3.7851562,-29.407104,20.214844,-28.898575,1.6215515,-9.26123
2034,-19.743652,14.587891,-77.697266,6.088867,-24.716064,23.901855,-6.328068,18.058624,8.619873
2035,-26.489746,17.132568,-83.2959,12.514648,-23.48816,25.488281,23.48677,36.41815,34.652588
2036,-28.165771,7.755371,-78.55078,9.978516,-29.177734,19.31543,18.237652,30.345276,24.40918
2037,-28.990723,6.489746,-79.81738,7.3027344,-33.32312,17.495117,-13.193546,12.233002,2.496338
2038,-29.115967,8.236328,-75.859375,-1.734375,-22.95691,20.402832,-18.635695,7.1013794,-2.7192383
2039,-18.249023,24.996094,-70.65527,6.3691406,-16.766602,25.442871,11.782944,22.334778,17.047363
2040,-23.01709,21.287598,-77.1582,15.397461,-22.720703,21.884766,30.128788,34.78116,27.276855
2041,-17.464844,18.95166,-80.58008,17.141602,-29.572266,24.247559,8.602112,24.744812,15.410889
2042,-28.07959,13.459473,-84.02246,10.912109,-32.276733,30.669434,-15.140194,18.180359,7.7768555
2043,-27.719238,13.825684,-79.174805,-2.7763672,-34.177612,13.20752,-15.332985,12.302704,3.7983398
2044,-27.346436,13.786133,-76.54492,-4.1757812,-28.832275,2.2329102,7.91457,18.986908,10.439941
2045,-28.420166,13.574219,-78.325195,8.938477,-34.242798,10.671875,11.723923,18.029388,14.165283
2046,-28.63623,4.040283,-95.256836,0.13867188,-46.863647,13.516602,-21.370798,2.5163574,-4.6359863
2047,-37.539062,-3.9331055,-101.00293,-13.950195,-48.95459,12.371094,-28.667091,4.1598816,-10.516846
2048,-31.02002,9.330322,-77.99512,-3.6484375,-31.531616,15.686035,-2.9770966,18.657501,13.161865
2049,-21.76831,12.483154,-73.58789,-3.6445312,-31.484741,3.849121,11.620064,17.461823,14.5546875
2050,-27.375244,9.174561,-84.52051,0.66796875,-36.979614,9.766602,-1.9626617,10.703003,5.305664
2051,-21.716064,15.283936,-85.88672,2.946289,-33.90161,21.25586,-18.772139,8.878571,1.098877
2052,-17.892578,22.30249,-83.49902,-1.3193359,-32.552856,22.31836,-8.8704605,17.963531,7.3896484
2053,-30.45581,14.535889,-89.04297,-6.841797,-33.15027,5.6914062,12.570713,24.680817,17.22705
2054,-15.681152,22.585938,-67.97949,9.480469,-18.748169,14.515625,24.762379,32.50473,25.931885
2055,-19.653809,12.902588,-73.450195,-0.53125,-24.603027,12.553223,-2.9635925,9.267792,0.24633789
2056,-30.229492,5.9379883,-84.37598,-14.856445,-37.181763,8.213379,-29.199257,-3.665802,-15.517334
2057,-29.429688,18.880615,-93.08887,-4.444336,-42.279175,14.083984,-11.102581,11.077484,5.7026367
2058,-24.810303,21.534912,-91.05957,6.524414,-32.310913,19.335938,24.986717,32.587494,34.49292
2059,-25.545898,14.080322,-87.15527,6.1376953,-28.774414,20.278809,13.75071,28.666565,24.284424
2060,-29.36499,7.240967,-87.99805,-6.689453,-31.877808,13.541992,-15.191263,7.846222,0.36108398
2061,-24.91211,14.280762,-84.63672,-18.261719,-24.939697,8.6640625,-8.504066,10.428955,-0.6772461
2062,-19.021729,27.678223,-80.29297,-1.3007812,-20.769043,13.73877,20.082508,31.084106,23.939697
2063,-22.901611,22.97754,-81.197266,9.550781,-27.634888,14.147461,20.071766,28.127777,22.19873
2064,-11.676025,27.25586,-78.41797,12.982422,-24.438477,20.47461,0.48249817,19.127228,9.99585
2065,-22.875244,18.179443,-84.05957,-1.5976562,-31.569702,14.745117,-23.800602,0.16525269,-12.235107
2066,-36.703857,9.077393,-89.97363,-11.754883,-36.563965,-0.18115234,-14.119837,1.3012695,-4.5856934
2067,-27.904541,10.318359,-84.381836,-8.93457,-33.90735,-1.1899414,16.800179,21.640228,18.626953
2068,-31.123535,5.330078,-79.07715,4.1240234,-27.450806,22.311035,16.27753,34.32843,29.665283
2069,-29.323486,5.817383,-84.68848,6.6464844,-36.578247,19.847656,-20.809738,8.282623,-1.3544922
2070,-37.68457,2.4189453,-89.92676,-7.6484375,-41.700195,8.256348,-34.26381,-6.8092346,-13.042236
2071,-31.905518,12.240234,-80.569336,3.4433594,-21.154907,14.333008,12.411579,26.981049,23.131104
2072,-34.79419,2.7910156,-84.21289,0.032226562,-32.203247,6.434082,19.866589,30.326813,24.692871
2073,-28.146973,7.7526855,-83.131836,-2.7441406,-37.438965,8.395996,-3.1078491,16.950623,8.629883
2074,-21.954834,12.204346,-83.4668,-5.1884766,-34.494995,13.185059,-21.135782,7.8439026,-5.7978516
2075,-23.286377,11.5407715,-76.62305,-7.455078,-27.4469,12.442871,-3.656662,17.498474,11.446777
2076,-17.282227,20.978027,-72.50098,-0.82421875,-24.674805,11.964844,20.093945,31.910461,30.582275
2077,-9.747314,28.904297,-75.112305,11.0546875,-28.514404,19.398438,19.165386,36.319275,32.59131
2078,0.10424805,33.14917,-72.55859,8.145508,-29.80188,22.10498,-7.6175556,18.183441,10.829346
2079,-8.723389,23.400879,-83.94043,-15.8125,-40.806396,3.0297852,-25.95055,2.4158936,-4.961914
2080,-19.916504,22.687256,-74.91699,-4.350586,-26.34436,11.375,10.081844,27.50064,26.515137
2081,-20.808594,16.764893,-65.43945,14.208984,-18.574463,16.988281,31.861294,43.50302,44.156982
2082,-23.706787,11.030518,-78.87207,9.90918,-30.653809,14.333008,4.4708977,25.800049,22.008545
2083,-20.132568,17.37207,-79.17383,6.765625,-33.983032,15.192383,-24.66936,6.300598,-0.032958984
2084,-24.197754,15.178955,-82.04492,-4.772461,-36.273438,9.297852,-19.059702,8.441711,-0.06689453
2085,-22.403076,18.159912,-75.20117,-5.213867,-29.397095,0.47460938,12.300037,27.841278,23.276855
2086,-22.654541,17.655273,-74.84863,1.0957031,-31.437256,5.9716797,17.88477,36.52945,32.020752
2087,-20.925049,16.152344,-74.7832,6.873047,-33.208862,15.465332,-11.258356,19.035187,12.59668
2088,-28.0083,8.461182,-83.71582,-2.2402344,-37.96399,18.149414,-29.469744,5.3759155,0.61987305
2089,-21.639648,20.064209,-80.947266,-3.6152344,-35.010254,13.091797,-7.0197334,13.829254,12.201416
2090,-27.415283,14.532715,-89.44824,-1.9960938,-38.581543,10.473633,9.092392,21.637878,21.713135
2091,-21.365723,19.784668,-82.64844,2.6347656,-36.087524,11.547852,3.2597122,21.38321,12.014648
2092,-26.078613,10.313232,-93.362305,-15.4296875,-44.878296,3.1020508,-24.919106,3.9927673,-3.8137207
2093,-34.236816,4.2453613,-89.22754,-20.888672,-40.710938,4.757324,-20.163607,9.1285095,4.1904297
2094,-36.061768,3.5463867,-77.63281,-17.088867,-33.944824,1.7714844,12.323582,21.965424,20.904541
2095,-14.55249,29.301758,-82.65137,6.298828,-33.755493,11.445801,19.79549,27.703949,23.049316
2096,-20.286865,19.300781,-90.72168,-2.0429688,-46.347412,11.394043,-13.513271,8.8619995,0.17382812
2097,-17.355469,22.159668,-85.90527,-14.451172,-33.108887,13.945801,-18.845467,13.273682,-2.232666
2098,-32.755615,7.8515625,-90.953125,-31.109375,-37.298706,-6.239746,-7.3797474,17.749237,6.022217
2099,-22.861816,21.039307,-82.43555,-12.482422,-27.445312,2.0454102,23.677498,34.877502,27.89038
2100,-27.300781,13.396484,-91.80664,-1.3369141,-41.2041,14.59668,11.051731,25.941162,24.366943
2101,-30.191895,10.592041,-101.17676,-4.794922,-56.453857,13.571289,-31.231789,0.7272339,-6.315918
2102,-20.17212,21.63916,-84.68164,-5.260742,-30.371948,18.47461,-8.795252,19.954102,6.458008
2103,-42.925293,4.885498,-98.288086,-27.860352,-44.42993,-7.2470703,-0.94690704,17.23236,13.998779
2104,-34.353516,8.317139,-90.31836,-24.356445,-45.82263,-12.674805,10.617489,21.337738,19.235352
2105,-27.0354,7.9851074,-99.12988,-18.701172,-53.571533,-2.553711,-13.6571865,6.8632507,1.0078125
2106,-20.763916,17.105957,-89.09961,-8.925781,-43.464478,16.110352,-19.983215,11.671814,0.40771484
2107,-22.923096,25.187988,-80.515625,-0.17675781,-32.26111,21.682129,2.6411057,35.921356,25.912354
2108,-14.365723,31.140137,-75.23828,4.6757812,-23.144287,17.912598,34.398975,47.656067,43.625244
2109,-26.942139,23.0979,-84.00781,2.9892578,-36.353638,7.32666,17.611332,33.05478,26.754639
2110,-15.486572,28.465576,-76.70508,-1.3701172,-33.137085,11.339844,-8.455965,18.97519,2.8874512
2111,-26.172607,17.45288,-89.88574,-14.998047,-44.567993,9.23584,-25.041,7.5588074,-1.828125
2112,-36.784912,12.941895,-94.31543,-11.72168,-36.99939,8.586426,5.7151566,29.577637,25.381592
2113,-26.104492,21.72168,-85.37891,-4.5791016,-30.631226,9.948242,27.4762,39.08719,37.645264
2114,-21.833496,22.947021,-82.10156,4.455078,-32.748413,15.917969,11.007568,29.866913,22.344727
2115,-23.871094,14.55542,-90.61133,-17.109375,-45.975464,3.682129,-29.054035,5.672119,-5.852539
2116,-16.990234,27.589111,-84.831055,-17.280273,-31.718384,3.1845703,-8.933655,17.62799,7.4921875
2117,-26.20874,24.527832,-81.543945,-9.969727,-22.904785,11.060547,24.908226,40.828033,36.216064
2118,-19.656006,23.464844,-80.231445,2.665039,-27.329468,19.541016,29.992413,45.214935,43.81079
2119,-4.6330566,32.29785,-80.26074,3.1064453,-37.06433,16.209473,-11.500624,12.539612,7.599121
2120,26.780273,64.0105,-75.08496,2.0761719,-33.16809,15.197754,-19.376873,9.764801,1.7246094
2121,38.82251,76.176025,-65.80859,-3.803711,-23.4375,3.1948242,6.5645065,25.87674,19.562988
2122,67.67212,94.092285,-58.319336,12.856445,-21.36499,13.2421875,33.431263,45.143707,43.488037
2123,78.38867,96.927,-68.0791,11.387695,-32.48694,17.958496,8.915344,28.891663,25.980225
2124,74.14258,91.81909,-73.93359,7.421875,-28.119507,27.660156,-14.12344,18.571564,12.981201
2125,71.082275,101.86987,-62.905273,16.894531,-14.944458,31.473145,3.0192108,32.988495,30.070068
2126,46.98242,79.41577,-66.35742,4.669922,-19.760742,11.524902,28.426136,41.18573,38.084717
2127,45.908936,79.88403,-61.186523,11.256836,-17.693237,12.619141,36.013714,44.145966,39.270996
2128,22.816895,52.25708,-78.82715,5.7285156,-33.738525,8.994629,-6.635277,18.67389,9.486328
2129,7.885498,48.50415,-82.56836,-8.5,-40.276978,6.8632812,-28.853779,9.603516,-0.14282227
2130,-3.1555176,43.138428,-79.194336,-4.4921875,-27.39978,9.084473,-4.793625,22.794983,18.50122
2131,-4.729248,45.726074,-69.96484,8.326172,-20.574219,13.390625,29.586483,44.147186,43.734375
2132,9.236084,53.461914,-61.88086,19.353516,-15.917114,25.08496,30.177242,48.95764,41.252686
2133,-1.8549805,38.12085,-78.71777,-5.9628906,-33.630737,7.9814453,-19.485146,18.046234,6.5476074
2134,-7.44458,36.537598,-84.009766,-15.390625,-32.32788,4.8911133,-12.951286,24.145355,11.039551
2135,-2.4777832,41.87622,-79.71582,-8.386719,-24.72644,8.951172,21.524101,46.128876,34.68335
2136,-14.276855,33.548584,-78.984375,-5.9316406,-28.927002,2.4804688,24.315693,40.772583,32.037354
2137,-20.386475,14.894287,-85.206055,-8.592773,-42.01184,0.88671875,-16.287169,10.3897705,5.0095215
2138,-26.57129,20.532227,-85.61133,-14.6640625,-37.126465,7.7026367,-31.221737,7.4702454,-0.4399414
2139,-16.961914,28.858154,-78.09277,-17.450195,-24.69629,1.6518555,-3.9242172,25.105347,18.046875
2140,-20.10669,30.854004,-81.390625,-0.44921875,-26.427246,9.819824,29.766079,48.7731,44.286133
2141,-12.095947,34.86914,-86.413086,2.616211,-35.22998,12.932617,17.580193,39.43985,36.297363
2142,-23.4729,19.282959,-90.23047,-5.1552734,-41.63916,10.206543,-25.093697,11.082794,6.9526367
2143,-6.887451,34.362305,-74.62207,-5.4277344,-23.31836,21.689453,-9.178038,26.527405,22.947266
2144,-14.984863,27.585938,-78.07715,-18.56836,-23.45459,-1.4448242,12.739346,31.511963,23.865723
2145,-24.613525,18.403076,-85.85254,-10.02832,-31.355835,-4.4379883,25.24002,35.092896,32.0459
2146,-13.81543,26.67334,-81.36621,-4.4072266,-44.869385,4.7924805,-4.4009247,17.865387,12.308105
2147,-14.017822,30.560547,-88.799805,-1.8632812,-44.06604,9.160156,-28.4955,9.807037,2.3154297
2148,-26.652344,18.347168,-86.458984,-21.670898,-32.742798,6.0463867,-7.4602222,26.996002,24.761719
2149,-21.584473,26.762207,-73.97168,-15.563477,-15.487671,9.965332,35.870495,48.258728,47.20215
2150,-16.111328,33.32666,-75.47363,0.43066406,-20.998535,7.536133,30.506847,47.115204,38.06128
2151,-26.98169,18.670654,-90.38379,-9.65918,-41.26172,5.7631836,-13.597507,14.835297,4.3276367
2152,-20.931396,18.190186,-88.01953,-17.535156,-39.479614,11.36377,-21.05608,16.420563,11.436768
2153,-21.597656,26.413818,-84.16797,-17.172852,-34.44629,8.189941,5.280697,32.84668,31.878174
2154,-15.828613,29.480225,-67.56836,-4.725586,-20.994751,13.35498,35.510494,49.815155,49.228516
2155,-12.380859,25.640137,-73.9043,-8.811523,-25.887085,7.3754883,14.006645,30.473633,24.827637
2156,-20.746582,17.237549,-80.91992,-27.332031,-34.840088,6.3310547,-16.359457,17.34732,10.294189
2157,-20.785889,21.668945,-74.13379,-26.845703,-35.015503,8.286133,-12.1178875,22.794281,18.763672
2158,-30.843262,13.784424,-80.72266,-18.117188,-31.50708,2.135254,14.068726,33.131897,31.00708
2159,-36.002686,10.078125,-83.75488,-14.649414,-37.32068,-0.4790039,12.480289,26.86853,24.052734
2160,-19.149902,16.781982,-83.10742,-2.9375,-39.70227,11.575195,-8.466446,20.610352,13.723145
2161,-28.582275,12.246338,-83.049805,-21.78711,-40.22827,6.830078,-20.458675,12.753204,8.124023
2162,-37.824463,9.325195,-78.97363,-28.450195,-34.76013,-5.205078,2.0267944,20.518677,14.76123
2163,-16.119385,27.775146,-71.36035,-15.264648,-24.106934,-4.6865234,29.064075,37.627655,31.303223
2164,-19.2229,25.489258,-74.9375,0.48632812,-34.979126,10.407227,14.616142,33.2399,25.53833
2165,-28.483643,15.079834,-87.91797,-8.821289,-43.00232,7.210449,-24.051853,7.7828674,1.1010742
2166,-30.51587,17.888916,-85.94043,-17.793945,-35.612427,1.4135742,-14.045723,18.581177,7.0473633
2167,-42.53589,9.602295,-81.09082,-24.916992,-31.018677,-8.148926,12.839233,35.281982,25.155273
2168,-37.937256,10.086426,-75.850586,-15.361328,-21.816284,2.209961,31.283695,45.53241,41.88037
2169,-10.1796875,34.531982,-67.78516,7.0146484,-18.75586,26.221191,17.30547,42.868195,34.18628
2170,-27.901855,17.656738,-88.19824,-14.228516,-39.6886,12.495605,-17.172499,20.883148,11.007324
2171,-28.566162,21.715332,-82.95508,-19.810547,-28.889404,6.305664,6.9539833,38.292755,28.839355
2172,-30.389648,25.192627,-77.515625,0.52441406,-21.200195,15.755371,37.830868,52.55005,48.5791
2173,-34.588867,13.616455,-74.93652,-5.4121094,-37.689453,1.3291016,12.6691475,29.335754,25.029785
2174,-32.037598,10.942383,-83.57031,-19.461914,-40.67395,0.17089844,-18.412481,12.989258,2.8068848
2175,-21.329346,28.935547,-77.38965,-19.514648,-34.528076,6.2734375,-10.18277,26.26294,16.863525
2176,-17.671387,36.042725,-74.575195,-3.8144531,-24.31372,14.243652,24.330887,49.58899,46.9917
2177,-16.349365,33.24707,-75.62793,-3.9609375,-28.565674,7.885742,31.451855,47.83893,47.813232
2178,-23.889648,22.427734,-78.52246,3.6523438,-28.096436,15.99707,5.263275,30.650726,28.322266
2179,-32.127686,15.550781,-85.2041,-14.755859,-39.70215,9.330566,-23.912546,17.000946,11.32251
2180,-33.325928,21.582764,-79.328125,-20.805664,-33.4541,-0.42773438,-7.2527256,30.6792,23.16455
2181,-33.047607,20.987549,-76.177734,-21.21289,-30.106445,-8.768066,17.72469,38.899902,36.25952
2182,-43.363037,8.083984,-84.7666,-14.738281,-40.98755,-7.8930664,10.31678,26.684235,22.812012
2183,-47.186523,-4.4726562,-86.42676,-25.047852,-44.05591,-3.2978516,-17.959913,15.016205,0.092285156
2184,-47.127197,3.503418,-83.134766,-31.296875,-34.459473,2.980957,-17.54158,20.19217,7.2961426
2185,-33.337646,17.061768,-70.515625,-9.188477,-21.120728,18.113281,22.151546,51.233826,48.18994
2186,-33.364258,16.63916,-72.55078,4.0458984,-20.423706,17.857422,41.97063,61.443817,59.290527
2187,-33.937744,17.57544,-80.83984,-12.686523,-45.31311,-5.248047,-1.4286346,22.834076,14.046875
2188,-21.848633,26.571533,-78.61914,-15.762695,-41.56018,1.8759766,-30.855434,1.8164978,-4.52417
2189,-30.19751,24.496094,-79.20996,-19.552734,-37.72705,0.2529297,-14.130423,19.837067,7.7790527
2190,-38.634277,20.127686,-79.47949,-10.37793,-35.727783,-4.734375,17.697067,37.531616,31.238525
2191,-22.376465,36.019775,-70.41113,7.3964844,-28.092407,10.986328,32.502323,53.17856,47.266357
2192,-17.89209,31.185059,-72.44238,1.0332031,-34.094116,12.126953,-0.63098145,30.564331,24.109375
2193,-24.72876,27.935303,-82.39453,-5.1689453,-42.117676,6.1015625,-26.188175,12.694702,4.272217
2194,-30.81543,26.195068,-74.96973,-20.054688,-33.14026,-6.2529297,-10.1985035,14.264984,6.916504
2195,-25.719727,33.851074,-66.87891,0.50097656,-22.994629,4.2089844,29.284649,44.06903,37.972168
2196,-20.816895,26.175781,-63.442383,1.7871094,-26.673828,5.8149414,20.163013,44.3407,32.75
2197,-27.313232,22.258057,-78.91992,-10.762695,-42.102905,4.1157227,-19.881775,30.731384,17.28125
2198,-28.073242,23.85791,-77.1543,-21.232422,-36.270752,2.159668,-11.904753,29.797058,17.763916
2199,-27.3208,27.79248,-71.67578,-12.917969,-31.389404,-1.6230469,9.591858,32.507416,25.301025
2200,-34.391846,22.11377,-73.3457,-5.4970703,-31.148682,-3.5996094,12.664581,27.9888,23.117676
2201,-36.105957,14.355957,-86.7959,-10.494141,-40.594604,2.0117188,-12.156935,18.492096,8.633301
2202,-32.275635,21.222168,-78.97754,-10.844727,-33.30652,14.296387,-15.987045,26.016449,13.30957
2203,-32.12744,26.38794,-74.73828,-13.870117,-31.108154,9.039551,8.47057,37.8114,24.498047
2204,-24.786865,39.935547,-65.13965,-0.0859375,-17.892578,11.45166,46.07089,63.00421,54.01831
2205,-20.938232,29.278076,-70.197266,-0.57128906,-30.345459,10.92041,21.00425,46.9451,38.375244
2206,-24.64209,27.872803,-76.82617,-12.943359,-43.449707,8.029785,-29.989471,9.695679,4.3361816
2207,-33.96875,22.80371,-76.490234,-20.707031,-38.39392,0.9995117,-28.496777,2.291809,1.0627441
2208,-28.374756,33.887207,-73.48535,-7.3652344,-31.604126,3.7070312,15.86647,34.145813,27.372559
2209,-29.998047,33.207764,-75.243164,-3.9277344,-31.082642,2.4580078,33.934612,48.26709,36.644287
2210,-14.517822,40.59326,-67.038086,5.0302734,-25.434937,8.956055,21.308456,51.549835,32.450684
2211,-16.520508,36.928467,-74.39258,-9.989258,-35.377686,4.7543945,-19.022633,27.763916,10.113525
2212,-22.95166,34.399414,-70.1875,-17.50586,-30.094482,4.5654297,-3.893671,31.503052,26.301758
2213,-19.531494,41.63501,-70.84473,-5.8964844,-23.449951,9.657715,30.913013,49.762634,45.666016
2214,-9.360596,44.418213,-56.22754,8.287109,-21.982788,17.455566,28.895847,51.588837,46.896973
2215,-19.060059,30.095703,-68.19824,-5.7070312,-33.94934,6.7373047,-1.6775017,29.740631,13.674072
2216,-32.415527,28.886963,-73.91406,-8.420898,-38.690674,-2.525879,-12.136259,27.116486,7.0581055
2217,-29.168701,31.611328,-69.4043,-4.736328,-26.957886,4.458008,20.718761,50.671875,40.36914
2218,-34.559326,24.439453,-70.93457,-2.1044922,-30.317017,-2.1899414,32.35906,54.318848,46.599854
2219,-27.034912,26.350342,-64.305664,5.861328,-23.497925,15.35791,16.153336,49.447754,41.8291
2220,-40.047363,12.275635,-77.41797,-19.97754,-32.710083,1.9384766,-12.641951,28.0224,15.832275
2221,-10.80542,43.641357,-53.44336,0.9863281,-14.440796,11.878418,20.019478,53.871613,37.682373
2222,-16.74707,41.30005,-58.273438,1.8974609,-19.94043,3.8105469,40.055737,59.678406,46.265625
2223,-18.027588,46.775635,-56.470703,20.34961,-22.095459,15.031738,43.80512,65.71936,52.906006
2224,-21.229004,35.902588,-67.71875,13.098633,-26.676636,22.961914,3.981327,49.983063,37.91992
2225,-19.637451,35.069824,-57.46875,8.722656,-15.670288,26.220215,0.5269661,45.810028,36.588623
2226,-32.69507,33.50537,-63.072266,-5.5976562,-20.897705,3.7348633,22.545338,51.365143,41.0437
2227,-41.364014,25.222168,-67.31445,-3.0322266,-22.832275,-2.0864258,41.1441,58.07242,49.248047
2228,-33.490723,29.324463,-73.50195,6.7910156,-36.648315,4.350586,21.596043,51.275085,38.899414
2229,-23.956787,38.175293,-68.72754,11.308594,-30.952026,25.639648,2.1381378,50.59839,39.400146
2230,-29.864014,33.6958,-69.46094,-1.2841797,-27.62268,10.95166,2.1881294,44.890533,36.10254
2231,-31.619873,27.593018,-68.94336,-6.2597656,-24.526733,-1.7324219,34.341022,56.106598,47.26953
2232,-31.032227,28.174316,-61.11621,4.654297,-21.819092,5.1625977,39.106586,60.930206,48.852295
2233,-39.683838,20.682617,-76.82422,-0.025390625,-41.232788,7.055664,2.831955,40.670532,29.543213
2234,-24.855957,34.113037,-64.3457,5.182617,-22.838013,23.120605,5.7755775,54.8237,39.626953
2235,-40.09912,23.000488,-70.52637,-11.765625,-26.342651,4.770508,18.88924,57.00296,45.125977
2236,-32.43164,33.381836,-54.759766,11.71582,-19.009888,8.634766,40.455624,65.88675,57.5791
2237,-33.160156,30.615234,-64.01465,13.947266,-25.63501,10.364746,29.23354,57.970184,47.525635
2238,-23.791016,34.56494,-60.320312,5.4658203,-21.565063,16.236816,8.814438,50.28839,33.656982
2239,-26.601074,34.769043,-68.30664,-0.8330078,-23.309326,10.262207,3.570385,50.663086,33.394287
2240,-20.831787,46.70508,-55.918945,17.268555,-14.2960205,15.000977,40.84357,74.81937,62.28174
2241,-25.418945,36.879883,-58.868164,9.419922,-27.45227,3.3251953,37.01836,60.89377,52.944336
2242,-25.878906,33.028076,-67.5791,9.142578,-27.440063,11.032715,11.847054,50.664825,37.513916
2243,-29.56958,29.188232,-68.3916,-1.4677734,-32.561157,7.385254,-7.176073,36.872498,21.852783
2244,-22.58667,37.976074,-59.57715,-2.2080078,-14.714844,14.822754,31.682446,68.024506,48.836914
2245,-31.024414,32.47412,-62.956055,10.907227,-19.692017,11.134277,53.29214,79.90701,66.490234
2246,-34.05957,31.061768,-66.663086,7.743164,-32.324097,1.8813477,28.334015,57.035126,46.521484
2247,-22.806396,34.72632,-72.13281,6.2197266,-25.971924,15.234375,4.833435,48.7883,36.195557
2248,-35.24243,27.034668,-77.83594,-10.375,-36.158447,5.6689453,-5.2029877,39.67621,25.956787
2249,-15.494873,51.219727,-58.211914,9.639648,-11.165649,12.966797,45.474796,74.08084,57.945312
2250,-27.572021,38.895264,-60.823242,16.132812,-15.369629,19.099121,57.46561,80.468475,71.579346
2251,-20.36621,40.65503,-61.98242,13.0078125,-24.627197,20.106445,23.68515,60.104797,51.094727
2252,-22.904297,36.112305,-70.71094,0.9453125,-28.334106,13.913574,-1.1654015,43.250793,33.552002
2253,-21.243896,42.246094,-61.85254,-1.4580078,-21.837524,10.458984,16.68114,55.550873,42.45703
2254,-25.746094,35.236084,-61.07422,0.62109375,-16.72754,-4.5839844,43.92967,68.28262,50.492188
2255,-21.224121,44.28955,-56.72461,16.558594,-14.973022,14.051758,47.38058,76.3967,61.174316
2256,-22.598633,37.37622,-65.18555,18.05371,-28.374756,15.035645,9.430603,52.672638,34.85254
2257,-25.800293,40.75757,-64.32617,12.053711,-26.44336,19.979492,6.8116684,56.599457,41.468994
2258,-23.958984,45.17334,-49.671875,9.150391,-7.278076,17.881836,46.227238,84.407135,69.86499
2259,-31.659424,32.469482,-63.91992,6.9189453,-20.62854,1.2739258,52.135563,74.08676,59.807373
2260,-28.682373,34.37549,-59.80078,17.530273,-16.338135,15.237305,37.664135,70.79294,54.564697
2261,-29.001465,29.915771,-67.93359,8.357422,-23.425293,16.902832,10.273636,58.194458,39.510498
2262,-25.701172,38.429688,-62.2334,8.052734,-14.567627,18.510254,25.077187,66.160034,53.597412
2263,-25.715332,42.559326,-63.353516,12.6875,-13.026123,11.469727,51.69003,82.72482,71.40698
2264,-22.223389,43.24756,-57.186523,13.53418,-9.374634,9.477051,61.644253,84.47873,67.14795
2265,-24.260986,37.03711,-64.86328,6.321289,-22.282104,6.6816406,20.804993,59.253784,39.00464
2266,-39.900146,32.035156,-76.65039,3.1904297,-30.861938,3.6274414,-2.93853,43.53958,26.046387
2267,-43.220703,30.376953,-70.1582,6.600586,-21.035645,6.6289062,27.65924,62.36087,52.341797
2268,-31.139893,38.735596,-62.40332,13.469727,-15.06665,5.5908203,58.399776,78.277435,68.6333
2269,-21.699219,41.315186,-67.82715,19.637695,-23.828491,9.458984,38.40906,64.27603,53.970703
2270,-19.17749,41.430664,-70.163086,14.4609375,-27.025146,9.880859,8.26944,52.827118,36.746582
2271,-37.4292,24.926025,-72.82422,-12.056641,-23.784668,-8.088379,10.237812,54.540924,35.469482
2272,-29.699463,41.95996,-54.30078,7.0751953,-3.536621,3.3945312,54.401073,79.91281,66.22778
2273,-24.327637,45.63208,-59.376953,28.000977,-7.730713,10.545898,61.32114,81.09677,72.92261
2274,-32.80835,31.318604,-65.94629,24.362305,-24.966553,13.694336,25.447193,60.328613,45.378174
2275,-38.996826,28.661377,-72.788086,18.125977,-30.526245,16.855957,5.3205147,52.279633,37.661377
2276,-31.858154,36.080322,-67.88379,14.12207,-25.404663,6.6435547,16.291576,60.20108,49.406494
2277,-20.665283,50.166504,-53.85254,26.482422,-9.011108,8.620117,52.985844,77.79996,69.1604
2278,-35.875977,26.299072,-64.171875,6.1210938,-32.402344,-16.42871,22.270359,46.961884,35.37378
2279,-45.969727,13.773193,-83.2207,-1.2753906,-47.129395,-17.184082,-10.289053,23.983032,9.747559
2280,-37.345947,25.532715,-76.83008,6.7666016,-25.024414,-3.7421875,7.8356094,43.55893,29.345215
2281,-30.529785,36.220703,-67.387695,17.554688,-19.191528,4.796875,43.979076,70.51547,63.31006
2282,-25.73999,43.76758,-56.88086,25.115234,-20.140991,3.0498047,51.75115,75.70938,70.42505
2283,-25.099121,31.545166,-65.30957,25.171875,-36.07483,2.2358398,6.7311172,51.481506,43.97632
2284,-22.232422,37.36792,-63.76758,15.498047,-26.418335,-0.6191406,-6.073019,40.642548,24.81128
2285,-29.018555,32.57007,-63.362305,-1.0,-22.219849,-8.51709,15.596039,45.277924,28.804688
2286,-22.69751,43.498047,-55.698242,21.03125,-5.2122803,10.42041,65.513214,78.37149,70.9978
2287,-20.957275,40.051025,-64.54297,33.04492,-17.946167,14.803223,60.28802,83.5535,76.16553
2288,-25.998535,29.768066,-77.868164,25.65039,-36.898926,11.773926,12.62402,64.93561,51.86035
2289,-27.171143,30.708984,-71.74512,11.613281,-30.872314,2.0166016,-1.9962387,53.99945,39.050293
2290,-42.947266,22.230957,-72.51758,1.5058594,-29.65271,-18.176758,14.261494,48.714203,38.41382
2291,-42.502686,21.815674,-70.54492,15.889648,-22.901367,-10.133301,34.81721,47.322784,38.634277
2292,-31.197754,33.589355,-64.987305,32.536133,-17.294678,15.9921875,33.425556,55.38919,42.88794
2293,-33.93921,27.057373,-76.993164,27.533203,-31.756592,15.557129,11.363579,54.272003,41.59326
2294,-27.314453,35.604736,-63.1416,21.390625,-21.012573,13.390137,31.065182,73.29202,60.21753
2295,-23.203857,41.821533,-56.59668,25.58789,-17.597534,5.3603516,52.152393,85.72183,71.53955
2296,-34.08252,31.668701,-63.3291,22.188477,-26.607056,-8.443359,36.699497,67.2377,52.499756
2297,-28.080322,33.013916,-64.09473,26.276367,-24.055542,6.234375,8.076771,44.73593,34.38794
2298,-33.931396,29.404541,-65.67676,15.518555,-21.420044,11.226074,11.12999,50.128418,41.670654
2299,-34.401123,36.408936,-67.859375,23.52539,-23.915161,3.1645508,35.750065,62.711426,56.28369
2300,-23.973633,42.73535,-59.34668,32.569336,-23.233032,4.703125,58.259808,83.68387,76.33862
2301,-24.252197,39.127197,-57.881836,31.358398,-24.825684,1.8374023,34.3617,70.46933,60.640137
2302,-26.054688,38.541992,-57.163086,27.782227,-21.073608,6.5566406,5.1064453,45.572083,31.940674
2303,-47.00244,21.822998,-70.944336,14.9140625,-24.575195,2.6210938,19.520767,51.977814,40.84912
2304,-32.806152,41.85376,-56.8916,29.867188,-11.952881,9.48291,57.30051,81.68588,78.41699
2305,-27.968506,38.031982,-59.470703,35.066406,-21.976929,0.08935547,58.345234,76.457794,70.30786
2306,-22.675049,35.594482,-59.7041,27.78125,-31.365479,-3.3168945,17.271194,51.51233,41.29541
2307,-34.0708,36.29712,-57.932617,19.677734,-26.502686,-2.4350586,5.4470024,44.854156,29.08667
2308,-41.012207,32.428955,-54.245117,14.888672,-11.826172,-5.211426,43.76402,69.33615,57.455322
2309,-45.496338,28.381348,-45.47168,23.933594,-3.597168,-0.53027344,73.946396,88.887665,82.18945
2310,-54.75049,12.118652,-61.941406,29.280273,-24.492432,-0.578125,49.8672,67.36423,61.315186
2311,-33.05078,34.409668,-63.55078,26.302734,-33.411255,5.323242,11.99987,46.615417,37.98633
2312,-32.124023,40.468994,-59.78125,17.4375,-26.792847,-4.1757812,10.94569,46.28662,35.398193
2313,-24.21875,50.828125,-46.19043,26.307617,-7.425171,4.550293,58.34232,82.21933,74.27026
2314,-18.222168,55.16626,-36.125,37.838867,2.025879,7.7436523,83.51936,96.39383,90.680176
2315,-31.16748,35.55591,-58.254883,26.732422,-20.596191,-4.382324,41.092632,66.91846,53.075928
2316,-26.157715,42.90796,-58.833008,32.51758,-27.526733,9.67334,16.694984,55.066803,41.553467
2317,-20.98413,54.655273,-59.765625,41.42285,-31.137573,13.649414,18.722145,51.709503,47.44409
2318,-34.33423,41.607666,-54.947266,28.776367,-27.751587,1.4833984,48.427685,68.22659,63.75757
2319,-42.01587,28.864502,-46.362305,25.163086,-4.692505,6.973633,70.242355,88.551056,75.51367
2320,-34.285645,36.144287,-48.3584,27.93457,-8.552368,16.03125,45.500454,80.326324,65.57739
2321,-18.28247,52.775635,-41.416016,29.68164,-1.425293,13.900879,42.57217,77.07669,61.664307
2322,-30.430176,46.05957,-53.2959,19.743164,-24.406128,-8.478516,36.769634,59.37967,49.726562
2323,-28.737549,46.243652,-58.76758,45.42578,-30.38684,11.434082,45.904873,69.75296,70.3833
2324,-38.62451,34.77832,-63.694336,37.03125,-35.534912,6.9052734,29.12392,57.805786,54.120117
2325,-42.120117,32.02173,-53.28418,28.263672,-15.487549,14.653809,36.38577,70.721405,56.40796
2326,-49.383057,32.239014,-45.344727,15.925781,-8.322754,-1.6152344,41.36205,72.09885,58.583984
2327,-46.423584,41.617188,-50.575195,23.93164,-13.035767,-8.596191,54.096935,70.08597,62.913574
2328,-23.862793,49.29004,-48.001953,42.26758,-14.29187,1.4296875,44.087543,68.29083,60.54419
2329,-33.85742,37.2771,-52.82129,25.835938,-25.01941,1.7421875,19.306778,51.7753,40.871094
2330,-44.77246,26.286621,-69.24805,6.4970703,-33.703247,-4.63916,9.499004,49.212128,40.75293
2331,-36.239746,40.060303,-59.39746,20.663086,-18.552002,4.105957,50.843853,78.357086,68.99658
2332,-35.034668,41.984863,-59.14453,29.010742,-22.895264,-9.71875,58.29558,76.01242,66.83887
2333,-29.968994,44.838867,-54.524414,31.472656,-30.510376,-12.19043,23.613365,45.87784,34.2583
2334,-43.899414,24.576904,-58.95996,23.386719,-26.994995,3.3535156,6.2612343,40.70105,30.497803
2335,-37.996094,34.145264,-48.549805,26.027344,-11.82605,14.28418,35.43739,63.63739,61.531006
2336,-39.104492,42.13745,-47.90039,30.348633,-7.4405518,6.791992,69.37785,85.006195,83.12891
2337,-36.06958,40.880615,-50.54785,31.279297,-15.961548,-6.229492,72.934525,83.19516,74.21509
2338,-24.743652,47.86792,-47.38672,42.768555,-21.473022,4.8847656,35.718853,57.763275,44.21875
2339,-32.72534,39.5271,-57.342773,30.53418,-33.98523,-3.7167969,3.31699,31.905548,17.80371
2340,-42.264404,35.27954,-53.245117,27.205078,-29.893799,0.1352539,17.536171,43.921173,45.140625
2341,-40.505615,33.59082,-48.572266,35.129883,-9.707886,8.535156,69.816666,78.96512,84.37427
2342,-29.7771,43.34131,-42.53418,42.901367,-3.1674805,18.60205,74.05861,85.24899,83.56616
2343,-43.89624,21.692383,-64.73828,16.506836,-25.684814,-7.8828125,22.606625,51.47284,37.09497
2344,-33.979248,37.283936,-50.335938,20.510742,-23.31018,-9.739258,20.63004,51.10904,35.621582
2345,-31.503906,43.31787,-53.191406,23.99121,-26.89685,-18.603027,37.504154,54.575775,42.9812
2346,-39.760742,34.318604,-50.8291,30.666016,-27.76709,1.9863281,43.53043,58.022858,63.51538
2347,-51.1062,21.959473,-51.262695,29.983398,-29.927246,10.010254,28.60656,51.624176,55.148438
2348,-47.824707,25.598145,-58.447266,21.983398,-19.439087,7.3061523,30.010029,55.98004,49.264404
2349,-45.147217,35.871582,-55.174805,19.10254,-23.976685,-6.4833984,40.36224,55.983246,47.918457
2350,-45.72705,39.411377,-50.63965,30.794922,-14.841675,-4.2460938,62.620564,71.870575,63.68457
2351,-49.81494,32.31494,-53.515625,40.9541,-30.55127,7.3745117,45.815205,59.53186,59.47339
2352,-43.95337,35.235596,-58.405273,43.757812,-31.944946,21.064453,17.109318,45.720673,45.00464
2353,-53.32788,27.796143,-60.839844,25.80664,-31.456177,14.520996,18.319225,50.27472,48.986816
2354,-45.933594,36.019043,-47.17383,34.598633,-14.498413,14.217773,61.503483,74.16574,76.35327
2355,-50.79541,33.84082,-50.15625,35.435547,-20.65271,-2.489746,62.703587,67.75522,66.17871
2356,-48.755615,26.200195,-54.61621,30.764648,-35.91858,-3.2060547,32.903484,50.71344,43.09668
2357,-50.606934,29.318115,-65.47168,26.269531,-35.90857,5.3598633,15.719158,42.47,33.832764
2358,-54.94751,22.851807,-68.32129,23.036133,-32.771606,4.020508,28.710503,49.894287,47.073486
2359,-42.607666,38.3208,-55.805664,36.103516,-20.26941,11.655273,63.816257,74.497955,74.74097
2360,-40.352783,35.114014,-49.46289,40.064453,-16.040283,11.217773,65.23683,73.65793,72.738525
2361,-49.909424,23.0708,-56.692383,27.086914,-27.029785,2.105957,24.977444,46.50656,38.371094
2362,-51.4917,30.468506,-61.00586,24.870117,-29.375366,8.953125,22.885395,52.71054,44.61792
2363,-43.09375,42.394043,-49.58203,33.416992,-18.233887,12.370605,61.773975,79.459076,77.85132
2364,-45.089355,35.684082,-47.356445,32.960938,-16.127808,7.779785,76.00876,84.713776,81.058105
2365,-29.603027,45.02124,-50.460938,44.624023,-15.706421,19.584473,58.951702,74.476654,68.78076
2366,-32.529785,41.2146,-59.5,32.032227,-27.252563,9.85498,26.937508,49.365265,39.410156
2367,-36.360596,42.85376,-49.910156,24.481445,-19.204956,10.05127,42.633694,58.670288,54.15503
2368,-22.073242,59.096924,-31.961914,46.657227,2.7851562,22.39746,89.5332,93.910736,94.88867
2369,-36.918457,39.806396,-49.126953,34.64453,-18.121704,1.0087891,65.051605,70.58438,71.55884
2370,-27.170898,50.29834,-48.411133,40.836914,-24.914917,10.197754,31.517406,53.681824,51.318848
2371,-22.92627,55.59204,-51.65918,31.779297,-33.55847,3.4326172,13.808861,45.60901,36.097168
2372,-34.63159,50.253662,-58.67285,26.11914,-33.04944,4.3305664,42.57658,64.98294,62.441162
2373,-33.631836,50.34424,-47.188477,45.92578,-17.456665,18.870605,80.93129,90.029205,94.45288
2374,-26.184082,56.840088,-39.737305,50.691406,-19.55017,13.555176,59.118267,72.42209,74.2063
2375,-31.336914,45.40381,-60.453125,29.78418,-35.350952,-2.4516602,14.424557,42.046234,33.09668
2376,-36.121094,44.531494,-61.405273,16.634766,-39.572388,-13.230957,12.883633,35.079834,23.66504
2377,-27.834229,56.551514,-52.36914,40.612305,-29.943481,6.385254,52.74043,66.45151,66.51099
2378,-34.885254,48.80298,-52.25,51.41504,-30.865356,12.716797,60.916767,72.14322,76.072754
2379,-31.568115,44.934082,-46.26953,52.36035,-25.447266,21.054688,42.16934,60.273193,64.3186
2380,-39.55371,39.666748,-53.61035,32.07422,-27.597656,4.038574,16.967995,37.52408,37.208496
2381,-43.90747,40.479004,-48.851562,30.310547,-27.461304,-6.010742,33.397152,41.3721,40.08716
2382,-47.146973,37.196045,-55.023438,38.868164,-34.743774,-7.845215,53.69279,50.611694,54.31665
2383,-33.37793,45.597168,-46.382812,61.500977,-37.29309,14.016602,50.801334,61.405853,67.17627
2384,-41.7417,39.43799,-62.63379,58.57129,-41.879395,26.269531,20.655823,52.182556,54.132324
2385,-35.107666,48.70703,-54.61621,48.41504,-37.729736,19.32129,15.303261,42.298004,50.634033
2386,-40.66748,43.81543,-49.081055,27.769531,-25.543701,-6.6899414,45.59537,45.815216,48.772217
2387,-32.73755,45.898926,-47.45996,42.027344,-21.837646,2.2963867,67.871185,61.848694,58.993164
2388,-34.888916,36.470947,-49.52246,52.598633,-19.515137,19.719238,59.130077,66.48813,62.34204
2389,-37.00537,37.55713,-53.095703,47.853516,-27.103638,21.398438,29.63802,55.744873,50.19751
2390,-35.553223,46.53125,-54.706055,52.103516,-25.184326,25.403809,43.54607,64.169586,65.58496
2391,-30.343262,45.4021,-48.223633,55.083984,-31.436157,14.012695,48.686672,55.82321,66.66382
2392,-25.668945,49.520264,-44.45703,57.027344,-29.834595,9.918457,37.361668,38.408844,43.104248
2393,-47.164062,24.62378,-60.19629,36.689453,-31.109253,12.510742,26.82854,38.71176,36.381348
2394,-48.710693,26.20874,-54.8916,27.455078,-22.843384,8.644043,38.99737,58.63739,49.58911
2395,-44.98535,31.078857,-48.71875,30.680664,-15.740601,-0.21435547,70.48633,76.77316,70.512695
2396,-32.196533,44.012207,-37.506836,62.945312,-12.349976,19.088867,79.552505,79.45065,81.51782
2397,-41.770264,27.523926,-50.45215,42.387695,-33.42566,2.381836,26.590153,34.681,32.997803
2398,-42.291748,31.183838,-55.63867,34.213867,-37.718872,-4.04541,-7.338768,9.395355,2.0402832
2399,-50.889893,30.626465,-58.26465,22.634766,-32.266235,-1.1508789,14.37215,23.405243,18.323242
2400,-55.104736,28.796143,-47.589844,37.58008,-15.957397,11.072266,72.70836,69.20508,72.36084
2401,-43.917236,36.710938,-39.35254,56.79297,-12.541016,17.979004,84.60693,83.592255,83.68262
2402,-45.222656,35.60669,-48.393555,47.151367,-19.047974,20.048828,50.252132,61.20761,58.28784
2403,-33.99121,46.82837,-43.61621,43.6875,-21.637451,8.041504,20.845524,35.78418,32.59668
2404,-31.153564,52.936768,-39.185547,39.231445,-22.960815,-3.7143555,26.979889,31.365692,32.554688
2405,-41.2937,46.41992,-39.11328,43.990234,-14.3741455,3.7958984,67.14931,56.88507,54.05127
2406,-44.33252,41.16626,-41.0459,56.206055,-11.467041,25.478516,72.014755,76.64188,68.221924
2407,-44.15869,38.442383,-51.91797,50.811523,-25.352661,15.0625,34.705853,52.04709,42.67383
2408,-50.222656,34.559082,-52.54297,41.416016,-25.30957,11.825684,37.132565,50.909332,45.63965
2409,-45.9917,39.590576,-41.405273,45.750977,-19.142578,2.2978516,62.169926,62.693024,58.62085
2410,-54.54004,27.706787,-50.32129,28.447266,-32.73352,-16.819824,49.16209,43.26248,36.9292
2411,-66.53931,8.83252,-60.697266,11.452148,-36.67749,-8.855469,30.87836,39.751404,27.46582
2412,-55.629883,23.525146,-54.566406,33.66504,-26.377808,15.718262,34.01446,53.94226,42.333008
2413,-44.38208,37.559082,-55.572266,35.479492,-28.770752,2.6958008,45.032146,56.647247,52.79248
2414,-44.66577,40.20215,-45.273438,49.47754,-15.466919,11.301758,76.19011,72.21658,70.742676
2415,-49.146973,32.855225,-44.66504,39.46582,-28.124512,-4.21875,49.08398,44.82364,40.793945
2416,-52.878174,24.885986,-52.850586,24.425781,-34.34485,-12.144043,18.368587,29.775421,15.172607
2417,-40.61084,41.04712,-52.469727,27.039062,-25.786499,-0.91503906,28.913921,42.04944,29.299072
2418,-51.284424,33.080322,-61.61328,32.72754,-33.417114,-7.1640625,42.597813,45.195007,44.70923
2419,-39.660645,44.347412,-59.64258,43.01465,-41.0719,-1.6831055,50.744175,47.33481,51.769043
2420,-35.19873,38.14966,-46.61328,46.487305,-26.722534,7.3740234,38.977848,43.68283,34.396973
2421,-44.856445,30.324219,-51.72168,29.125977,-27.483765,-4.227539,17.38182,33.617126,17.425049
2422,-54.54297,30.352295,-49.06543,22.839844,-21.311401,-5.029297,41.455387,49.654938,40.372314
2423,-42.891113,44.276855,-38.819336,35.88086,-19.773193,-5.9453125,66.01082,63.775543,58.880127
2424,-41.96118,36.164062,-60.16797,47.75293,-34.172363,4.7612305,44.67519,45.34076,47.44922
2425,-38.343994,36.54663,-68.109375,40.5166,-51.341553,5.1674805,0.91939163,19.294952,15.2092285
2426,-57.388916,23.144287,-61.933594,25.810547,-40.79358,-5.932617,5.1697464,19.554504,12.0354
2427,-58.650635,22.03247,-51.21875,23.685547,-28.522827,-6.040039,46.111256,48.46768,38.833984
2428,-43.175537,26.358643,-42.05664,31.976562,-20.523071,-9.479492,64.79317,50.831085,45.906006
2429,-54.42041,19.609863,-57.25586,21.779297,-42.39258,-24.77246,13.969372,11.534851,6.316162
2430,-43.96289,30.326904,-59.24707,22.233398,-46.869385,-18.4292,-10.44648,-0.309021,-7.192627
2431,-40.65503,37.016357,-65.89551,24.59375,-50.305786,-13.572754,3.9873886,10.732147,8.398682
2432,-46.0708,34.847412,-57.413086,43.268555,-32.47583,-2.2211914,55.011395,45.437866,41.64966
2433,-48.864502,20.086182,-50.76953,39.635742,-29.993408,-3.5854492,52.733982,43.243713,35.26587
2434,-51.00586,18.4021,-61.04492,27.375,-48.21057,-8.893066,7.2760124,14.57782,3.6762695
2435,-41.113037,28.860107,-58.314453,17.794922,-42.70044,-13.950195,-8.073017,4.1084595,-2.8393555
2436,-39.696777,37.954346,-59.476562,20.302734,-46.687256,-24.791992,11.333775,14.432007,11.26123
2437,-1.3530273,66.12378,-48.86328,34.785156,-43.436035,-18.157227,34.186153,26.124207,21.79712
2438,12.981445,79.31958,-58.77832,50.86133,-39.61438,0.79052734,30.043957,31.576416,19.055176
2439,29.215332,92.14526,-51.29297,50.05078,-37.533813,8.43457,15.85648,27.903046,9.194092
2440,39.76538,104.7146,-40.71582,46.905273,-31.539062,5.7646484,30.233372,38.260376,25.725342
2441,65.31372,120.21045,-32.36035,56.404297,-16.569458,6.0,59.59138,52.078705,46.92041
2442,74.843994,133.17822,-29.298828,65.418945,-20.760498,3.9111328,46.622944,41.169525,37.534912
2443,82.88989,132.36865,-41.260742,44.41992,-47.24121,-13.547363,-2.9765396,2.230957,-10.868164
2444,92.73169,150.87305,-49.429688,46.53418,-37.698975,-1.3754883,9.38044,21.236938,-1.3696289
2445,94.81299,162.3982,-45.279297,61.84961,-31.339233,7.053711,45.42985,49.14392,35.763428
2446,89.17139,150.46216,-37.203125,69.71777,-30.395996,3.1704102,56.7886,52.743988,39.616943
2447,107.26245,159.3899,-26.668945,76.57129,-27.03711,12.844727,35.054928,31.482788,23.076904
2448,104.08667,157.98218,-31.664062,63.333008,-25.870361,10.598145,15.956051,24.404755,11.044434
2449,107.40698,160.36182,-31.216797,50.661133,-27.906128,-3.1762695,21.338848,30.271332,11.650391
2450,114.763916,176.14062,-22.740234,60.72754,-16.313599,-1.1513672,57.359867,52.164734,37.312744
2451,118.80713,178.22534,-31.163086,73.319336,-27.248657,3.1357422,48.450542,45.414734,30.586426
2452,126.81738,177.99463,-19.791016,72.055664,-17.177856,23.319824,30.840458,40.907684,26.535156
2453,124.224365,181.01782,-32.728516,61.484375,-20.54834,19.444336,14.146141,32.55719,15.327148
2454,118.39111,179.35742,-24.14746,57.555664,-20.06897,8.362793,42.64871,51.375427,36.663086
2455,123.65747,184.59009,-19.692383,61.28125,-16.1156,-2.5751953,62.83653,57.01834,42.482666
2456,132.73145,190.52808,-20.667969,70.805664,-19.943726,5.78125,44.043774,37.37683,19.513184
2457,130.40918,180.80298,-24.365234,68.98535,-24.781494,10.439453,13.300274,23.17575,1.6677246
2458,129.35596,190.63257,-21.411133,62.839844,-21.646973,8.056641,23.474716,33.318207,14.194336
2459,124.880615,189.7749,-21.891602,67.13379,-11.601685,7.757324,56.80705,59.726685,46.36328
2460,131.49854,187.09082,-18.523438,81.16699,-9.775879,15.37793,63.564518,60.689148,51.160645
2461,124.3645,176.88477,-25.202148,67.97949,-24.855957,6.854492,24.976337,27.12741,7.8081055
2462,135.49194,190.36084,-24.171875,64.88379,-11.327637,18.967773,24.825089,32.86783,8.870605
2463,140.22754,195.06787,-22.581055,58.3916,-13.709473,13.511719,38.181637,46.826843,30.192627
2464,136.65479,196.3313,-20.328125,67.572266,-11.60144,11.021484,65.83794,64.7518,53.597656
2465,135.22998,184.37988,-18.635742,71.97656,-8.8967285,10.240234,64.50505,60.45804,42.73535
2466,143.16089,196.21289,-19.273438,74.13672,-10.545532,16.135742,26.579147,30.373291,5.1313477
2467,135.00806,193.3252,-28.390625,58.16504,-18.297485,15.800781,14.270882,25.361847,3.1135254
2468,144.16748,206.59814,-20.37793,70.234375,-15.435547,16.348633,52.836346,58.871155,40.960205
2469,143.71704,204.25464,-31.015625,73.47949,-20.24231,13.711426,67.33482,65.738464,49.621826
2470,143.71045,205.33179,-21.811523,82.4043,-12.167114,26.575195,45.855038,49.56555,32.700195
2471,127.605225,186.81152,-30.389648,59.03125,-29.775879,8.558105,5.1660843,13.041077,-10.9021
2472,129.03271,193.34058,-28.042969,62.484375,-15.94458,21.126465,29.18597,39.737274,21.578613
2473,127.198,194.11548,-25.576172,65.2793,-9.850586,13.884766,67.14116,61.805725,49.34546
2474,132.27661,195.16162,-23.609375,74.01074,-15.649658,19.84668,65.31233,62.96039,48.371582
2475,118.17041,178.84302,-44.510742,54.347656,-45.902954,9.758789,5.7267876,16.978455,-0.5136719
2476,123.05713,185.03735,-38.916992,56.083008,-31.961914,4.836914,-0.8809166,8.187775,-12.760498
2477,121.1084,187.19604,-30.131836,58.375,-17.625488,14.599609,34.484257,41.73938,28.932373
2478,126.454834,186.78516,-17.524414,61.612305,-17.983276,6.04541,62.805004,60.946747,45.996338
2479,121.43921,180.44287,-22.774414,63.31836,-9.912231,20.303223,63.941692,67.01254,43.416504
2480,122.02832,180.77393,-36.956055,58.0459,-29.029785,24.929688,22.237381,35.507477,14.147705
2481,122.01514,190.98486,-39.617188,58.20215,-31.618164,15.818359,11.157742,16.941986,4.078125
2482,136.34766,207.36499,-33.029297,68.918945,-26.940552,18.182617,42.75848,42.478363,32.47583
2483,130.9895,190.60498,-35.058594,68.80371,-26.87378,11.481934,49.02651,51.28183,40.302734
2484,121.154785,180.19312,-33.93457,66.22656,-23.776611,8.225586,43.373188,45.19055,16.1792
2485,117.24609,178.88965,-27.886719,60.213867,-21.603882,15.195801,32.624096,40.211,9.280762
2486,134.98633,205.52051,-29.88086,76.69824,-15.957031,27.265137,40.494183,38.820953,17.999512
2487,132.74097,193.96436,-29.05664,70.52734,-28.17871,14.708984,39.557926,37.76584,33.232666
2488,129.57983,184.07495,-33.15625,66.01367,-34.178223,10.8125,27.253784,38.49951,29.275635
2489,127.93555,181.53833,-47.1875,55.18164,-34.69336,4.65625,12.677155,26.202454,1.0266113
2490,132.40137,189.8938,-34.533203,48.347656,-21.001831,-6.4785156,33.325047,40.268097,0.46557617
2491,123.49463,190.87134,-40.126953,52.805664,-24.106201,-2.2460938,49.112354,40.263885,11.538818
2492,129.60693,193.01709,-35.00586,68.62598,-29.314331,23.068848,42.11632,39.194366,33.05127
2493,147.06885,202.29614,-32.47461,67.24414,-35.28418,23.720215,10.685619,27.380157,25.322266
2494,141.35645,198.80322,-38.504883,48.404297,-34.33484,10.306641,1.8562355,27.023926,9.920898
2495,146.27905,213.00073,-38.317383,54.003906,-24.625854,-5.663574,41.787556,45.714233,18.202637
2496,152.11328,216.68018,-32.154297,63.71289,-14.481934,-8.155762,66.97789,48.682922,17.694336
2497,138.90967,203.18262,-38.134766,72.73828,-28.777588,16.444824,42.60581,38.500305,22.090576
2498,133.0044,189.02563,-44.145508,57.876953,-48.962524,21.175293,-11.283342,13.071899,5.088135
2499,137.71997,196.1311,-35.876953,52.856445,-40.038208,19.393066,-12.23172,19.255249,14.114014
2500,139.43018,205.68115,-37.60547,49.40039,-32.271606,-1.890625,35.633823,43.41855,30.57788
2501,148.1604,209.41602,-30.79004,64.768555,-22.321411,-5.2250977,60.79452,51.245514,26.315674
2502,142.18457,196.49658,-39.89453,58.958984,-29.838013,-20.861816,33.960346,23.922577,-13.90918
2503,148.19019,204.60815,-36.469727,61.373047,-32.471558,8.186035,-0.10354614,13.795258,-11.79541
2504,142.11816,196.78418,-38.16992,50.163086,-42.642822,6.2993164,-8.8528385,11.4410095,5.9851074
2505,137.95654,194.21826,-39.936523,53.94043,-40.139526,5.4921875,20.761108,29.720795,30.004883
2506,144.87354,199.39746,-34.98535,54.45508,-38.589844,-3.625,43.46323,42.040222,19.431396
2507,144.55786,194.58618,-34.228516,52.563477,-39.510498,-12.22998,17.62054,20.130981,-17.127441
2508,130.23706,183.18506,-45.174805,30.160156,-43.87451,-33.10742,-3.2016926,-0.05267334,-45.07788
2509,135.3811,193.94897,-35.30078,48.896484,-32.86133,-12.712891,18.797684,23.53189,4.181885
2510,134.19019,190.75952,-32.9541,56.01172,-37.559082,-4.7299805,26.50478,31.07129,24.690674
2511,140.10327,189.75488,-39.77539,53.661133,-40.8302,8.525391,19.080452,32.75943,21.631348
2512,131.7351,178.18726,-52.83203,27.58789,-51.225708,-9.013672,-1.9717636,13.289154,-13.876221
2513,137.57275,193.0625,-37.3584,40.62793,-27.88562,-9.51709,25.74733,28.063904,-3.9313965
2514,132.5852,185.73486,-36.069336,40.251953,-23.556885,-35.13965,43.06499,30.655304,-2.5759277
2515,124.71216,174.57153,-33.75,41.304688,-37.036377,-30.240234,18.704964,18.730438,-0.9501953
2516,134.8562,185.12329,-39.20215,50.18457,-44.89746,-1.6894531,-3.4785213,17.270935,6.317383
2517,129.23364,185.90576,-46.765625,44.04004,-40.241943,7.7524414,5.6087914,27.530426,11.981201
2518,143.00684,206.49121,-44.26367,49.80664,-32.97412,4.8588867,35.833744,43.681732,24.758057
2519,149.7832,205.89038,-42.322266,42.960938,-38.20288,-25.9917,43.14529,28.34555,2.104004
2520,140.95215,191.37671,-41.121094,41.11328,-45.38867,-35.48291,6.8971252,2.8658752,-23.288086
2521,139.02832,188.71826,-38.72168,37.682617,-37.822998,-20.203613,-14.59004,9.49115,-17.743164
2522,135.15332,189.79272,-40.353516,33.65625,-33.95508,-5.458008,6.060692,23.470581,3.4956055
2523,115.55591,178.59644,-42.291992,30.33496,-33.931396,-7.1328125,46.886265,44.97061,24.503174
2524,125.51758,184.26929,-41.729492,40.10742,-35.548706,-5.6152344,48.878765,41.251373,24.144287
2525,141.53345,198.4187,-49.35742,34.789062,-47.914917,-16.30957,9.573162,15.85495,-9.100098
2526,148.41089,198.45264,-50.29492,30.999023,-50.78894,-26.413086,-27.438553,-6.3217773,-36.186768
2527,145.94238,207.09985,-36.99414,30.878906,-36.213257,-36.444336,0.40678787,13.751892,-14.720459
2528,137.02539,202.61157,-37.66211,35.18164,-33.704224,-23.050293,38.150303,36.730957,18.068848
2529,122.64697,175.89331,-43.73242,38.31543,-37.914307,0.6660156,42.94031,46.371216,26.919922
2530,124.41675,181.2937,-51.427734,34.526367,-42.254395,1.5375977,7.1576424,21.574493,-2.300293
2531,123.579346,179.02026,-54.936523,17.41504,-50.971436,-19.166992,-15.031372,-3.0184937,-25.079102
2532,133.28394,194.91895,-51.535156,30.570312,-43.72754,-22.461914,13.437096,19.107117,0.43774414
2533,131.29419,192.22314,-40.78125,39.104492,-34.574463,-27.677246,32.314747,27.94284,3.2805176
2534,137.87036,189.71558,-42.342773,42.314453,-40.841064,-13.803711,18.026134,24.002625,-0.072509766
2535,134.73096,192.83472,-40.649414,41.963867,-28.432617,5.1757812,13.255215,31.656128,8.6813965
2536,123.49121,178.87695,-47.03125,22.03418,-26.143188,0.48388672,34.56062,43.045135,18.779053
2537,124.64307,184.68433,-46.473633,26.375,-33.15161,-15.277344,41.38139,35.731903,16.837402
2538,139.45435,195.594,-40.427734,44.8584,-33.901245,-12.957031,30.23177,25.856812,5.1035156
2539,133.51025,186.20044,-46.149414,40.23047,-30.481201,-12.072266,10.719662,19.824646,-7.723877
2540,132.1416,189.12158,-38.13867,41.500977,-28.654053,3.2788086,16.800343,42.948395,19.641602
2541,131.90454,194.31055,-38.01367,51.78125,-27.126343,8.14209,44.30879,58.7435,46.825928
2542,136.93188,194.9812,-32.253906,49.617188,-21.989502,-1.1577148,51.981106,51.34192,33.698242
2543,140.88599,195.5686,-39.131836,51.396484,-34.120117,-3.225586,17.647457,18.646301,-2.0297852
2544,123.97754,174.2439,-56.311523,26.832031,-49.29126,-23.168945,-25.422993,-16.943176,-48.118896
2545,127.37036,187.55957,-46.450195,35.373047,-26.925049,-5.935547,23.878117,34.99713,5.774658
2546,128.05249,191.66772,-35.41797,52.16211,-19.073486,-0.28808594,65.88292,73.27121,51.46753
2547,117.127686,173.82568,-40.24121,42.373047,-29.426514,-8.124512,51.883457,58.07428,32.950928
2548,133.39209,188.01831,-39.035156,49.720703,-33.581543,-3.9995117,11.319672,24.852081,-1.3376465
2549,120.55615,175.61426,-59.11914,15.978516,-51.78711,-35.057617,-25.286905,-16.603027,-45.631348
2550,128.28174,189.78125,-54.31543,17.933594,-50.73584,-47.5,-4.4161873,-9.455627,-37.08716
2551,135.27148,194.11572,-50.80664,31.21289,-44.735962,-25.486328,28.723923,16.404327,1.6262207
2552,135.57568,183.14844,-43.039062,41.72461,-36.137817,-6.7719727,40.759922,43.78827,20.24585
2553,129.57861,182.48901,-45.58496,29.855469,-39.721313,-23.445312,6.0130844,24.953094,-8.280762
2554,137.30078,192.1914,-38.960938,27.032227,-27.046387,-26.688477,15.213341,27.742096,-3.6274414
2555,129.4497,188.14331,-45.333984,24.797852,-38.645264,-37.885742,20.860165,14.751678,-10.80127
2556,130.10132,187.78027,-55.58496,28.138672,-53.36609,-43.243164,3.3969269,-8.94458,-26.884521
2557,134.20337,189.60815,-52.759766,31.138672,-52.717285,-27.19336,-1.7983704,-1.9768677,-24.885986
2558,123.150635,176.7041,-60.30371,21.026367,-57.608032,-19.96875,-12.089113,6.410034,-16.259521
2559,130.95117,191.81421,-51.17285,30.027344,-47.125122,-15.147949,16.37558,34.625977,14.605957
2560,-105.61719,45.274414,-108.80176,42.416016,-84.25195,-5.283203,24.627235,51.27127,12.7771
2561,-104.30469,47.55249,-105.30859,55.018555,-77.28784,1.1787109,60.644657,78.23233,40.8667
2562,-99.41992,51.280273,-109.82129,63.504883,-85.66333,5.5756836,50.29645,71.098785,37.070312
2563,-97.54492,53.247803,-123.05664,64.637695,-100.65979,13.972656,9.690083,45.904633,17.29663
2564,-107.20972,38.328857,-128.20508,40.75293,-111.15881,-6.473633,-13.819174,24.483826,-9.040039
2565,-96.80469,51.074463,-108.14746,41.754883,-86.07495,-9.463867,35.421177,57.56894,22.297852
2566,-95.50635,52.791016,-101.73926,49.481445,-80.496704,-8.349121,50.537052,65.333496,33.446777
2567,-100.30151,38.5188,-110.85156,40.873047,-96.50122,-11.759277,20.891125,46.691956,11.104492
2568,-109.720215,30.106445,-119.82129,32.05957,-99.708496,-7.8164062,-3.3734512,40.82199,-0.2685547
2569,-101.3501,43.192627,-113.47363,46.36133,-89.16699,2.8442383,13.230129,51.257355,13.918945
2570,-102.83423,50.84546,-107.79785,49.950195,-90.60962,-7.629883,42.375195,60.948578,23.910645
2571,-86.841064,59.027832,-97.25586,61.731445,-78.127686,0.72314453,53.485714,73.80899,33.82007
2572,-103.19141,40.95703,-107.35449,48.52539,-92.86987,-4.7529297,14.790066,47.630432,7.2648926
2573,-100.14966,46.969727,-110.84766,40.671875,-100.74121,-5.7158203,-8.18589,35.413452,-4.918457
2574,-95.44995,53.44165,-108.79199,47.348633,-93.37915,-2.3730469,20.587486,55.06067,15.1936035
2575,-89.427734,59.516113,-99.3457,56.493164,-76.01074,-1.6640625,53.62974,70.234955,28.730225
2576,-92.401855,48.271484,-107.36621,52.124023,-91.355835,-7.6865234,21.732738,49.531464,1.3666992
2577,-91.112305,49.209473,-109.31348,40.34375,-92.099976,-4.692383,2.6846008,41.172302,-4.9882812
2578,-95.17798,52.296875,-114.73047,34.20215,-89.5426,-6.3754883,8.754509,53.351624,10.6936035
2579,-84.531006,65.33032,-104.53223,44.97461,-80.367065,-5.760254,40.444836,69.32254,31.556396
2580,-89.24097,57.344482,-102.26172,53.02832,-90.2146,-10.200195,30.58929,49.549774,13.335449
2581,-102.33862,37.933838,-115.54004,44.680664,-92.556274,-7.951172,13.550308,40.26773,-6.8930664
2582,-93.76807,48.00415,-102.01953,48.350586,-82.29993,15.630859,13.353905,56.883545,12.045898
2583,-108.18677,33.07495,-109.956055,31.396484,-83.86304,-4.600586,27.25816,59.823303,17.85498
2584,-104.8562,37.35083,-108.33887,32.725586,-87.046875,-16.025879,40.56619,66.90045,24.943604
2585,-98.39087,42.590332,-102.3916,41.33008,-88.697876,-11.713867,21.505714,52.361206,10.919189
2586,-102.67578,40.177002,-110.819336,33.39258,-92.22473,-16.937988,-7.2185783,27.117798,-22.142334
2587,-104.29712,42.318604,-110.68555,39.9834,-91.7887,-2.9345703,-3.0413437,36.177124,-14.059814
2588,-112.02588,38.41284,-109.23047,45.07617,-83.62683,4.2958984,35.05409,66.598236,26.199951
2589,-96.86328,48.562256,-94.03027,67.27344,-69.04321,19.473633,63.303196,88.236786,51.60669
2590,-98.916016,35.516113,-107.15625,44.916016,-92.101685,-1.1044922,20.20039,59.61963,15.125732
2591,-97.43237,37.339355,-109.22754,30.141602,-95.15076,-11.722656,-7.9670963,34.52472,-12.16626
2592,-95.238525,49.943848,-104.79297,29.057617,-86.137695,-19.458008,11.425194,46.58435,-2.8747559
2593,-89.158936,59.399902,-97.856445,47.52246,-75.98181,-4.5405273,51.04681,72.473724,28.260498
2594,-100.453125,48.05713,-102.86133,47.614258,-77.77466,2.3603516,46.705814,72.550385,27.818848
2595,-96.36401,50.04077,-105.25781,55.373047,-79.23743,18.393066,19.029636,63.461395,16.499023
2596,-92.67041,48.82959,-108.052734,44.08496,-81.26575,11.263672,9.62912,59.63977,17.70337
2597,-103.85181,46.74829,-103.890625,36.40039,-78.818115,-1.996582,28.497498,66.83539,26.031738
2598,-105.36865,38.474365,-107.45117,33.25,-80.94714,-22.756836,39.7245,56.504364,12.457275
2599,-94.23047,47.812256,-99.51074,56.117188,-79.39746,2.0302734,36.26978,57.072083,7.838623
2600,-102.73901,41.62036,-114.37109,40.320312,-96.89624,-2.1674805,-1.8451767,39.435608,-7.5341797
2601,-86.92212,63.17871,-109.91992,47.932617,-89.46362,9.266602,12.751465,61.809692,21.739014
2602,-79.05762,73.82446,-94.859375,53.448242,-82.25647,4.623047,47.69237,78.02536,43.5083
2603,-94.81372,54.384033,-103.09766,41.59082,-81.57678,-10.068848,41.382336,69.90991,30.340088
2604,-105.32568,41.288086,-107.859375,39.612305,-83.66589,-2.262207,22.059391,58.707977,9.896973
2605,-104.85669,44.440186,-112.31641,24.24414,-92.13696,-1.3032227,1.4674301,40.164154,-6.003418
2606,-99.95068,51.835693,-108.67285,39.489258,-85.96423,-0.06298828,27.09496,62.812225,22.404541
2607,-87.32666,60.73755,-110.39453,44.882812,-90.16162,-8.238281,39.39291,68.19638,33.49829
2608,-81.305176,63.97705,-112.17578,46.68164,-100.32471,-9.584473,17.519707,51.545868,16.905762
2609,-99.626465,44.63501,-122.481445,23.108398,-108.0614,-23.567383,-9.303448,28.979523,-15.801514
2610,-101.28662,40.802734,-117.2207,15.05957,-93.64844,-19.324219,9.081284,41.707397,-2.505371
2611,-98.63965,49.336426,-104.41504,27.514648,-83.44446,-6.9433594,43.39786,72.40512,32.36548
2612,-97.64844,49.16455,-104.711914,41.18164,-80.90979,-1.0195312,49.882114,80.68344,41.815186
2613,-102.680176,40.523193,-113.16406,30.611328,-97.40723,-11.143555,4.4350777,47.21875,7.8410645
2614,-99.53052,47.340088,-121.30371,18.651367,-101.90405,-19.00879,-19.827118,31.131714,-10.203857
2615,-114.89404,35.75708,-125.86328,12.116211,-102.5918,-28.086914,4.0862923,36.85263,-1.8103027
2616,-97.58545,54.01709,-104.22949,44.132812,-77.53003,1.809082,62.413723,89.76645,50.858154
2617,-99.1499,49.57544,-106.12402,49.27832,-86.56323,5.2060547,45.319958,81.043,42.349365
2618,-93.06494,49.00586,-110.291016,44.249023,-92.06006,9.026855,5.332222,59.16107,18.685059
2619,-101.61694,48.60254,-117.40234,28.480469,-96.03247,-10.460449,-11.085426,37.020355,-3.5515137
2620,-96.80762,52.600586,-107.58203,33.09668,-84.3197,-10.010742,28.597584,57.363983,20.246582
2621,-95.703125,49.58252,-107.72949,37.89746,-83.55737,-10.870117,45.66425,63.72647,26.871826
2622,-102.26611,38.356445,-117.39746,39.273438,-93.66919,-2.3769531,26.450893,62.301727,18.854492
2623,-103.84766,43.50586,-117.868164,32.276367,-95.734985,0.69921875,9.754372,62.1427,15.835693
2624,-108.4397,41.250977,-115.7041,15.776367,-99.49353,-15.830078,9.879189,55.227753,15.2771
2625,-106.56494,45.078857,-105.399414,30.730469,-92.51282,-15.316895,31.976559,57.078278,28.247559
2626,-100.72949,44.641113,-109.18164,34.472656,-91.28296,-11.342773,24.842949,44.793243,10.906006
2627,-103.78784,40.82373,-120.69336,30.45996,-97.72803,-7.388672,-1.4362869,36.539368,-5.6274414
2628,-104.55786,41.007812,-118.81152,22.288086,-93.113525,-7.7597656,6.4378853,55.596832,11.6604
2629,-107.67822,37.324463,-119.09375,19.204102,-90.177124,-15.756348,34.102787,74.232025,33.60205
2630,-107.92969,38.303223,-116.86621,28.066406,-89.72998,-13.611816,44.77251,75.839874,42.536865
2631,-107.33862,32.88794,-116.76465,26.799805,-98.79932,-15.850098,4.151329,41.495544,4.92334
2632,-109.224365,36.21924,-114.00488,38.11133,-94.95715,2.288086,-9.580086,37.230194,-1.1716309
2633,-107.14526,48.102783,-120.49512,35.54297,-87.09204,2.640625,17.692074,62.07657,19.296143
2634,-110.67676,44.880127,-113.12598,39.396484,-84.40686,-3.9448242,49.464115,82.968414,45.201416
2635,-102.08594,47.591797,-111.13867,47.6875,-85.48352,2.2539062,44.974667,83.21182,47.418457
2636,-102.0791,40.87622,-120.77539,34.37207,-101.62537,-4.294922,-3.745552,49.02072,8.236328
2637,-107.75806,36.628906,-128.44629,23.489258,-111.15112,-5.144043,-23.5466,32.744324,-5.02124
2638,-114.05737,36.967773,-122.66797,17.50293,-100.91858,-18.339844,8.892349,45.35672,3.9997559
2639,-115.23486,37.551514,-125.30078,28.03418,-95.802124,-23.141602,41.838963,64.22504,27.005615
2640,-119.53491,27.448242,-129.91113,25.134766,-107.49866,-18.39502,17.594257,57.090057,14.631592
2641,-98.646484,45.0166,-124.211914,35.987305,-105.090454,-3.0322266,-5.329458,48.56653,8.700684
2642,-109.55249,42.05591,-128.16602,26.52539,-105.6626,-7.1660156,-4.4937916,44.841797,10.04541
2643,-119.007324,34.891113,-127.4043,21.448242,-103.63965,-20.470703,24.63124,58.338867,23.544922
2644,-112.891846,36.71826,-114.78125,40.91797,-86.350464,-8.093262,47.394444,77.15158,39.784912
2645,-123.04956,24.457275,-123.34766,29.023438,-105.99585,-11.102539,4.7373123,43.59781,8.106689
2646,-116.81494,34.673584,-126.08887,22.239258,-96.49292,-2.7714844,3.5434914,51.24185,14.736084
2647,-111.28223,42.080566,-124.90527,20.324219,-97.6167,-10.600586,19.55914,60.04126,27.432373
2648,-105.77661,52.87671,-111.56836,44.5166,-82.9668,-0.4267578,55.659733,87.958466,56.851074
2649,-109.06836,44.133545,-122.081055,46.671875,-93.45935,0.43554688,34.44695,70.762115,38.696045
2650,-104.66675,43.942627,-122.5791,35.911133,-89.57178,4.908203,8.397522,58.931976,19.572998
2651,-124.11572,27.06665,-128.04785,17.313477,-98.59656,-12.598145,-3.0436745,42.082123,6.588867
2652,-119.29785,36.342773,-122.31543,19.785156,-98.73743,-19.399414,24.522923,55.321106,21.32129
2653,-112.997314,36.322754,-117.118164,30.500977,-87.73181,-12.273926,47.432995,78.01169,40.773926
2654,-112.53125,33.42993,-118.674805,36.085938,-91.79492,1.9702148,24.58657,69.09729,30.384033
2655,-111.98682,35.604004,-126.052734,26.204102,-99.78931,0.032226562,-3.6601505,46.318085,6.168701
2656,-124.72827,25.643799,-132.20215,10.449219,-107.22644,-21.177246,0.081668854,42.922943,4.508789
2657,-121.95947,35.689453,-126.75195,22.458984,-99.165405,-19.509277,32.869877,59.017395,23.409912
2658,-109.75537,45.843506,-130.92773,30.200195,-111.337036,-18.643555,15.455269,47.953186,14.035645
2659,-115.35913,35.704834,-128.76562,23.35254,-106.51257,-14.652344,-1.365139,46.7847,4.4570312
2660,-112.46655,37.65869,-125.66992,21.648438,-100.051025,-8.834961,-2.2718658,52.884857,9.080322
2661,-99.24487,56.664307,-112.83496,33.58496,-88.74707,-2.244629,27.469246,70.3472,37.517334
2662,-95.37695,58.870605,-114.44922,40.804688,-97.97339,-11.522461,30.763721,62.03601,30.106445
2663,-87.582275,55.542725,-114.00488,36.11133,-103.6521,-9.643066,12.214745,48.863037,15.44458
2664,-95.086426,54.73291,-127.32324,31.391602,-105.45178,-10.208008,-9.943661,37.692017,0.20605469
2665,-98.43506,53.88159,-122.44238,27.896484,-99.09094,-9.727539,15.351578,59.651337,18.296387
2666,-107.50073,44.659668,-122.09277,30.401367,-97.78137,-12.77832,34.51678,68.19855,32.590088
2667,-114.18872,32.812256,-122.50195,30.729492,-95.07141,-0.6669922,28.188206,63.44336,32.791016
2668,-109.50122,35.354004,-125.03125,31.725586,-100.55286,0.14111328,-2.9330711,37.83972,3.649414
2669,-109.438965,37.705566,-130.72266,14.65918,-110.09631,-18.98291,-15.18606,27.725739,-9.786865
2670,-94.465576,59.8208,-123.646484,22.804688,-101.37854,-23.554688,18.161163,53.506805,16.781738
2671,-91.67798,61.34497,-112.68652,32.41992,-101.664185,-17.932129,33.813633,66.4212,32.599365
2672,-94.56055,46.86377,-116.98828,33.631836,-105.450806,-14.044922,6.7891693,50.214355,13.082275
2673,-102.916016,39.97754,-118.02637,24.532227,-104.671875,-11.782227,-20.959255,28.843994,-7.720215
2674,-106.694336,40.98755,-124.90918,21.140625,-107.49597,-19.286621,-11.43578,28.290466,-2.1394043
2675,-99.7124,51.331543,-121.48242,28.52246,-95.81787,-17.844238,34.03335,54.11505,27.274414
2676,-112.04175,39.063965,-124.85742,24.716797,-111.54285,-29.16504,24.065495,49.53604,15.737549
2677,-101.7334,44.768555,-126.7334,19.063477,-118.22998,-30.174805,-11.454889,30.462097,-7.1188965
2678,-101.6792,43.337646,-125.55957,17.738281,-114.3418,-20.357422,-21.192535,28.508392,-8.386963
2679,-118.11084,36.53589,-131.03711,17.266602,-109.44165,-12.738281,7.256855,45.84189,18.699463
2680,-115.46582,39.28418,-123.20801,34.779297,-101.67297,-6.254883,34.521336,64.12967,42.126465
2681,-120.331055,32.67334,-123.59961,34.625,-101.18555,-7.4643555,20.990833,50.231323,25.214355
2682,-119.716064,32.97754,-131.10254,26.814453,-106.67297,-11.534668,-8.79571,36.951355,1.1154785
2683,-118.81494,38.76538,-115.74219,13.012695,-91.217285,-24.15625,5.9240036,48.328217,4.5617676
2684,-117.44263,43.27417,-117.725586,19.358398,-94.486694,-18.792969,30.19183,59.076935,27.731934
2685,-113.66968,40.972168,-121.63281,35.731445,-100.6189,-9.763672,34.75082,62.962494,36.249756
2686,-108.88794,43.193604,-124.99414,36.25,-108.12805,-6.0566406,5.677742,48.355377,19.925537
2687,-103.04321,46.09131,-121.78418,28.929688,-103.35535,-10.662109,-13.05707,36.71414,5.9455566
2688,-113.06201,43.122314,-124.40723,24.5,-99.52124,-22.895996,4.268898,41.58664,8.611084
2689,-107.32837,52.966797,-109.88867,29.401367,-87.253174,-31.937988,34.049274,62.81891,22.832275
2690,-113.50708,43.79248,-120.92285,22.58496,-107.15662,-34.02588,6.838711,44.060455,4.041504
2691,-106.11035,49.557373,-129.47559,41.092773,-112.26294,-4.4589844,-18.886806,35.026093,3.1323242
2692,-107.9126,45.581055,-137.0625,23.952148,-113.85559,-9.33252,-23.955414,30.77359,3.7590332
2693,-102.78589,51.877686,-121.32031,31.167969,-101.94238,-11.061523,5.815975,45.226532,25.703857
2694,-103.39868,48.403076,-109.453125,32.100586,-94.14282,-26.38379,23.970276,53.89206,19.523193
2695,-107.51318,35.41284,-122.18164,19.694336,-100.96863,-31.293457,5.933323,43.814453,-0.17163086
2696,-96.864746,44.90503,-117.24902,18.605469,-93.54529,-16.5625,-7.007143,45.531433,-4.1291504
2697,-115.27466,38.907227,-127.51074,13.212891,-104.57312,-20.217285,-5.9275703,44.19821,5.5405273
2698,-107.69458,46.51001,-121.33789,38.80371,-94.59534,0.94189453,30.171322,69.59277,44.822998
2699,-106.122314,49.03076,-119.80371,45.073242,-93.0155,6.9038086,30.910732,69.92572,43.266357
2700,-117.45166,22.686035,-126.45801,13.885742,-112.736206,-23.155762,-20.209877,26.1297,-5.3129883
2701,-111.430176,37.450195,-128.89062,4.852539,-104.467896,-32.242676,-16.360193,35.167664,-9.871582
2702,-103.29077,53.057373,-113.0,15.8984375,-90.7572,-28.013184,20.300282,59.57312,16.540527
2703,-105.96826,43.698486,-120.84277,29.605469,-94.63733,-20.700684,34.872715,67.941864,30.068848
2704,-100.92993,43.207764,-120.015625,45.228516,-95.48987,4.4189453,15.971539,62.848724,28.919922
2705,-116.96582,33.7229,-142.28613,24.041992,-121.197876,-6.069336,-29.806429,28.048737,0.9226074
2706,-116.84302,36.268555,-122.86035,19.716797,-99.74963,-12.380371,-4.844059,43.89383,12.7595215
2707,-109.333496,46.648193,-113.171875,28.37793,-89.87927,-22.838379,33.37325,64.90546,28.845947
2708,-112.833496,38.908936,-121.163086,25.97754,-100.762085,-22.518555,29.213886,65.63629,27.703613
2709,-95.70923,52.366455,-111.87598,42.22754,-96.20715,2.229004,14.137947,64.97214,32.66284
2710,-112.36035,37.19995,-127.60742,22.698242,-104.20154,-5.638672,-13.907181,44.44586,10.471924
2711,-107.66089,44.447754,-130.13574,18.853516,-104.07312,-17.18457,6.418335,50.91098,19.534668
2712,-104.53052,45.024414,-124.06641,23.36621,-98.69336,-22.895996,32.801136,63.589172,33.34619
2713,-115.458984,32.553467,-120.64453,20.689453,-104.994385,-26.936523,12.473492,50.823395,12.736572
2714,-117.833496,23.812256,-126.44043,11.461914,-102.86511,-23.60791,-12.939869,41.883606,-3.684082
2715,-113.60083,39.29077,-123.74805,10.291992,-98.22644,-22.436035,-8.30245,47.74936,6.5620117
2716,-102.81787,55.729492,-115.43848,29.457031,-90.80408,-14.208496,32.63093,72.07999,39.510742
2717,-95.447266,57.151855,-108.46094,37.075195,-91.53418,-10.544922,42.32491,75.83945,45.251465
2718,-100.69287,49.323242,-122.77832,27.021484,-105.39697,-20.271484,0.19957352,49.44992,14.582031
2719,-124.52075,21.327393,-134.48047,-11.714844,-112.35364,-33.88037,-24.961407,37.394867,-3.6391602
2720,-113.092285,43.76953,-118.16504,11.999023,-88.79785,-12.740723,19.406178,67.90112,32.104736
2721,-105.93408,46.97705,-113.68652,27.381836,-80.18457,-10.385742,55.67648,85.69229,51.874268
2722,-102.6543,41.27368,-112.581055,40.03418,-90.85181,-1.2016602,37.63888,72.65567,40.490967
2723,-110.636475,35.384766,-132.74121,24.66504,-102.59888,-4.274414,-1.4451485,52.74231,17.095947
2724,-115.713135,29.845459,-132.11621,2.8359375,-108.284546,-20.447754,-12.7555275,47.627075,12.178955
2725,-107.90503,45.583496,-115.552734,15.850586,-93.79895,-19.029785,26.366848,71.065216,37.67041
2726,-101.593506,51.355957,-112.83594,32.163086,-89.21802,-11.064941,40.839893,74.78421,43.624756
2727,-103.84155,47.0979,-120.03027,30.374023,-94.40173,-10.88916,13.520939,54.513214,19.184082
2728,-115.76758,36.274414,-139.71777,16.507812,-111.92981,-22.529785,-17.711615,34.07498,-0.046875
2729,-119.39819,29.611816,-132.87793,6.524414,-109.37207,-27.22461,-2.6661987,49.72934,15.9123535
2730,-114.71948,39.698242,-124.17676,14.401367,-103.571655,-29.260742,27.393387,64.31958,29.95752
2731,-110.977295,40.613525,-121.833984,21.063477,-106.26013,-30.209473,12.221973,52.53418,15.965332
2732,-112.44531,35.57129,-122.42285,15.6171875,-107.46326,-25.989258,-16.043707,32.367645,-4.8442383
2733,-114.96167,34.33667,-124.399414,3.118164,-109.791504,-28.873047,-14.5268955,37.65927,-1.3085938
2734,-114.666504,36.553955,-126.10742,7.609375,-107.449585,-28.997559,14.11655,62.67633,25.052002
2735,-111.004395,41.89917,-120.793945,18.598633,-102.97156,-31.519531,31.273243,69.3338,31.225342
2736,-96.33276,51.162354,-109.38574,34.18164,-95.579346,-11.424316,14.951523,63.777283,22.175293
2737,-111.34619,31.395264,-130.3711,9.456055,-110.857056,-25.949707,-23.695763,32.26178,-8.142334
2738,-103.43042,46.581055,-125.887695,13.199219,-106.63135,-26.312012,-9.046768,41.8916,3.152588
2739,-116.10132,42.02954,-132.47168,11.508789,-111.30298,-32.54834,15.43721,60.138977,23.975098
2740,-100.94653,48.63379,-121.82715,36.11035,-102.6991,-15.815918,25.321522,71.566315,35.391357
2741,-108.71582,38.062256,-134.44434,20.17871,-113.471436,-23.68164,-11.329248,43.543427,-0.9020996
2742,-119.95776,31.403809,-138.05566,8.755859,-117.03235,-28.594727,-27.062233,34.811005,-7.8742676
2743,-115.43506,40.47534,-134.5293,6.086914,-110.96973,-38.2334,0.32670593,45.650665,10.011963
2744,-100.93921,57.38916,-118.98047,29.740234,-98.03833,-26.072754,29.524174,70.492096,35.109375
2745,-116.406494,38.172607,-131.81836,22.94629,-111.624756,-28.998535,3.1667137,47.559326,9.497803
2746,-104.89136,46.07495,-127.05371,23.262695,-103.43872,-14.899902,-12.15333,49.600403,4.557129
2747,-109.042725,41.875244,-122.06055,13.955078,-96.36755,-18.74121,-3.8876839,55.262573,11.788086
2748,-108.9939,47.099365,-119.87598,21.347656,-91.50745,-24.27539,29.940243,73.226776,31.287354
2749,-104.58887,43.243164,-124.05176,23.198242,-96.45947,-22.44629,31.207012,71.99008,30.172607
2750,-110.123535,35.04077,-130.89258,14.739258,-107.81836,-36.44287,-10.082716,41.00528,-4.479004
2751,-115.4895,30.634277,-129.63672,-0.6796875,-111.19238,-40.995117,-26.766369,25.989624,-19.201904
2752,-111.220215,41.528076,-120.6582,21.295898,-96.66235,-26.399414,9.900379,57.342834,11.378174
2753,-118.9187,35.50122,-126.33301,20.557617,-95.732544,-30.90332,34.372944,71.38779,27.699707
2754,-117.45117,34.71704,-132.44531,20.1875,-110.22644,-33.953613,12.101227,60.16797,14.965576
2755,-111.52222,37.04419,-131.39062,12.061523,-109.951904,-27.375488,-15.699945,45.460083,-1.6230469
2756,-117.4104,34.425293,-130.5332,7.4208984,-102.928345,-25.973145,-10.404848,48.214386,7.567383
2757,-116.99194,40.263184,-127.9707,11.925781,-97.74512,-30.091309,18.293633,62.80014,26.322754
2758,-103.333496,49.25415,-122.4834,32.57422,-95.334595,-16.743652,35.485126,76.54117,37.986084
2759,-107.26758,44.74585,-127.19043,33.887695,-101.57776,-17.816406,5.6704597,58.7576,9.543213
2760,-106.90234,46.842285,-128.7793,21.324219,-105.91223,-19.657715,-16.256662,47.875305,1.3891602
2761,-109.04248,46.647705,-127.41211,9.327148,-95.70508,-29.518066,9.586929,59.946075,18.85083
2762,-97.29468,60.360107,-112.77637,28.597656,-87.47034,-19.239746,38.69762,76.94931,42.757324
2763,-104.069336,49.19336,-124.07715,27.708008,-97.91968,-21.500488,24.322926,63.5347,27.481201
2764,-106.72949,41.02002,-140.13965,13.677734,-111.2832,-26.88916,-12.6409645,41.254272,-3.7126465
2765,-106.93115,44.47412,-129.23438,15.4375,-102.88403,-20.424805,-6.878845,51.79837,6.8066406
2766,-114.59912,40.131348,-117.1084,6.979492,-95.469604,-27.611328,22.319424,70.219604,28.827637
2767,-102.38623,52.213623,-116.23047,22.95996,-93.58508,-26.01416,40.10052,78.28635,34.76465
2768,-99.92993,53.038574,-121.16992,26.410156,-98.80176,-19.013184,13.8296585,62.056305,24.814209
2769,-96.00659,53.378906,-121.484375,24.216797,-97.70569,-16.950684,-6.6696987,53.747833,14.634277
2770,-109.24097,49.871338,-132.07715,13.417969,-103.4126,-33.277344,-1.5522575,50.25888,5.663086
2771,-114.54199,41.891846,-132.44922,11.078125,-99.26123,-32.5708,28.203682,70.8179,29.765625
2772,-105.67505,48.098145,-123.89453,29.176758,-96.97107,-19.952148,26.47084,76.13217,35.63159
2773,-106.93652,45.919678,-125.08203,33.779297,-105.851074,-15.299805,-8.013695,52.07968,13.41748
2774,-115.36426,39.0,-132.75293,20.57129,-103.77893,-24.183594,-12.404417,50.232086,9.428711
2775,-112.62402,43.01831,-136.2627,15.811523,-102.770874,-31.388672,9.797913,59.241333,22.603027
2776,-102.82495,48.625244,-131.02637,28.573242,-94.59192,-24.45459,30.58807,71.66885,32.31714
2777,-102.589355,48.506348,-125.01465,25.589844,-107.47412,-29.868164,3.289116,49.220306,5.776367
2778,-110.18286,38.346924,-131.86621,13.296875,-112.89819,-27.67334,-23.119598,38.978363,-1.1713867
2779,-113.55249,42.072266,-128.73438,16.405273,-95.99927,-23.074707,4.7260246,61.133636,21.861572
2780,-112.92432,44.88916,-123.44531,17.11621,-95.38049,-34.09619,24.667812,65.78165,30.093994
2781,-117.365234,33.767334,-137.75586,8.192383,-110.74927,-44.648438,17.872429,53.365326,14.418701
2782,-105.33838,44.709717,-130.27637,23.138672,-106.61377,-25.061035,-8.072739,44.71231,5.831543
2783,-120.450195,32.7583,-149.89746,4.8066406,-113.91809,-30.434082,-20.229416,41.7265,1.6650391
2784,-120.08496,41.1604,-134.61914,4.8789062,-101.427124,-27.103027,17.83805,69.24548,29.393799
2785,-110.45288,51.87793,-118.8291,23.82129,-87.32129,-22.05957,52.495716,90.585724,52.603027
2786,-116.72388,45.97827,-129.31934,22.963867,-96.63916,-27.733887,23.486744,65.53839,20.560059
2787,-112.82544,45.10791,-136.32422,20.685547,-110.05835,-24.920898,-10.356583,45.74295,-1.0861816
2788,-111.20361,51.284668,-137.5918,19.572266,-110.04382,-18.186035,-5.896124,57.70352,15.394531
2789,-100.47046,59.490723,-122.84473,22.664062,-87.65271,-16.095215,44.65962,92.64975,50.38257
2790,-109.88696,45.354004,-118.50781,19.492188,-91.12781,-24.779785,50.813686,89.81735,46.672607
2791,-106.1687,40.57422,-126.13086,17.238281,-94.8728,-17.855469,28.915623,77.92294,29.982666
2792,-107.995605,40.169434,-134.9961,-0.017578125,-115.39661,-34.381348,-17.701048,39.564545,-9.066162
2793,-96.35449,58.67749,-127.112305,19.43164,-95.22363,-14.650879,18.602592,70.89963,31.365479
2794,-92.94678,57.625,-116.45703,26.174805,-88.31995,-16.856934,51.93735,97.39023,57.280273
2795,-74.42407,66.428955,-109.115234,29.08789,-80.50061,-5.9560547,53.852863,99.27945,61.128906
2796,-61.584473,74.29834,-112.603516,19.543945,-81.978516,-5.227051,22.736305,81.21353,32.536865
2797,-55.717285,84.40723,-115.7334,16.148438,-84.40259,-14.495117,17.567265,73.32425,22.506592
2798,-53.71924,93.302246,-120.603516,17.725586,-88.25195,-22.907715,36.665714,79.66159,31.306396
2799,-59.296875,87.87695,-123.56641,33.47461,-98.807495,-19.4375,42.762905,82.98654,41.62378
2800,-67.83447,73.17505,-129.36035,28.58789,-100.52576,-13.709961,25.179844,74.38217,34.845703
2801,-75.31543,65.50757,-124.25195,12.438477,-94.059204,-19.434082,7.993328,67.5737,22.110352
2802,-82.078125,66.63965,-123.600586,13.7421875,-88.89075,-20.317871,20.70755,74.177216,31.583252
2803,-93.17676,54.860107,-128.68652,16.824219,-95.53357,-25.338867,34.686146,79.9664,38.95288
2804,-99.55493,44.352783,-134.55273,25.319336,-107.90234,-28.32959,22.572128,68.01361,24.105957
2805,-95.349365,48.87915,-134.59375,32.564453,-102.91968,-6.8867188,16.132362,75.27115,30.44043
2806,-109.593994,39.007324,-131.10254,15.5546875,-95.52356,-13.650879,13.566929,74.18637,31.78955
2807,-114.65234,35.77368,-125.75781,1.2099609,-92.487915,-32.120117,25.75562,74.06003,34.61963
2808,-107.69702,43.631104,-118.31055,19.842773,-87.62244,-30.884766,40.639614,73.01511,35.523193
2809,-111.63281,31.638428,-129.58594,25.736328,-97.63757,-19.125,24.731743,66.236664,27.096191
2810,-101.74487,41.16382,-135.15723,17.058594,-100.464966,-7.913086,13.902809,74.44083,34.68701
2811,-107.25391,45.0896,-145.23145,9.722656,-108.71863,-18.29004,15.897289,79.62094,42.791748
2812,-98.81958,55.15869,-131.33496,18.79004,-101.37085,-21.205078,44.679195,91.5925,54.619873
2813,-103.124756,43.287354,-128.14453,19.989258,-101.34973,-28.800781,31.582584,68.65784,33.547363
2814,-97.515625,43.708252,-129.83105,23.24707,-94.08215,-24.679688,7.2870865,51.92505,11.497314
2815,-105.06201,43.454834,-132.9248,22.09668,-92.647095,-16.971191,11.837227,66.72821,31.43628
2816,-104.944336,47.698242,-128.30957,29.232422,-85.31909,-8.018555,53.75234,105.117645,67.79468
2817,-103.60132,49.690918,-126.100586,28.419922,-94.69861,-21.86914,60.600872,101.036835,64.488525
2818,-97.90625,44.66748,-127.05762,20.975586,-91.30481,-21.483887,41.35979,86.213715,44.998535
2819,-111.57178,33.412354,-145.62793,18.79004,-107.92346,-16.86621,-5.087311,57.932373,19.141113
2820,-94.7312,53.379883,-128.5498,18.300781,-102.16565,-20.177246,-3.9053593,48.91739,16.386963
2821,-92.350586,67.081055,-121.069336,35.265625,-93.427246,-25.199219,36.645405,71.290985,35.856934
2822,-100.33765,57.62451,-128.00684,42.529297,-85.58826,-14.649414,61.089848,99.05563,59.15869
2823,-116.17407,35.950684,-138.01074,24.86914,-101.086426,-18.726074,32.94061,86.11075,42.261963
2824,-120.81421,26.795654,-140.91797,4.251953,-107.353516,-34.754883,-0.9747391,57.723938,16.856201
2825,-124.520996,29.997559,-130.88086,6.107422,-99.79541,-38.90332,9.84264,54.861572,20.866455
2826,-126.79785,26.782227,-131.19434,14.206055,-104.56287,-36.999023,27.640606,59.45279,26.922363
2827,-108.86426,39.809082,-120.32715,38.6875,-95.8136,-14.078125,42.47864,76.16641,43.426758
2828,-116.78711,33.8042,-143.60352,19.02246,-109.776,-16.264648,18.176567,73.964264,35.593018
2829,-104.100586,46.40381,-138.16797,17.38379,-98.152466,-10.643066,31.40852,91.50455,51.82544
2830,-125.45044,28.158203,-141.43848,1.7617188,-104.85681,-34.583496,35.524776,81.72281,47.648438
2831,-114.29907,36.72168,-131.22852,18.359375,-96.5509,-30.182129,39.082928,76.45517,45.997803
2832,-127.206055,23.311768,-134.10938,19.4375,-99.5863,-23.635742,18.019444,61.96103,22.745361
2833,-133.80078,18.646484,-150.125,8.185547,-108.60889,-26.46045,5.117481,60.665955,15.408936
2834,-129.59937,24.258545,-146.69043,8.029297,-99.89221,-22.019043,34.905888,84.439545,49.087646
2835,-122.38696,29.858887,-136.90918,11.34668,-96.80188,-30.197266,54.230152,94.51773,57.48999
2836,-113.92651,37.602295,-129.56348,18.800781,-96.489624,-25.050293,44.54175,86.025055,47.47534
2837,-103.586426,46.64453,-129.35938,16.161133,-99.76172,-16.611328,14.42252,69.737946,27.353516
2838,-107.875,40.368896,-142.57227,4.951172,-104.37915,-23.71289,7.6024857,66.71173,27.178223
2839,-111.67505,45.24707,-143.4541,8.618164,-104.37952,-22.662598,36.919262,84.38492,54.41797
2840,-112.23657,45.15088,-145.11523,16.495117,-106.505005,-20.480469,55.427197,98.5571,67.39087
2841,-110.71289,38.521484,-144.21387,21.047852,-107.68787,-15.508789,35.04629,80.92709,45.486816
2842,-109.55469,39.498047,-139.70605,10.916992,-106.724,-18.464844,7.0629196,63.54303,21.06665
2843,-111.00098,41.32422,-140.59961,2.5332031,-97.099976,-24.714355,25.212303,78.99454,38.130127
2844,-106.999756,51.604248,-135.25,15.669922,-93.671875,-23.891602,57.292614,93.108,62.943604
2845,-115.2605,35.14917,-142.2627,19.65918,-104.85034,-25.188477,47.029003,88.889984,53.659424
2846,-92.34326,55.826416,-141.39062,31.510742,-105.71704,-12.588379,16.467262,71.429535,39.508545
2847,-99.836426,50.287354,-149.84961,10.109375,-108.75549,-25.176758,2.6285515,60.769836,22.400879
2848,-106.295166,50.30371,-138.34863,11.794922,-97.028564,-26.535645,35.28632,86.81113,50.148438
2849,-101.75293,54.61963,-138.34473,19.62793,-97.4364,-26.372559,54.56262,90.66562,58.68628
2850,-91.208984,59.89868,-130.46191,28.580078,-95.184326,-16.245605,40.021076,88.98001,55.029785
2851,-103.440186,46.58911,-155.06445,5.388672,-117.1991,-31.075684,-6.774004,52.62195,15.411377
2852,-90.22778,63.101807,-140.96387,15.211914,-103.46228,-20.066406,23.069733,76.432526,36.707275
2853,-98.33618,56.844482,-139.68652,13.299805,-102.93445,-35.11084,48.030224,89.6835,54.84961
2854,-108.29028,42.960693,-138.57715,16.231445,-106.09473,-32.56006,48.267956,87.74765,54.132324
2855,-105.65625,46.629395,-141.00879,4.9677734,-108.15979,-37.109375,13.876888,64.51083,23.311768
2856,-101.052246,46.76465,-153.8418,-4.4814453,-117.49011,-43.189453,-11.390617,46.275543,3.8552246
2857,-101.63428,50.27661,-140.54102,12.624023,-109.66687,-30.429688,21.644253,71.34146,37.633057
2858,-102.05835,48.02246,-137.74121,19.767578,-103.14673,-28.043945,51.295033,90.42343,58.074463
2859,-96.32373,51.64624,-135.45996,29.365234,-106.88464,-22.827637,36.078487,85.98386,51.113037
2860,-107.51123,34.289062,-150.80664,0.98535156,-126.00256,-38.557617,-13.250145,52.582214,14.966064
2861,-95.99829,50.60132,-146.09375,2.4873047,-113.7301,-41.120605,-3.7419147,52.68634,16.77539
2862,-101.779785,51.05591,-135.69824,5.3408203,-104.75745,-45.509766,27.457806,72.60684,38.69458
2863,-97.28174,51.72461,-135.40137,20.848633,-107.401,-30.503906,46.521923,88.215546,56.59497
2864,-113.372314,32.634277,-155.36816,17.05957,-127.88745,-33.541992,5.251137,67.02908,34.00122
2865,-110.57788,33.72046,-144.9873,8.560547,-120.838135,-29.757812,-6.0349464,60.876007,29.196777
2866,-104.94873,47.13452,-140.26172,-4.055664,-107.311035,-34.745117,16.4733,74.87845,44.88916
2867,-99.36597,54.283936,-134.33496,12.8359375,-108.09912,-39.43994,34.525623,76.1752,47.028076
2868,-93.99072,61.352783,-132.07031,27.455078,-108.32776,-33.590332,28.149117,72.71341,38.26709
2869,-86.38794,62.432373,-145.4834,30.31543,-123.62622,-24.46045,-3.659504,60.330048,26.196045
2870,-90.89502,61.49536,-145.45508,22.112305,-120.71167,-21.853027,3.840088,72.39157,37.22632
2871,-102.45044,52.69702,-145.67676,9.955078,-124.47778,-42.274414,18.649334,72.134674,40.134277
2872,-86.927,62.555176,-133.32422,20.213867,-114.28821,-40.483887,27.992958,69.24927,39.28247
2873,-96.37573,48.862305,-142.19922,10.609375,-125.47937,-44.303223,0.5923538,47.10785,16.191162
2874,-105.48901,42.039307,-153.0459,2.5761719,-124.74646,-36.52881,-12.843472,49.236206,13.517334
2875,-108.163574,46.923584,-145.8711,5.2802734,-118.96924,-35.54834,11.056675,68.61151,32.28833
2876,-105.228516,52.87036,-134.51367,19.36914,-105.87683,-30.16455,47.88277,91.5701,60.901855
2877,-113.50757,39.50171,-143.05762,19.195312,-121.11438,-35.200684,24.952908,72.3555,36.326416
2878,-104.21973,50.65869,-142.38574,18.106445,-126.40369,-30.082031,-7.749525,55.126465,21.759521
2879,-114.28491,42.327637,-155.42578,-4.107422,-129.36536,-46.765137,-28.744293,37.92401,5.034912
2880,-104.18091,52.6438,-140.44531,12.108398,-112.24597,-38.180664,19.452847,67.5607,35.016357
2881,-107.6626,50.39258,-151.99316,12.301758,-120.64795,-41.3833,29.5322,74.29648,39.847656
2882,-104.19458,45.021973,-144.7334,26.217773,-114.68005,-24.854492,24.255905,74.89139,37.930664
2883,-109.12402,39.94629,-140.71582,17.28711,-111.97742,-24.846191,0.014305115,60.90576,20.851562
2884,-128.66138,26.667969,-153.69531,-2.0810547,-130.39172,-39.125,-16.487213,51.263702,16.963379
2885,-118.258545,38.179688,-137.5752,14.862305,-112.45422,-36.498535,22.189438,75.696014,45.88916
2886,-116.553955,43.827393,-137.91016,30.824219,-102.98511,-29.914062,36.03078,82.6857,48.829346
2887,-113.44116,37.703857,-147.20996,23.733398,-113.10852,-23.58789,14.679958,75.79703,32.83374
2888,-108.08472,43.427002,-148.94531,18.767578,-114.79431,-19.933105,4.613613,71.27731,32.769287
2889,-121.91992,34.96338,-156.55664,9.088867,-121.04602,-34.84424,15.247761,74.90634,41.31201
2890,-104.44946,49.074707,-140.97363,19.14746,-119.22742,-33.078125,29.366848,79.0358,49.9104
2891,-109.28711,38.905518,-148.42285,19.81836,-128.79822,-37.958984,0.18452835,58.23944,26.884766
2892,-105.7395,41.212646,-148.83887,15.121094,-125.25635,-33.368652,-9.593967,58.955353,16.795654
2893,-120.42847,34.09912,-154.10742,14.44043,-120.0918,-25.954102,11.592781,76.00784,34.22583
2894,-119.52734,33.53247,-148.17383,18.99414,-112.819214,-31.166016,42.43118,93.92374,57.24829
2895,-111.5166,42.71338,-135.45605,28.19629,-105.74414,-22.135742,51.92484,101.527374,64.49927
2896,-102.08984,44.41455,-136.2793,27.53418,-119.35022,-28.453125,3.4262085,66.0423,28.348389
2897,-114.069336,36.584473,-137.44531,20.983398,-127.40283,-23.585938,-17.73424,58.288055,21.805176
2898,-123.471436,30.134766,-153.14355,15.457031,-126.28296,-32.395996,10.356686,71.46097,36.409912
2899,-123.80054,33.58252,-146.08496,23.069336,-116.496826,-29.057617,45.53879,94.45523,60.796143
2900,-125.31958,25.791748,-150.35059,17.49707,-126.27283,-39.87793,26.984753,77.513824,40.7146
2901,-115.03247,37.58374,-141.74805,14.910156,-124.2959,-33.348145,-1.7381172,62.536682,24.026855
2902,-116.03491,40.096436,-151.68945,1.7519531,-133.01746,-43.523438,-21.889988,51.62152,18.17212
2903,-111.78711,48.363037,-139.21094,20.063477,-120.04321,-34.620117,14.20742,70.39316,43.818848
2904,-127.07544,28.38916,-150.25586,28.118164,-129.04199,-35.964844,24.699043,70.85745,41.51172
2905,-121.06323,32.48462,-147.9336,29.963867,-124.04773,-26.59375,19.658962,72.89847,36.240723
2906,-126.50195,27.500244,-149.0127,12.526367,-123.87732,-31.547852,-0.90748596,64.70184,21.924805
2907,-119.569336,37.62549,-142.30176,7.173828,-120.888306,-42.20215,9.692154,65.625,28.120361
2908,-114.480225,43.229736,-144.16797,14.704102,-123.84009,-43.532715,16.322224,69.31714,36.520508
2909,-115.69946,33.286133,-144.83691,25.424805,-126.12598,-40.87451,13.940441,65.96417,29.710205
2910,-125.50244,26.515137,-151.28125,24.996094,-123.711914,-22.063477,5.304203,70.08371,33.851807
2911,-110.44824,50.138916,-145.65918,29.018555,-113.760864,-8.57373,12.481876,79.11301,46.09619
2912,-118.07617,40.371094,-147.28711,5.694336,-126.51013,-43.864258,14.563606,66.89603,33.71582
2913,-110.92432,55.71631,-139.98438,28.203125,-122.61389,-43.40088,27.272472,72.29428,41.81006
2914,-118.352295,37.849365,-145.84473,30.353516,-127.783325,-40.2417,-3.4733086,55.788086,19.168701
2915,-127.42285,24.82373,-145.52832,18.371094,-118.451416,-29.393555,-10.918291,57.382782,17.817627
2916,-134.85059,23.837402,-138.66113,13.416992,-105.668945,-21.615723,32.246822,95.19217,55.469727
2917,-122.41919,44.372314,-133.02051,35.8584,-90.628784,-6.557617,74.44916,119.943695,88.281006
2918,-118.08057,38.82617,-133.00977,36.82715,-104.72266,-23.302734,46.016094,90.54288,58.529053
2919,-106.68042,42.371582,-141.97656,32.277344,-123.1698,-28.435059,-6.5345764,56.004852,21.159912
2920,-116.34717,34.358643,-153.97754,20.104492,-126.899536,-37.443848,-21.433636,50.384277,12.26123
2921,-116.61841,46.510742,-141.37402,24.151367,-109.37146,-29.617676,28.58479,86.436554,46.191406
2922,-122.05835,34.198486,-143.66309,21.753906,-113.31409,-30.810059,51.10307,99.044464,65.34155
2923,-123.54053,27.22168,-145.96875,28.46875,-115.66199,-20.183594,32.3139,86.21219,50.752197
2924,-120.91504,30.005371,-145.51855,21.129883,-113.694824,-21.73584,2.4927063,66.6936,30.768555
2925,-122.1958,30.829834,-146.39551,8.514648,-124.03638,-43.469727,-10.152393,51.342224,13.714355
2926,-131.81604,24.536865,-150.24805,8.834961,-126.72717,-48.501953,18.679089,67.00485,32.120605
2927,-130.13354,27.044922,-149.67676,28.560547,-121.08911,-24.098145,46.429623,97.19455,65.420654
2928,-127.828125,27.092773,-144.94824,30.106445,-117.064575,-15.437988,28.166378,91.87735,52.070557
2929,-135.90479,21.441895,-148.38086,9.96875,-127.14331,-31.92871,-1.4770966,67.54648,23.931396
2930,-122.71655,34.728516,-136.89355,13.732422,-116.633545,-31.976562,21.674885,78.34183,38.20044
2931,-129.73486,28.456787,-143.94824,21.765625,-119.51538,-38.27588,37.348446,77.22189,41.397705
2932,-139.20984,14.221924,-160.88184,16.30371,-141.50378,-44.4917,9.300484,56.688446,22.849854
2933,-122.535645,34.208984,-160.11621,30.615234,-134.67896,-19.363281,-1.1262665,67.05841,28.146729
2934,-129.55908,23.281738,-166.69336,11.041016,-141.57971,-33.946777,-5.0439587,63.452576,23.948242
2935,-118.62891,34.25415,-147.91016,17.520508,-124.500854,-33.262207,27.519852,81.11984,47.152832
2936,-121.91162,32.245117,-142.2627,26.19629,-122.01514,-29.49414,37.14175,80.299286,53.03955
2937,-116.51172,34.43628,-143.50879,31.010742,-121.473145,-20.15625,17.320972,74.21402,40.315186
2938,-114.19678,38.86255,-144.05176,28.319336,-117.31763,-12.465332,5.0068245,71.50705,37.324707
2939,-124.26611,28.930664,-153.53027,8.5859375,-128.1471,-39.856934,10.214684,66.31796,30.46289
2940,-112.60718,38.004883,-147.25781,25.461914,-125.87744,-30.024414,38.59461,85.70621,52.020752
2941,-115.15332,33.40747,-145.20801,35.195312,-132.22461,-20.283203,25.891758,76.080475,51.305176
2942,-118.295166,29.140137,-150.94238,28.239258,-128.83069,-16.652344,4.728485,69.489655,37.32202
2943,-115.16821,31.013428,-145.90137,18.319336,-122.95557,-23.566406,1.0102844,69.299286,31.309326
2944,-122.82007,34.317383,-142.20605,17.25293,-117.01355,-28.623047,33.392033,81.18057,46.216064
2945,-117.00586,44.928467,-142.52344,33.677734,-111.18115,-16.325684,53.039448,93.36276,64.33838
2946,-118.7041,29.580322,-150.36426,27.668945,-129.82178,-16.027344,21.53978,78.444244,45.49756
2947,-110.20068,47.641113,-132.72363,43.84375,-109.03113,7.0771484,24.48547,92.46384,59.37549
2948,-127.37622,27.112793,-149.04004,19.40625,-116.61536,-14.503418,25.453926,84.65329,49.7937
2949,-129.07227,30.38086,-138.47949,15.404297,-113.45117,-25.751465,47.655552,90.28885,56.465332
2950,-129.70068,24.397217,-134.9248,25.65332,-118.878174,-26.08545,39.183193,82.522,49.701416
2951,-116.480225,28.514404,-142.69727,21.923828,-124.63391,-16.8833,13.190979,70.292145,38.35742
2952,-123.84668,26.11914,-155.07324,8.753906,-134.55493,-30.02246,-4.8785324,61.245544,27.287354
2953,-116.97754,43.596436,-137.39648,29.451172,-116.70886,-17.787598,33.72894,85.47879,57.538086
2954,-121.01807,37.7688,-138.69434,28.65332,-121.30737,-31.05664,40.54414,77.749176,51.088135
2955,-123.754395,26.860596,-144.91211,23.771484,-132.3656,-36.86377,17.90306,59.966858,30.524658
2956,-121.01221,33.966797,-146.57227,23.003906,-130.94275,-26.544434,-1.0759811,57.861847,22.979492
2957,-116.96802,42.14795,-145.02539,25.486328,-122.85535,-22.118164,10.728863,68.52081,36.10791
2958,-127.342285,37.018555,-150.06055,22.69043,-135.49353,-36.35547,22.479576,68.32178,43.468018
2959,-113.40991,41.705322,-141.67383,33.29492,-121.745605,-24.179688,42.64031,80.861664,55.171387
2960,-127.495605,26.432129,-144.78809,23.78125,-124.06738,-22.615723,17.301586,69.17279,37.760986
2961,-123.818115,28.56836,-136.77148,11.517578,-123.61572,-28.984863,9.355576,69.23459,31.891357
2962,-134.3457,23.723389,-146.01074,12.373047,-120.30554,-33.203125,28.975018,79.59976,44.7312
2963,-113.2395,44.193115,-132.81445,33.496094,-118.198364,-29.609863,44.646297,82.421295,52.1687
2964,-114.45117,41.58789,-144.19727,34.70703,-134.41699,-33.09668,16.511608,59.102814,28.227295
2965,-105.17163,47.158447,-146.67969,29.515625,-137.15381,-20.379883,-2.0823174,56.83319,26.426025
2966,-108.374756,50.152588,-141.26465,26.09961,-131.04456,-24.8042,13.402485,66.599,36.340088
2967,-129.24316,33.680176,-145.11328,15.123047,-131.18103,-40.48535,33.228207,74.92734,48.13501
2968,-121.56592,39.885254,-136.4248,23.04004,-113.03369,-28.098633,54.3409,91.15988,60.70581
2969,-105.04297,45.428467,-133.70703,35.310547,-118.20984,-22.541504,16.761887,61.487915,26.735107
2970,-102.05176,53.81665,-143.21484,34.48828,-125.930176,-17.112793,-4.9664936,52.226746,20.8042
2971,-117.84424,47.135254,-142.82812,27.34668,-119.88513,-22.197754,27.161964,73.25638,47.133545
2972,-120.08301,40.630127,-140.40234,29.12207,-114.86511,-23.240723,51.280964,92.39389,68.60669
2973,-124.31665,29.827393,-145.71973,31.875977,-127.21228,-35.381836,26.309883,69.667694,41.68628
2974,-129.98462,29.007812,-147.34082,18.701172,-137.052,-36.702637,-15.039547,40.39435,5.355713
2975,-120.301025,39.4812,-139.33496,15.849609,-124.101685,-37.551758,-6.8600044,45.487274,10.077393
2976,-124.490234,39.178955,-143.14453,21.570312,-129.09912,-38.840332,27.381424,63.87201,35.001465
2977,-118.927734,35.176025,-139.08398,31.166992,-122.180664,-27.583984,49.070965,82.681305,57.1958
2978,-127.00391,32.04126,-152.67773,22.048828,-130.15686,-32.635742,19.557388,66.78848,33.498535
2979,-114.34619,38.76587,-138.3457,21.246094,-118.73059,-27.794922,3.5937576,62.17688,21.91333
2980,-119.535645,42.07666,-140.3623,13.061523,-125.69751,-43.913086,0.38858032,53.99167,16.758545
2981,-116.980225,44.113037,-143.23535,27.169922,-122.84485,-37.66797,23.013035,62.786407,33.432373
2982,-109.3396,41.85254,-138.84766,38.82129,-118.84729,-22.140137,34.374508,70.762665,45.68579
2983,-124.602295,26.503906,-145.80176,22.949219,-127.808716,-30.402344,10.66534,61.506226,26.448242
2984,-117.42212,42.375,-142.07812,24.55664,-112.16528,-22.327637,23.85632,81.161896,40.647217
2985,-124.12012,35.39038,-138.08496,7.0507812,-121.838135,-45.20459,26.124767,71.25699,36.37451
2986,-117.50781,40.815186,-138.20801,19.10254,-128.53882,-39.16211,24.59967,65.07318,37.293457
2987,-114.21362,35.418945,-147.99023,20.831055,-139.25903,-36.20996,-7.983774,35.217987,7.593994
2988,-120.581055,27.674805,-151.7666,10.444336,-137.60669,-31.912598,-14.215776,37.944366,7.338135
2989,-125.78076,27.453125,-143.75977,4.3828125,-117.87781,-28.705078,18.790546,70.279205,41.248535
2990,-114.90405,37.189453,-128.87695,15.286133,-104.815674,-28.531738,60.098896,101.288055,74.58838
2991,-113.796875,30.273193,-134.36035,16.202148,-117.60339,-32.801758,46.25414,90.20621,57.12671
2992,-129.26123,17.095215,-154.80371,8.467773,-143.953,-35.044434,-9.02116,46.05768,14.004639
2993,-117.207275,35.10791,-156.69922,17.555664,-138.60901,-17.178223,-17.25387,40.883087,13.862305
2994,-123.47095,38.331055,-144.33008,28.63086,-123.436646,-8.899414,30.523602,77.44406,58.933838
2995,-134.65869,26.227295,-137.3584,25.15918,-110.86743,-18.535156,61.657513,93.69705,78.690186
2996,-137.1637,22.528564,-137.4873,23.066406,-115.68921,-24.309082,42.792744,77.6481,53.200684
2997,-137.43823,18.101807,-147.58887,10.981445,-129.81738,-30.003418,2.7555695,53.49588,23.355957
2998,-129.61963,33.43579,-134.01074,18.524414,-122.753174,-27.773926,6.1808968,56.807526,25.297607
2999,-133.52454,34.31299,-142.79395,31.228516,-127.93005,-22.17871,29.596844,62.446747,40.42578
