sample,FP1,FP2,T7,T8,P7,P8,O1,Oz,O2
0,144.66748,25.880371,166.11426,0.43847656,86.14819,74.52783,131.64807,42.83145,83.7478
1,146.06128,24.548584,157.69922,4.7773438,73.9458,70.64746,120.5768,32.09082,77.42285
2,152.19824,39.198486,163.20605,17.891602,82.05774,83.90625,91.99425,15.201447,50.253906
3,149.78174,32.01294,158.7627,-5.131836,66.1897,55.63867,51.65228,-23.532837,4.6047363
4,154.73218,44.239014,162.42871,2.8339844,77.220215,45.549316,89.84868,-5.9143066,29.443115
5,142.33398,32.048096,170.96777,14.299805,94.78259,73.427246,142.67242,38.438873,79.586426
6,146.87085,34.10034,169.21875,26.177734,86.083496,87.37158,125.12869,35.5878,80.28369
7,131.94238,11.684082,164.07129,1.8447266,83.72278,81.086914,90.364,17.732178,56.796387
8,137.42676,22.89209,165.02734,-5.892578,79.49194,64.51709,79.6754,3.0143127,39.42627
9,134.4231,25.517578,163.7539,-3.8623047,79.9884,47.67871,99.725586,3.1663513,41.208496
10,150.28247,35.277832,167.59082,7.4208984,80.50806,49.308105,115.424545,10.077393,42.628662
11,147.30298,28.140625,166.73145,17.714844,86.37671,75.81543,109.91435,20.644714,53.713623
12,150.02173,25.26416,161.9541,-5.2783203,80.4823,77.45166,87.14136,13.594086,51.132324
13,130.70264,6.225586,158.01172,-21.921875,80.08374,61.03369,98.716644,12.756073,54.297607
14,141.70532,20.126953,168.07422,-4.9228516,85.72644,57.13623,112.96571,15.221405,60.525635
15,152.15576,15.930664,168.35547,-0.0048828125,80.63867,65.498535,96.65637,3.0015564,44.72168
16,143.27881,-0.6669922,157.14746,-17.35254,77.52405,50.895508,84.0974,-3.8416748,20.92627
17,147.43018,6.6015625,160.07715,-22.726562,77.91284,53.777832,91.89427,12.537079,36.33667
18,142.2937,8.587891,170.85352,-13.394531,88.85718,55.77881,115.16449,27.233612,65.765625
19,160.29834,15.597412,174.25684,-6.826172,78.78491,56.914062,103.453445,6.074463,56.770508
20,149.67969,-6.9125977,157.06934,-21.832031,53.831787,47.828613,58.14828,-25.0195,17.326416
21,150.17456,-11.72998,153.3584,-30.323242,61.967896,45.140137,54.656017,-25.186829,7.890869
22,146.82495,-9.548828,168.59082,-33.75,82.578125,39.262207,92.477005,5.1868896,31.378174
23,142.76562,-8.844482,166.77637,-37.683594,73.154175,29.20996,109.25157,11.217407,41.198486
24,141.44092,-18.634033,164.28125,-36.26953,66.520874,35.768066,88.8929,-6.019226,34.113525
25,149.10156,-9.64917,163.01953,-25.768555,57.35913,53.8833,46.397366,-31.037323,16.285156
26,138.58008,-20.261963,158.35254,-47.195312,52.122925,39.021484,37.0154,-40.7453,2.0700684
27,144.7185,-12.341309,173.10352,-40.93164,69.86536,39.188477,92.04588,1.1088257,35.928955
28,148.91406,-12.5061035,170.55273,-40.86133,71.74402,21.532715,117.06642,15.01236,38.64258
29,148.6001,-21.98462,165.71484,-32.739258,67.73181,37.41748,88.24417,-6.5411987,22.12793
30,143.98682,-27.94458,155.56934,-40.55371,47.359985,48.185547,36.086475,-39.581573,5.222168
31,143.33179,-22.523926,167.11035,-39.682617,68.86633,52.970703,68.571304,-14.520264,30.325195
32,137.55518,-28.04126,173.25977,-38.004883,81.662964,48.277832,113.140274,13.837891,56.839355
33,148.82886,-23.702393,166.42285,-34.331055,67.08215,36.208496,102.8392,1.5062256,37.389893
34,144.5393,-35.314453,167.5791,-50.430664,56.855347,18.645508,66.66092,-21.27066,1.012207
35,147.64209,-32.864014,162.69531,-58.655273,58.237305,22.748535,48.28313,-29.486877,2.1206055
36,142.52661,-39.117676,169.28711,-52.445312,64.619385,41.728027,74.26315,-13.844299,35.364258
37,140.40405,-44.708008,178.56836,-53.820312,73.187256,34.972168,101.45378,-4.7661743,45.720703
38,131.82617,-58.710938,168.03027,-52.132812,65.23999,35.42871,88.721634,-17.04181,21.017822
39,138.70947,-56.88037,161.48633,-65.893555,56.589355,24.75879,50.29861,-31.27063,-2.1516113
40,136.39551,-45.62915,165.92383,-64.72266,62.56958,15.361328,55.24145,-24.54715,3.1481934
41,143.0332,-36.796143,169.30566,-53.671875,68.46985,12.812988,85.343735,-8.938904,28.833984
42,144.37573,-38.826416,175.65137,-35.189453,72.40405,34.52832,100.105576,-5.829071,39.530518
43,144.64355,-41.39209,170.20312,-34.44336,73.67908,52.731934,87.68364,-9.96344,28.66626
44,129.61914,-46.94287,165.31348,-50.38086,78.54773,55.22461,73.03209,-7.0113525,25.351318
45,132.63037,-39.836426,165.08203,-52.046875,79.55945,42.108887,90.03076,2.584076,36.414062
46,148.33618,-16.168701,169.59863,-30.314453,77.72827,36.68701,104.6234,5.7680664,43.451416
47,156.09863,-13.835205,169.4541,-15.366211,72.025635,41.467285,85.64371,-14.892578,22.935547
48,149.32422,-21.037842,165.06055,-29.251953,74.1853,53.449707,75.433395,-16.178864,17.815186
49,144.29126,-17.885498,165.58887,-26.50293,87.710815,67.90625,104.223694,13.107361,48.64087
50,147.9873,-9.778809,171.61523,-20.042969,91.08386,66.67871,128.98831,34.30313,75.20166
51,146.08887,-6.2041016,173.39355,-4.451172,88.32886,66.66016,130.73764,30.528229,73.520996
52,143.20532,-13.913818,160.61133,-17.566406,64.39136,32.753418,63.83485,-30.901031,3.5810547
53,137.38379,-16.155518,156.83496,-22.454102,69.95337,42.55127,49.842144,-36.64264,-5.137207
54,129.3855,-15.3203125,158.4082,-28.57129,82.186646,52.24121,94.27513,-4.549652,34.11621
55,138.87964,-3.9104004,165.89062,-6.1621094,88.29639,66.240234,140.7663,41.962982,84.181885
56,136.9104,-6.9506836,159.24219,-2.4072266,76.93274,61.734863,120.11841,24.41623,62.168457
57,150.3169,4.010498,165.34668,1.1181641,82.27771,71.2417,84.81276,1.8586731,38.32129
58,147.5061,4.9140625,149.17871,-19.367188,63.58081,40.773926,50.352657,-40.47464,-3.244873
59,139.77417,7.484131,163.2832,-10.308594,84.95056,45.926758,99.45206,-4.8441467,33.156982
60,148.21118,11.034912,167.84473,2.2265625,82.765625,53.571777,128.51953,20.200714,58.554443
61,138.26416,-4.0490723,161.21484,2.5546875,71.10205,62.728516,105.005646,11.430115,48.95044
62,139.78638,-1.2058105,167.14844,-4.8535156,82.71777,72.28076,83.17067,0.2157898,30.61621
63,125.62866,-15.419189,158.45898,-26.201172,74.09216,47.878906,74.359085,-15.470642,19.20752
64,125.93091,-17.320312,162.73242,-20.697266,79.84888,36.54492,101.75452,-4.675293,37.80835
65,138.073,-4.999756,167.75195,-7.689453,81.81799,37.311523,105.62749,-1.7936096,33.13965
66,144.28394,-2.2141113,165.11719,-1.6074219,80.65442,60.34619,84.86188,-5.432953,25.61914
67,141.90576,-6.037842,165.0664,-10.045898,81.66785,65.5249,85.189896,-0.78186035,32.281982
68,139.31665,-14.319092,162.47363,-23.957031,76.5564,50.745117,98.0361,2.071289,40.49878
69,127.4292,-21.090332,164.34277,-16.070312,84.061035,49.149414,112.86267,9.91095,51.50659
70,128.80493,-29.482422,155.0791,-22.024414,72.53772,37.927734,80.34622,-19.430756,20.96167
71,150.61694,-7.7094727,167.92383,-6.801758,78.22412,47.18164,67.76283,-23.20575,5.949707
72,133.59521,-22.812256,161.39844,-23.11621,72.482666,35.393066,74.54498,-17.154114,11.357422
73,134.9375,-14.263428,168.99121,-10.421875,84.27161,58.470703,117.19499,17.843323,50.877197
74,128.13965,-28.655273,168.28223,-3.0634766,87.992676,67.44043,122.89574,19.48819,59.801758
75,123.354004,-40.489746,155.81934,-22.578125,71.797485,46.45996,70.51854,-24.19513,12.851074
76,116.10474,-47.51709,152.14062,-39.9541,72.65552,37.35547,58.257183,-28.023865,2.956543
77,128.56494,-32.05249,163.04688,-32.001953,84.32471,32.689453,86.43164,-10.83197,17.104736
78,121.06006,-30.51831,164.69531,-20.154297,86.160034,32.564453,114.04497,1.1899109,30.611328
79,137.19849,-26.101807,164.59375,-9.770508,77.58215,51.98828,98.67589,-2.3232117,32.008545
80,128.54102,-35.683594,155.29395,-23.13086,70.720825,47.8125,59.362034,-27.54602,11.369385
81,116.3772,-41.91992,156.14941,-37.16797,78.11987,41.82617,61.19617,-28.638,13.303955
82,116.923584,-45.270752,165.32617,-41.48633,87.898926,21.02539,90.04381,-23.272705,16.309082
83,124.70093,-36.603516,167.02051,-24.311523,93.05066,28.419434,114.47864,-2.7711792,22.576416
84,141.97192,-24.341309,165.51758,-19.52832,77.1488,33.381836,78.41908,-23.697937,-5.0458984
85,132.88354,-29.031982,157.94922,-14.344727,79.16687,67.87012,66.03946,-15.694977,20.0354
86,131.219,-27.203613,161.04492,-20.35254,85.704346,65.89258,83.234055,-1.4202576,41.78784
87,132.88696,-30.868652,165.14746,-22.88379,89.81445,42.924805,107.323456,-3.8149414,37.38965
88,136.39941,-33.364258,166.97461,-18.279297,88.63916,37.88037,104.78691,-8.2836,22.428467
89,139.56592,-26.090088,163.30957,-19.097656,75.77246,31.86084,60.030674,-33.424774,-14.040039
90,151.86719,-13.135498,167.25098,-20.408203,76.525024,28.065918,47.9555,-46.33432,-23.287598
91,147.41748,-15.586426,161.75195,-19.288086,75.86743,32.085938,73.83142,-25.604462,16.441406
92,130.96216,-35.625732,164.47363,-16.010742,82.35425,48.91211,103.415436,-5.3556824,41.568604
93,127.57251,-45.61914,155.875,-32.838867,77.362915,39.987305,79.93149,-28.923767,9.769287
94,129.50732,-43.388184,163.54395,-28.28418,92.08789,50.479004,72.798416,-23.091583,4.5615234
95,121.15259,-47.811035,155.43555,-43.588867,73.515625,22.684082,60.047398,-32.753113,-4.8569336
96,133.46533,-30.113525,165.54395,-27.61621,76.884155,17.246582,77.58731,-25.163605,5.540283
97,152.69849,-19.805176,170.46094,-19.166992,72.47595,11.603516,63.992588,-39.087708,-8.902588
98,137.66724,-41.3291,157.95898,-29.91504,70.45361,37.17627,50.24809,-47.50763,-4.8811035
99,129.58423,-46.42334,151.85156,-39.28418,80.406494,52.27295,64.76305,-30.55371,8.471436
100,122.53418,-52.487793,164.875,-35.64258,103.03235,58.50244,121.6452,11.129883,49.28882
101,121.31714,-56.588867,154.6543,-43.078125,80.03125,25.379395,109.87344,-2.5361938,31.756104
102,123.285645,-60.548096,151.95898,-50.208984,60.62329,4.0249023,53.541615,-47.01599,-21.64624
103,139.12329,-39.06836,156.84668,-36.75,59.058105,4.319336,8.108929,-77.13287,-55.50122
104,144.70557,-31.289062,159.34473,-46.17383,54.925537,-2.5605469,10.348232,-74.16403,-44.475586
105,150.41455,-26.199463,167.6582,-27.243164,81.23364,27.659668,85.48547,-18.384644,23.126465
106,137.43018,-47.329346,166.2627,-25.115234,90.579834,49.236816,115.6857,7.1334534,47.35742
107,134.80615,-54.87744,148.53418,-32.42383,83.51428,46.26758,87.962814,-12.113678,21.929688
108,132.41187,-59.4563,151.58691,-54.58789,74.743286,31.588867,56.36308,-30.91623,-5.467041
109,140.30713,-46.94922,159.18848,-56.890625,70.599976,10.936523,51.639263,-46.69763,-13.6328125
110,147.80981,-36.13159,163.95312,-45.2959,65.39197,-9.319824,46.794254,-54.436462,-21.474121
111,156.5398,-33.9104,171.58105,-29.734375,77.53003,17.251953,55.31941,-42.63388,-13.133057
112,153.41211,-38.219727,165.38672,-28.185547,84.26245,50.72168,68.876114,-19.323547,12.277588
113,139.56934,-35.99463,153.62695,-30.501953,85.05823,56.823242,81.38823,-3.6016846,30.021484
114,135.46313,-36.570557,168.02832,-29.873047,100.52344,56.29541,120.3465,15.276764,54.480957
115,140.2207,-33.355225,172.83496,-25.841797,96.71338,36.029297,105.06473,-1.7819824,28.894043
116,160.57983,-16.176025,168.08887,-25.986328,74.13135,17.0542,37.55015,-45.51413,-22.917725
117,147.86865,-26.763184,143.71387,-44.92578,47.01184,-12.697754,-21.660412,-96.704285,-70.20166
118,155.07886,-20.918701,166.86816,-26.439453,87.89172,39.944336,64.06337,-25.84851,4.3740234
119,133.22632,-30.416016,165.64941,-23.199219,105.83435,47.90918,127.727234,19.33374,51.176514
120,133.87427,-34.65674,164.23145,-8.253906,107.809326,61.284668,125.29129,19.545746,51.97998
121,142.94116,-26.113037,151.69824,-13.848633,86.32788,48.27588,66.08766,-25.324982,2.8034668
122,142.60645,-22.370117,156.98145,-29.581055,73.023926,19.32373,25.238201,-57.359222,-29.97754
123,157.79321,-4.085449,167.78027,-17.964844,73.320435,12.474121,34.215305,-54.057983,-23.056396
124,148.42188,-10.801758,172.8789,-1.6523438,84.2146,37.74951,73.88426,-29.619965,8.190674
125,141.05249,-23.000977,161.46875,-5.4492188,93.46484,55.05664,90.08455,-11.209137,21.39624
126,143.6543,-14.692383,163.23242,-10.265625,97.17566,60.799316,76.25049,-15.593628,10.489014
127,136.71704,-21.588623,159.6123,-22.841797,96.30115,43.394043,76.77815,-21.058777,10.168701
128,135.99219,-17.286377,166.28906,-16.667969,91.5426,16.512695,82.385635,-29.790619,4.996338
129,150.36401,-7.7177734,165.9668,-11.813477,71.44922,-2.496582,46.98189,-55.66931,-29.924072
130,156.09912,-9.224121,170.81836,-10.829102,74.075195,23.46875,29.3205,-51.81134,-34.311035
131,144.91699,-13.782715,166.25098,-6.3154297,92.513794,55.45215,63.559933,-22.921753,1.7900391
132,135.05005,-13.986084,154.35742,-11.874023,90.24573,53.365723,89.87369,-13.07132,23.53418
133,133.56226,-18.55249,157.4668,-6.9248047,95.60181,47.401367,105.515625,-10.839264,25.001953
134,119.923096,-36.470947,139.40039,-19.855469,79.14575,23.882812,59.018887,-47.60608,-17.578613
135,133.01001,-27.564209,150.37207,-19.901367,77.352905,9.961914,24.620129,-56.65674,-38.159668
136,151.4397,2.4821777,161.27734,-1.2802734,83.51782,26.973145,48.030727,-34.823883,-12.454346
137,155.82788,4.2717285,176.51465,12.5625,105.17273,58.916504,104.155396,1.1550903,34.085693
138,151.66113,-0.7348633,163.00488,13.4296875,102.893555,66.86426,109.55028,1.7463379,35.924316
139,148.98657,-7.2644043,156.0293,11.206055,94.39502,68.433105,71.873474,-22.588257,12.507568
140,134.7981,-16.281982,154.02148,-3.5761719,96.15112,56.465332,57.75749,-29.952515,-4.1828613
141,118.59497,-24.425781,153.73438,-15.30957,93.460815,27.80957,74.251724,-22.510315,2.659912
142,144.20142,-1.8435059,168.6084,10.388672,97.55652,38.390137,90.0367,-12.469879,16.8042
143,143.27637,-3.1428223,160.65527,16.675781,94.90381,51.89209,86.63751,-15.642059,14.964844
144,134.02148,-7.376709,149.9873,16.82129,91.27783,62.206543,69.495636,-22.86557,5.51709
145,129.84985,-9.18042,143.59668,15.885742,90.903076,65.31348,68.6454,-21.415863,5.3583984
146,119.45361,-14.425293,140.74902,1.2861328,86.809326,50.48584,81.5874,-18.302124,13.879395
147,135.32568,-8.332275,155.28516,12.1953125,91.7677,41.01758,86.22389,-19.045288,9.567871
148,142.88623,2.9714355,152.68652,13.308594,80.926025,40.083496,49.395283,-38.910797,-12.104492
149,152.1499,13.310303,156.35254,20.841797,98.62109,68.34082,64.49675,-18.604797,6.300537
150,143.28247,17.372803,158.83398,28.530273,115.34839,83.33984,106.17702,12.497803,42.11841
151,130.7732,9.9782715,146.74316,28.126953,105.884155,67.11377,122.611984,11.524048,44.492676
152,133.6936,10.253418,149.53711,32.402344,97.97485,62.5708,99.06091,-7.2314453,21.801025
153,127.10864,-1.9450684,140.03125,19.13379,84.4303,52.222656,42.46581,-45.925507,-18.480225
154,132.05542,6.069824,138.82227,8.740234,83.16345,31.947754,34.540325,-47.89798,-22.294434
155,155.0498,30.731934,157.79297,32.807617,101.746826,61.186035,91.67502,-0.67910767,31.480225
156,144.229,21.60083,153.64648,39.6709,109.29724,67.24609,124.0405,19.164734,52.121582
157,145.93555,13.527588,146.56348,34.476562,99.28186,69.41406,92.57762,-6.441681,27.471436
158,130.41235,-2.61792,142.2793,17.87207,93.09094,57.870117,58.522724,-33.098694,-2.8793945
159,129.20728,3.915039,141.91699,8.902344,94.97693,39.78955,60.79463,-32.74283,-8.363525
160,134.75146,9.221436,146.92578,15.256836,95.42053,33.731934,82.20407,-19.13031,14.261963
161,145.00977,19.069824,151.61523,34.61914,95.38257,53.980957,86.13495,-9.801666,28.679932
162,144.39111,9.42627,147.82031,22.402344,95.52258,59.506348,67.203964,-20.862122,13.955811
163,128.48682,-3.5246582,135.1748,4.455078,89.479614,49.793457,56.2085,-32.47705,-0.30786133
164,132.49829,-1.28125,143.29492,4.817383,99.63953,41.870117,84.25752,-22.944397,10.244873
165,135.66406,2.3188477,151.78906,22.52832,108.30139,44.693848,99.77464,-11.062958,20.540771
166,142.99878,-1.1047363,145.41699,13.566406,90.27954,29.416504,60.228474,-36.59189,-6.5646973
167,150.38452,2.8308105,149.91113,18.761719,90.205444,49.88867,41.66077,-34.897217,-3.6638184
168,147.90356,2.8613281,155.80371,14.577148,97.539795,58.509766,62.01388,-25.722534,15.397949
169,146.93042,3.0012207,158.30664,22.259766,108.00195,59.313477,107.62703,-4.4064636,41.11792
170,121.249756,-28.592285,143.70996,-1.2285156,102.68274,39.461914,106.49864,-11.17395,25.239258
171,129.979,-29.784424,145.54004,-6.875,104.507324,42.442383,76.41345,-22.311981,7.0820312
172,138.13452,-17.812256,145.03027,-10.555664,87.82776,20.958496,31.844685,-49.935944,-26.427002
173,149.69775,-5.559326,154.13867,2.2705078,90.99927,16.671387,43.268017,-46.739197,-18.293945
174,154.68433,-5.14917,158.6084,7.8671875,90.24719,31.760254,77.97572,-27.727356,12.522705
175,150.26807,-13.93335,159.41504,23.036133,96.31958,52.623535,87.65192,-16.11557,19.764404
176,136.31128,-28.006592,148.50195,0.29882812,94.10852,51.725586,61.39822,-27.272888,-1.3271484
177,129.6018,-32.695557,141.42188,-13.246094,89.42297,37.52832,52.131023,-37.38965,-10.056885
178,136.47974,-23.051514,151.86133,-5.8623047,89.635864,17.708984,61.60924,-39.481018,-3.7297363
179,143.22827,-22.348145,162.21387,9.688477,87.52246,13.555664,52.39356,-42.111847,-8.665039
180,147.05908,-22.139893,153.44727,3.3789062,80.56836,18.964355,31.454556,-59.779755,-24.29956
181,129.46118,-42.304443,140.9414,-17.657227,85.046265,29.379395,36.835766,-55.01837,-20.131348
182,131.61523,-38.604492,144.63574,-16.589844,96.08435,30.81543,70.24719,-26.890808,1.434082
183,146.52515,-24.157959,161.62695,2.3271484,107.202515,36.41797,96.90622,-12.046539,25.69043
184,138.45093,-37.58374,148.1123,-5.578125,84.35571,20.176758,52.748547,-47.870483,-13.84668
185,145.0393,-34.39258,147.48926,-13.004883,78.17981,10.641113,10.882771,-76.448,-45.894287
186,153.72559,-23.824219,144.22461,-14.036133,79.32654,10.6796875,12.201221,-73.25067,-39.700684
187,132.09033,-40.40796,152.71484,-17.83789,91.07654,13.796875,65.347885,-36.848328,-5.1777344
188,125.515625,-48.802734,148.24805,-10.719727,86.99341,16.318848,76.519775,-33.396423,-1.706543
189,147.83032,-24.620605,156.33008,19.34961,99.088135,56.68506,69.19731,-28.192871,4.0947266
190,135.45117,-36.58374,150.90918,1.0,93.306885,50.909668,31.123302,-47.2222,-12.336914
191,140.51807,-30.947021,150.11426,-8.425781,93.04431,30.1958,33.42848,-48.489777,-14.1311035
192,144.94287,-24.469482,156.88965,-7.8027344,94.373535,12.438477,52.40832,-52.087524,-16.39502
193,137.84595,-32.614502,155.73828,11.967773,94.36731,28.0542,62.479717,-45.957123,-16.733887
194,125.895996,-47.267334,132.47266,-3.5019531,78.21179,32.965332,34.31738,-58.52884,-30.218262
195,125.065186,-46.360107,141.19824,-10.640625,93.392944,35.361816,41.33727,-37.89322,-10.980957
196,127.299805,-41.7854,143.65723,-3.1435547,95.72046,26.777832,60.93738,-29.3078,4.5825195
197,137.81226,-28.673096,150.95996,22.46582,95.09448,37.914062,62.698383,-34.812317,5.4624023
198,145.86523,-27.618408,146.71582,18.250977,80.10132,36.206543,24.007,-69.861694,-31.613525
199,148.17847,-28.106445,149.40625,13.514648,87.85156,39.66455,23.192585,-62.568542,-34.308105
200,126.322266,-37.59912,142.95508,2.2714844,100.54089,41.79248,58.713253,-30.499298,-0.6784668
201,132.03589,-34.771973,146.31543,1.1699219,100.305664,18.876953,84.40581,-19.66159,7.5979004
202,117.91089,-55.220947,136.48535,-15.703125,86.72656,4.823242,57.602764,-41.601868,-14.100098
203,133.67358,-44.3667,145.14941,3.8261719,89.697754,30.200684,19.45184,-63.313293,-32.881104
204,142.01978,-30.19873,148.45801,13.390625,85.47778,42.57715,1.5891228,-77.299286,-40.350586
205,134.8064,-30.886719,139.40234,8.874023,87.273315,35.09961,35.89123,-54.212524,-12.407227
206,143.82495,-25.97168,156.48145,20.451172,104.12573,42.90381,86.29991,-14.173126,26.261475
207,133.30371,-38.612793,147.61426,20.59375,91.975464,29.86914,70.63017,-25.995087,-0.3395996
208,141.44263,-32.293457,147.125,10.388672,91.48108,28.496582,32.176,-49.66623,-24.647705
209,119.740234,-47.651855,136.41113,-9.3359375,82.12012,18.17041,7.954647,-68.22766,-36.671143
210,136.1836,-33.249023,151.64258,8.921875,93.18237,30.151855,40.744236,-54.510193,-12.193359
211,141.00122,-37.028564,159.1377,16.253906,89.302124,30.666016,48.777073,-52.324493,-6.9414062
212,129.48315,-48.898193,150.18262,1.2851562,97.117676,37.010254,55.474155,-35.359802,-5.26001
213,129.95532,-49.966553,143.81738,-10.172852,93.540405,20.430664,41.70725,-43.463684,-21.488281
214,137.53052,-36.8562,148.28516,-2.1015625,90.11694,12.238281,51.518375,-40.56775,-20.208252
215,152.69312,-22.372559,154.05371,9.061523,86.43225,8.33252,45.314922,-54.347473,-20.347168
216,148.05884,-30.794434,152.27148,18.96582,85.85083,22.225586,32.73469,-63.31076,-24.4375
217,148.84448,-38.67212,152.16113,6.098633,92.674194,38.086914,24.189854,-62.60492,-26.442139
218,127.68579,-54.627197,143.63965,-8.415039,101.19873,38.02881,48.310177,-39.260742,-6.291504
219,134.3186,-37.05664,148.95801,2.8203125,110.57214,30.29248,86.28383,-21.66687,13.1779785
220,145.72266,-35.434814,150.85742,3.2021484,97.17212,3.862793,69.77028,-34.880493,-11.334961
221,136.15112,-47.54126,140.74219,-10.834961,65.78723,-7.4160156,3.0001945,-84.987305,-58.183105
222,163.98218,-18.10913,152.27637,9.568359,73.22986,12.492676,-11.659073,-85.75214,-57.660156
223,155.93652,-25.496582,156.17285,3.2695312,85.58765,16.468262,27.864285,-57.14987,-24.534424
224,149.68066,-29.677246,157.96484,5.5371094,104.486084,33.268066,88.64748,-12.859161,19.900879
225,143.98364,-44.470215,147.60254,9.019531,104.13257,31.492676,78.804474,-26.306305,5.128418
226,128.11743,-64.68359,136.94238,-6.392578,83.1001,22.074707,16.716618,-69.02237,-36.336426
227,144.26172,-51.079346,143.33301,-13.824219,82.54822,14.374023,1.5105629,-75.85306,-41.816162
228,144.24365,-43.693115,147.6211,-12.508789,77.7478,-13.308105,18.558735,-72.41037,-41.260254
229,165.56079,-26.261963,164.39355,8.498047,88.264404,-1.4101562,54.000225,-43.54007,-15.689453
230,159.219,-38.803467,154.91016,11.333984,77.21399,19.242188,40.095165,-45.22705,-16.161133
231,149.18555,-48.770264,148.72754,2.9169922,80.20862,38.29248,27.856907,-50.726135,-16.903564
232,130.70874,-68.79541,142.28125,-18.53711,79.63489,23.25879,20.818546,-57.967346,-19.385254
233,118.38794,-79.372314,148.70996,-24.483398,92.89612,7.040039,51.20911,-46.086548,-7.92749
234,131.18115,-74.56763,149.88379,-15.607422,83.8219,4.152832,35.142628,-57.99298,-29.034912
235,127.06372,-84.21118,140.60352,-26.807617,63.92749,-7.043457,-17.851116,-93.04608,-64.96289
236,141.03369,-68.89819,141.65625,-29.083984,57.857544,-17.562988,-26.980106,-96.6557,-72.26929
237,132.82617,-70.81177,137.86621,-29.292969,62.187256,-16.70752,6.604557,-83.56723,-50.9834
238,120.30249,-90.15723,143.14453,-23.973633,79.2489,2.8183594,52.349804,-52.19519,-14.36792
239,112.3999,-115.60718,136.8418,-37.831055,74.3313,3.7216797,45.028545,-52.947144,-23.250977
240,114.10986,-119.34985,136.7998,-40.603516,81.90344,15.222168,23.9258,-53.889587,-27.989014
241,120.1626,-109.3103,134.64453,-48.000977,71.02881,1.4521484,-0.79850006,-73.6915,-44.03955
242,123.19751,-107.305664,148.60742,-44.86914,64.433716,-25.80664,-2.0966034,-87.62671,-51.328857
243,133.50781,-106.91235,155.76172,-34.890625,60.67578,-27.631348,-0.483387,-93.172,-55.42456
244,114.758545,-138.76611,139.90723,-50.510742,52.43286,-20.976074,-12.45731,-101.99942,-63.74536
245,103.55054,-153.09766,140.37207,-65.12109,63.641846,-10.717773,-3.60886,-82.53583,-54.153076
246,95.39551,-160.70996,144.41113,-73.70117,71.98987,-15.447266,26.418522,-59.69699,-31.069824
247,111.35156,-142.82715,157.49512,-49.401367,83.23682,-2.3354492,47.824993,-41.667084,-7.795166
248,103.97363,-161.25586,141.70703,-56.308594,52.753418,-22.342773,-18.880852,-102.65692,-63.24463
249,109.40112,-164.17651,138.02246,-77.73828,41.383545,-49.710938,-71.01568,-149.19394,-114.44702
250,95.653564,-172.34106,151.0586,-74.22168,61.07361,-29.162598,-22.94334,-108.81479,-75.94092
251,90.186035,-171.80493,148.19629,-70.634766,70.18872,-28.333984,37.64567,-63.62564,-33.581787
252,88.142334,-173.63916,149.90527,-61.124023,75.88989,-18.66504,47.552784,-55.750122,-28.364258
253,88.83008,-179.0,148.51562,-65.86035,71.78406,-17.220215,14.50066,-81.273865,-57.47754
254,88.371826,-176.30444,132.36426,-72.61719,53.3302,-23.192871,-37.739433,-116.88394,-84.97095
255,109.501465,-149.8916,144.22363,-65.484375,59.671997,-22.917969,-29.257107,-105.86026,-66.4707
256,122.411865,-136.41284,152.92773,-50.476562,62.9552,-23.416016,10.924892,-80.94833,-38.41284
257,125.98462,-126.69629,155.73438,-27.49121,73.72803,-2.5888672,28.430775,-62.518433,-29.767822
258,119.34839,-127.33545,147.63965,-32.301758,66.82922,-1.8901367,7.1448555,-81.20178,-50.424805
259,110.25708,-127.50928,147.39453,-36.523438,86.510376,21.57666,31.20882,-48.871185,-16.377686
260,112.56299,-117.507324,146.93066,-37.135742,90.81641,9.157227,46.036488,-41.82364,-10.195557
261,106.481445,-116.00293,151.24512,-27.021484,91.38245,1.4282227,42.220776,-51.229218,-16.045898
262,122.94336,-100.715576,144.64551,-19.737305,70.75903,-6.9624023,-19.330235,-102.72485,-66.00195
263,134.04077,-82.5437,143.91406,-15.986328,69.7605,13.597168,-25.928799,-93.2099,-52.511963
264,141.24048,-67.720215,156.35645,-8.733398,91.91931,17.172363,31.409908,-43.466248,-18.023193
265,128.1377,-67.338135,153.80566,-1.1464844,93.05884,17.995117,67.64426,-20.859467,7.8242188
266,131.04297,-69.37329,152.41602,7.415039,94.68933,29.305664,64.35608,-23.1073,5.2302246
267,133.06714,-64.51929,149.27148,7.4052734,96.374756,37.799805,28.577213,-47.724792,-16.73169
268,143.0249,-49.446533,142.05371,-1.3007812,80.256836,17.47998,-10.175983,-73.956635,-41.832764
269,132.97583,-50.33423,149.19531,-2.3222656,88.67981,5.2060547,7.2784843,-70.75067,-38.363037
270,115.97803,-62.112305,148.1377,0.14746094,102.79724,11.557617,61.03722,-38.831726,-5.08667
271,133.65796,-53.672363,156.44824,22.40039,110.44531,35.615723,74.98955,-9.5329895,14.871094
272,144.68164,-42.67212,135.78613,17.603516,84.99097,31.239258,28.613873,-40.349335,-14.670898
273,143.43042,-36.00171,142.76074,24.761719,86.222534,46.53662,35.883938,-31.732513,3.0732422
274,135.58105,-41.53882,142.18164,18.07129,82.73132,17.033691,36.71287,-43.102295,-7.221924
275,130.94629,-49.203857,142.44238,13.858398,84.200195,-2.4521484,33.409687,-58.711243,-27.903076
276,135.35986,-48.4292,138.77246,16.27246,88.16968,28.754395,16.029728,-63.48712,-25.3667
277,117.61304,-55.9458,132.49316,11.376953,99.07764,39.331055,30.784107,-48.306976,-12.150391
278,109.791016,-56.635498,122.118164,-1.5429688,84.63025,13.12207,42.410404,-44.1994,-9.115723
279,128.73438,-32.671387,132.0166,17.75293,88.92078,17.983398,61.54143,-29.084473,3.5373535
280,127.91431,-38.13794,130.84082,16.345703,78.80676,10.427734,25.519955,-55.47165,-29.398926
281,143.34106,-24.294678,135.95703,17.97461,72.563965,8.022949,-17.744102,-85.710846,-58.145508
282,123.5896,-43.779053,117.12305,-14.332031,75.97876,21.909668,-45.26104,-90.70941,-56.16504
283,114.5293,-43.78247,129.95996,22.679688,100.40259,47.95215,74.514175,-16.058868,28.257324
284,114.10571,-45.032227,135.76172,31.385742,100.73157,42.739258,86.05147,-8.973877,25.9458
285,110.86157,-57.16504,130.31445,23.414062,88.68799,33.03955,35.264263,-44.85846,-15.813965
286,115.19092,-53.292725,131.01953,6.923828,82.62097,11.109375,-4.301758,-75.79431,-50.749023
287,132.02954,-28.695557,127.0332,6.2666016,72.63257,-18.31543,-12.404514,-94.83496,-65.32739
288,137.39331,-19.6333,146.25684,34.143555,88.93921,4.772461,38.60861,-59.514862,-26.935059
289,142.66528,-22.242188,142.4209,59.52539,95.15454,58.42285,68.63844,-14.248169,26.202148
290,121.89453,-49.732666,128.94238,36.02539,82.97595,67.18262,33.46628,-27.869476,13.452637
291,102.57837,-66.73047,122.19922,19.042969,93.10156,54.052246,31.80515,-34.10077,2.2626953
292,109.7832,-61.888916,131.13672,18.641602,100.49158,44.93994,54.84679,-25.863495,8.879883
293,121.09302,-51.626953,133.90039,20.753906,85.05444,14.987793,31.678188,-60.398804,-24.50415
294,128.69287,-50.848633,126.27832,11.850586,61.938354,-9.972168,-16.520676,-99.775116,-70.448
295,131.21167,-43.818848,129.12012,29.527344,81.18286,24.861328,4.6385,-67.08096,-36.081055
296,118.23999,-50.883057,138.82422,26.052734,97.23486,43.53076,45.6757,-31.750244,7.836914
297,112.177246,-58.28955,132.41797,22.61621,84.722046,29.093262,53.774334,-32.739685,11.675781
298,114.46094,-57.003906,134.66504,34.11035,82.27698,43.379883,48.72019,-37.619995,4.1726074
299,120.92114,-54.519287,129.91211,21.492188,73.2926,29.959473,-1.0463791,-74.23633,-41.382324
300,130.32153,-43.364746,132.36523,14.8984375,67.85864,15.650879,-22.957878,-91.94751,-57.29419
301,146.18652,-21.255371,142.18848,35.22754,83.431274,20.998535,22.854755,-53.085693,-16.267578
302,131.14746,-42.013184,142.73633,36.871094,90.2041,36.200195,56.84342,-25.756836,16.875977
303,116.21362,-63.2959,138.26953,28.449219,88.466675,44.68994,46.515865,-32.78067,6.7424316
304,123.6875,-56.685547,135.8125,23.948242,90.2677,37.345215,17.185978,-50.409454,-18.469238
305,116.7041,-64.00806,132.99219,7.5966797,81.58069,14.1171875,3.822895,-74.95984,-45.85254
306,125.99658,-52.082764,144.52539,18.479492,84.24695,8.29834,25.821552,-66.27371,-38.469482
307,143.79224,-33.338867,149.33496,37.48535,84.0564,15.313965,30.4632,-47.437195,-24.478027
308,148.27515,-37.59082,141.48438,28.433594,72.67322,21.334473,-3.9792519,-68.04227,-39.311768
309,117.66992,-73.06152,127.913086,-5.8789062,74.327515,15.996094,-1.1040611,-69.14017,-39.385986
310,117.58374,-64.45264,136.14062,8.958984,92.487305,30.419434,39.425083,-46.104767,-10.510254
311,126.27246,-56.174316,138.45996,23.418945,88.74744,30.911133,48.56425,-40.98938,-3.9768066
312,120.35791,-65.02637,130.03418,13.044922,77.44531,17.549316,22.430813,-63.013397,-33.774902
313,129.68652,-62.878906,132.60547,12.355469,72.54968,12.524902,-17.425991,-79.69586,-55.56006
314,147.36621,-37.74707,140.8789,28.510742,79.218506,34.96826,1.1743431,-54.07138,-22.216064
315,128.55762,-49.905273,131.09863,27.223633,74.80432,38.231934,38.69209,-36.079285,6.2407227
316,119.74536,-63.74341,132.6709,29.25879,81.461914,37.342773,55.24499,-31.19522,5.4226074
317,113.28833,-74.19678,134.08398,28.19336,77.33484,36.992188,19.67728,-58.10135,-27.717285
318,106.23193,-78.014404,132.5332,10.009766,87.52283,31.401367,9.33334,-60.82419,-39.426025
319,114.02905,-69.850586,139.1748,3.930664,87.38611,6.5390625,7.622738,-66.00806,-46.03833
320,132.0586,-50.913574,140.65137,16.15332,74.66382,4.675293,18.21664,-57.788788,-32.348633
321,127.50464,-64.53516,123.88672,16.069336,61.296387,23.460938,12.010937,-59.370514,-23.20459
322,129.97876,-68.83252,132.5332,17.955078,79.02234,46.23633,22.139172,-38.545563,-9.021484
323,110.50708,-77.651855,132.53418,6.5214844,85.55188,38.22168,21.950169,-41.18982,-17.405518
324,113.81787,-69.95703,132.66406,3.84375,77.871826,12.637695,27.5872,-59.116974,-28.504395
325,109.716064,-76.03027,131.1289,7.2822266,79.56665,3.227539,29.099758,-64.19809,-38.043457
326,112.460205,-75.43652,124.39453,6.6992188,59.26172,-0.7817383,-22.727009,-91.89914,-65.56787
327,121.96362,-64.645996,123.75391,13.544922,62.455322,26.75586,-19.484486,-75.022736,-43.486816
328,116.41382,-67.383545,126.81055,7.1152344,66.94495,32.817383,13.38879,-46.856873,-9.182373
329,114.05127,-72.34204,126.23633,2.0986328,63.45996,12.047852,32.68665,-46.2023,-9.181152
330,112.79028,-80.08179,121.06348,-0.57910156,62.054688,4.345703,10.485058,-73.60034,-40.588867
331,116.663574,-81.48389,128.77637,-6.0810547,65.12866,5.944336,-22.46296,-98.91135,-71.41821
332,118.12036,-78.5166,126.19336,-17.185547,65.06909,-7.824707,-24.529106,-88.96973,-75.57788
333,130.41577,-62.0437,133.37598,0.44140625,80.78235,14.254395,22.547665,-48.276825,-26.911377
334,113.55493,-82.6626,131.37598,0.07421875,83.70422,28.345215,49.274876,-22.665253,8.026123
335,109.38086,-89.05664,129.09961,8.336914,80.05005,36.54883,34.337986,-33.8179,-4.9404297
336,96.42285,-99.87988,117.862305,-7.2958984,54.01953,32.262207,-19.22039,-74.38544,-37.973877
337,98.8833,-99.76807,118.018555,-22.006836,53.412598,12.6328125,-22.718071,-87.4465,-47.89209
338,106.54175,-85.27222,130.24512,-11.446289,73.555786,-1.1640625,26.261272,-54.970856,-30.46167
339,126.098145,-71.51099,135.14062,13.082031,75.89075,17.058594,30.42078,-51.82193,-27.125732
340,130.7251,-68.95068,129.01855,26.736328,74.06299,58.60791,18.823856,-46.758545,-11.051025
341,113.37598,-83.65503,124.91797,2.3095703,67.8501,47.660645,1.1599083,-55.093353,-15.774414
342,104.230225,-93.95874,121.24512,-17.558594,58.864502,19.314941,5.3990517,-59.271698,-19.270752
343,107.51514,-87.8147,133.96191,1.5039062,71.1792,20.410645,22.3456,-57.581726,-16.698486
344,106.41968,-95.781494,129.91016,-5.7910156,63.114624,-2.9311523,-8.075001,-87.68756,-57.770264
345,113.96973,-78.92822,132.1416,-3.2929688,70.30554,6.1845703,-12.961243,-81.6192,-63.418945
346,112.28711,-74.21216,126.23633,-2.7509766,72.44116,26.92041,3.8589592,-60.06433,-33.91089
347,110.08008,-75.5188,126.84668,11.755859,80.52283,50.78369,47.41779,-27.31781,12.108887
348,107.58838,-82.293945,129.10254,12.624023,83.49963,50.546387,55.433697,-25.954773,18.589111
349,114.41431,-85.971436,123.180664,-7.176758,58.620605,26.388184,-11.367588,-81.96124,-43.492676
350,117.71045,-79.51172,125.418945,-14.470703,61.06775,23.097656,-26.131863,-92.145905,-59.60791
351,122.446045,-76.690674,125.9043,-26.987305,59.110962,-5.65625,-0.7910347,-79.70953,-56.44043
352,132.21045,-66.295654,136.7832,7.1757812,75.545044,16.371582,41.56339,-39.17798,-12.935303
353,133.48145,-65.70093,136.75,18.064453,67.54724,38.823242,24.324528,-45.890717,-8.018066
354,117.06763,-80.58081,118.40625,1.2822266,52.17981,40.93506,-15.715897,-75.48297,-33.975586
355,111.15967,-87.27881,113.76172,-12.801758,56.62451,36.083496,-14.581623,-78.96463,-34.549805
356,113.10425,-81.534424,123.703125,-10.890625,68.05151,28.928223,26.841145,-54.32956,-14.0563965
357,112.095215,-83.048096,121.052734,-0.6513672,65.79285,29.862305,37.185726,-43.947052,-2.4467773
358,124.75293,-77.37134,125.29199,-2.9042969,58.485474,15.712402,-3.199585,-74.333405,-44.39746
359,137.9541,-63.72339,125.00293,-3.4169922,50.424194,10.430664,-34.1615,-90.317444,-68.44531
360,128.19556,-64.83301,122.56152,-4.9277344,51.382446,25.324219,-14.696892,-76.08484,-36.02417
361,116.39502,-76.68921,127.34863,-1.3134766,62.84619,36.87793,27.96809,-46.95163,-2.1972656
362,104.000244,-83.7439,124.12598,8.3828125,71.28894,50.73584,39.832897,-35.724365,3.7495117
363,112.549805,-83.03955,126.51367,7.4033203,75.594604,53.404785,18.207119,-47.10852,-16.330322
364,115.87891,-79.40015,121.430664,-6.373047,61.4209,33.990723,-9.373478,-70.30484,-38.58545
365,121.114746,-66.6084,132.58398,5.3007812,66.27612,28.585938,3.8392906,-65.47781,-30.35498
366,116.28296,-71.71631,128.44531,7.504883,63.71936,20.24414,12.755024,-62.521545,-21.393066
367,106.38696,-82.39209,123.01953,0.8378906,59.99585,33.117188,6.575138,-61.163666,-22.67041
368,93.82837,-99.04175,119.49902,-18.533203,66.56995,39.178223,0.16207504,-62.64215,-30.147217
369,96.99463,-86.427246,122.57617,-1.4423828,82.39441,52.248047,26.873264,-42.71405,-5.159912
370,110.3208,-72.54712,124.19141,7.783203,76.91174,41.916504,40.49309,-42.31259,-4.1728516
371,124.78711,-55.98291,136.05273,28.452148,76.552246,57.086914,43.02862,-34.114838,2.7441406
372,118.252686,-65.52368,128.03027,15.865234,63.354248,44.739258,-5.4169655,-60.42624,-27.711914
373,111.73682,-75.63574,120.88965,-1.5439453,69.568115,46.824707,-8.896584,-63.018463,-20.692871
374,96.2168,-80.43359,119.243164,-6.401367,77.694336,43.74707,28.855946,-44.37433,2.5368652
375,102.30151,-76.31738,122.9082,4.2421875,76.55347,42.90576,51.79301,-34.33838,9.054932
376,102.519775,-80.89014,115.93555,1.8564453,59.100708,41.309082,19.455822,-60.797028,-21.823242
377,108.34131,-77.072754,127.79297,7.0214844,76.17493,54.089844,9.828945,-53.332733,-19.752686
378,102.10376,-78.61426,122.73535,-7.080078,64.55774,34.27881,0.022666931,-56.527954,-23.073975
379,97.59155,-76.08325,128.41895,9.283203,78.84656,37.86084,38.555096,-30.49591,6.3049316
380,94.82056,-79.60083,120.5957,10.032227,69.91785,41.301758,34.56429,-45.422577,3.8535156
381,79.38623,-101.4353,105.6582,-2.421875,52.26819,34.76123,1.0843773,-72.26083,-33.555664
382,85.071045,-98.12842,105.490234,-18.010742,52.404907,31.148926,-5.422394,-69.74527,-38.55298
383,83.70581,-90.91724,113.384766,-5.7841797,60.384766,46.59082,27.79884,-38.63669,-5.005127
384,101.96118,-70.96167,127.194336,9.0546875,73.47644,44.499023,50.353054,-26.01358,4.7072754
385,96.33008,-79.9458,120.74902,6.091797,66.86365,37.85547,25.510891,-45.371002,-16.648926
386,99.65259,-85.53418,113.87207,3.258789,49.975586,45.21338,-23.33297,-77.9003,-38.422607
387,100.120605,-80.211914,105.22656,-1.8916016,48.84082,47.447266,-18.572926,-82.943115,-36.34839
388,75.23584,-100.85742,106.59668,-7.364258,62.20703,47.729004,39.072124,-43.57257,5.743408
389,78.868164,-97.35425,119.25391,6.348633,72.59558,52.55127,61.89986,-18.120544,21.90918
390,82.70703,-100.14282,114.4082,0.61328125,69.67468,46.88379,31.590595,-34.20346,-8.727539
391,89.12891,-89.493164,107.01074,-11.237305,53.390503,34.816895,-9.965187,-64.698395,-38.108887
392,98.20801,-72.16211,108.58887,4.955078,56.348267,49.936523,-8.039913,-64.335815,-22.542236
393,95.71045,-73.385254,108.07129,11.138672,45.061768,48.680664,-4.098198,-72.73007,-12.922852
394,94.04321,-80.2793,112.35742,15.374023,65.11218,60.73633,41.950512,-37.448547,15.071777
395,81.41919,-92.96411,101.02344,-4.6816406,54.117676,46.306152,21.728573,-40.598938,-7.73291
396,94.56543,-83.33765,108.50586,-8.385742,68.37158,50.96826,27.715359,-27.829407,-5.8532715
397,95.18506,-70.066895,106.7168,6.46875,69.20239,43.64795,41.24062,-26.96103,6.2302246
398,103.793945,-63.915527,118.00586,25.125977,61.822876,54.44873,32.70796,-36.187225,5.0007324
399,97.91528,-71.819336,113.53906,23.82129,55.670776,61.68799,0.60783386,-65.81268,-19.056152
400,85.37207,-80.33911,101.04199,-3.0351562,50.302124,53.324707,-10.125912,-68.082855,-30.128174
401,81.47632,-75.74634,104.31445,-9.5625,64.686035,52.11963,28.334393,-35.310913,0.83618164
402,99.10669,-57.168213,112.12402,15.449219,75.899536,67.89258,71.97229,-2.2750244,36.14453
403,101.52417,-56.77246,115.26172,22.333008,66.63025,58.191895,56.494015,-15.827637,18.954346
404,120.407715,-39.549072,116.26367,22.572266,54.72339,42.317383,0.3608055,-47.018616,-23.216553
405,104.41528,-51.554688,109.45703,18.487305,58.258667,62.23535,-16.530758,-66.57257,-25.13916
406,84.38721,-66.45996,103.52539,4.9335938,69.36084,57.807617,35.441006,-46.41748,-0.9074707
407,84.23657,-64.259766,109.01074,11.5390625,70.06445,63.11377,64.78929,-18.249207,28.825684
408,97.453125,-53.354736,113.91016,25.267578,72.66675,77.88623,56.74905,-3.9451294,35.393066
409,104.86084,-48.355957,105.73828,20.21875,62.43701,78.06592,18.837673,-23.09024,10.106689
410,122.01123,-21.848389,104.66406,20.273438,47.473267,55.28174,-6.2181664,-45.944366,-13.201172
411,118.16016,-25.356201,115.4707,27.749023,56.78369,42.711426,21.349545,-43.799896,-8.515381
412,103.05591,-41.48828,116.993164,31.481445,71.314575,59.583984,60.79823,-18.572937,15.445557
413,94.1333,-55.98047,103.63867,17.069336,58.98535,67.61914,36.668606,-26.37381,8.386963
414,83.00879,-66.26514,104.14453,-0.48828125,68.392334,69.75879,24.544308,-21.445343,11.076416
415,101.73657,-43.029297,112.24805,9.955078,82.20752,69.73682,47.519352,-7.3108826,30.91333
416,116.65015,-23.390625,109.46875,19.986328,60.19275,49.958008,41.8512,-20.331726,14.137695
417,120.04297,-27.165771,109.11328,26.192383,45.07422,51.799316,10.457645,-47.43039,-17.134521
418,121.82739,-28.884277,112.80469,21.189453,55.90271,65.00586,1.1520958,-51.024506,-16.119873
419,109.968506,-39.608887,110.74609,10.0390625,63.108032,63.041992,20.187222,-33.713745,-2.220459
420,100.270996,-46.654053,119.802734,15.404297,73.0083,67.91943,62.736042,-0.6909485,35.818115
421,106.078125,-41.437744,123.174805,23.083984,76.48706,73.34473,71.32143,5.6464844,46.019043
422,108.26001,-47.987793,117.32324,14.0703125,66.621704,60.793945,30.038227,-24.028625,7.33374
423,111.95874,-39.727295,106.32031,9.638672,62.997314,51.38672,0.59931946,-45.987488,-25.42212
424,106.411865,-42.433105,109.24902,7.258789,55.16394,64.052246,0.8658714,-46.675842,-8.144287
425,100.059814,-48.146973,115.30957,14.206055,63.255493,67.9043,54.434048,-16.079742,32.203857
426,108.640625,-46.97583,122.42383,23.890625,73.25415,83.95166,70.0634,3.8961792,48.269287
427,91.46826,-62.302002,106.02637,4.2871094,52.13916,69.42383,20.066166,-29.130157,8.092773
428,103.311035,-52.120605,110.3418,-6.0390625,66.43518,68.898926,25.844143,-21.410858,8.623047
429,106.8833,-43.38208,113.96289,-2.5957031,71.57153,39.956055,42.80203,-19.526215,9.449707
430,96.29028,-57.15503,105.69238,4.0029297,54.317383,40.658203,33.396282,-32.484436,4.66333
431,107.86401,-51.15161,112.271484,14.910156,63.207886,80.89502,36.35017,-21.865784,15.013184
432,86.72974,-69.51465,106.134766,8.639648,63.48633,91.010254,26.792744,-24.45575,18.544434
433,81.89258,-68.761475,102.67969,-2.3417969,58.64209,79.36914,29.913578,-25.240784,21.46997
434,86.230225,-66.28027,114.134766,7.4375,76.5238,74.55127,72.88306,6.46994,50.158936
435,93.6499,-55.18213,107.572266,10.00293,62.65027,64.85596,53.609684,-11.7942505,24.319336
436,106.86694,-45.597412,105.02539,7.9804688,38.904175,54.13379,-10.601883,-54.754425,-24.990723
437,109.694336,-39.21924,105.42383,7.8740234,44.153076,52.813477,-11.985191,-56.132355,-22.48413
438,94.02197,-48.14746,120.25586,13.719727,75.97327,80.46826,61.600468,0.5638428,41.247314
439,93.12866,-57.475586,117.92383,17.591797,82.40161,88.75342,89.14198,20.763062,63.064453
440,93.7395,-65.990234,111.71582,6.044922,68.13623,77.57422,56.914165,-1.6756287,32.415527
441,84.28735,-79.63086,101.81055,-19.714844,57.31494,48.496094,9.837879,-39.93106,-15.671387
442,85.15039,-66.91406,95.96973,-15.162109,57.284912,48.03174,7.1365013,-39.745605,-17.292236
443,103.77295,-44.703613,111.10742,-1.9892578,46.246582,37.211914,21.208363,-37.617554,-0.64331055
444,106.5354,-46.35205,120.46387,12.025391,62.21167,67.28955,47.088543,-16.33255,29.27124
445,85.01904,-71.42236,108.30371,-11.091797,54.06201,65.84033,32.288006,-25.951263,10.9001465
446,76.17944,-77.184326,102.206055,-21.401367,47.126465,65.49121,13.949635,-38.244812,-0.15942383
447,93.25122,-53.349854,109.33496,-12.430664,61.625244,59.990723,40.55678,-22.43335,14.515869
448,85.38843,-70.539795,105.20703,-19.930664,51.509277,38.743164,38.948658,-31.391754,3.881836
449,100.97803,-52.8042,109.89258,-4.248047,42.98291,38.473145,12.547703,-49.818665,-15.459961
450,100.02368,-60.15503,108.37988,-16.304688,38.910156,47.52588,-13.374802,-57.599976,-26.231201
451,96.94629,-54.948975,106.61426,-14.741211,47.986572,58.004883,14.348118,-33.40216,0.2536621
452,89.60083,-58.833252,110.82031,-8.453125,60.35498,60.04492,48.450222,-15.902924,32.070312
453,89.039795,-63.442627,116.03418,-3.828125,60.645752,66.40576,57.61913,-12.576691,33.59619
454,98.99658,-60.390625,103.96582,-16.649414,44.563843,53.67285,12.114964,-47.92041,-4.413574
455,103.43164,-51.91382,105.762695,-17.501953,43.456787,48.41162,-12.459465,-58.596527,-22.223145
456,96.40625,-57.503906,107.89551,-16.695312,53.270996,55.385742,16.233486,-37.048523,5.1728516
457,92.50366,-58.156494,110.413086,-13.730469,64.17163,57.626953,61.19652,-10.126587,39.07617
458,77.1311,-76.95532,104.08301,-22.285156,46.38916,57.459473,42.128902,-21.03537,27.213135
459,76.36157,-80.34277,101.07715,-25.621094,51.94226,65.33789,24.2048,-28.593842,17.077148
460,92.54443,-54.459717,112.6582,-4.3291016,76.25403,91.461914,46.641285,-5.101288,40.766357
461,102.82007,-37.00952,105.56445,-3.852539,66.89429,62.779785,44.338497,-20.022247,28.83081
462,103.81616,-43.454834,120.92578,5.5810547,66.401855,62.63867,55.86083,-9.395416,33.164062
463,93.82617,-55.51123,109.38281,0.06738281,54.811768,70.0918,30.482365,-27.299438,15.727295
464,95.21118,-60.205322,114.618164,-9.563477,71.71057,86.671875,37.628216,-9.716339,35.114502
465,87.34326,-63.651123,106.91992,-27.416992,64.67334,71.28027,47.382114,-7.159729,42.38452
466,94.43921,-53.09619,114.65625,-8.120117,66.46741,72.36572,68.936676,2.38089,54.75
467,86.07178,-68.062256,103.92969,-14.794922,45.27063,56.15918,37.15893,-33.56076,15.471191
468,101.48413,-55.92163,103.552734,-8.90918,35.124878,48.08008,-13.795757,-65.84186,-25.90039
469,105.531494,-46.974854,110.98926,-10.399414,42.040405,51.99756,-15.502266,-62.00641,-15.949707
470,95.524414,-51.818115,113.12207,-21.03418,63.6687,61.177734,42.52985,-22.839203,28.9458
471,76.30591,-71.305664,106.77051,-16.014648,65.70886,70.518555,78.88428,4.869751,56.611816
472,75.0625,-83.39722,103.74609,-20.50586,56.187378,67.660645,53.637432,-13.061371,31.592041
473,78.63257,-78.93262,100.97949,-32.95508,48.813354,58.77539,7.7258797,-41.050842,2.8063965
474,79.89209,-78.2168,100.31445,-45.98535,29.119995,35.676758,-21.119263,-70.87622,-29.552002
475,103.48242,-49.17993,115.35742,-14.081055,40.49646,35.91455,8.244968,-57.138306,-5.32959
476,105.14526,-48.160156,111.11621,-8.655273,44.79651,46.97705,37.38782,-33.218933,14.358398
477,104.54712,-54.14502,105.12891,-13.295898,49.715332,70.12207,30.123722,-26.217804,19.561523
478,90.42969,-62.33911,100.72949,-16.972656,58.723267,85.76807,32.317463,-18.882416,27.282227
479,92.3186,-60.799072,106.17969,-21.703125,61.51245,75.10498,52.073376,-6.6851196,42.67041
480,98.67041,-49.38867,105.13574,-13.875977,54.33728,66.01318,54.872524,-17.86856,33.994385
481,111.72998,-40.23047,109.73926,0.8886719,44.178345,58.190918,14.611492,-44.459625,-2.213623
482,107.16968,-49.368896,102.506836,-23.81543,29.860718,34.398926,-22.361977,-70.22055,-33.47632
483,103.46948,-51.117676,107.81543,-25.725586,46.351562,58.370117,15.2331505,-40.15564,10.783691
484,84.43994,-64.39404,103.67578,-25.960938,54.920532,65.33057,61.155445,-9.605835,46.054688
485,85.52222,-73.74634,108.12109,-22.759766,52.8468,68.76074,66.715546,-6.9389343,46.28003
486,88.333984,-74.341064,98.168945,-25.342773,41.05237,67.51807,21.965733,-34.38333,12.124023
487,104.38452,-63.552246,103.37988,-34.4209,41.06421,57.109863,-9.10627,-62.254456,-20.880615
488,111.34912,-45.733643,106.987305,-26.91504,48.771484,35.59424,8.014614,-50.55893,-11.325439
489,105.4624,-55.44214,109.92676,-28.185547,47.247437,49.891113,44.446438,-32.51239,26.905518
490,97.92505,-65.10254,109.203125,-19.039062,48.78784,60.29834,44.062756,-34.16107,20.70337
491,108.98706,-64.663574,112.41406,-20.581055,47.850464,72.200195,22.577763,-38.978577,9.623779
492,88.41528,-68.04053,99.45996,-33.95117,51.846558,73.00879,28.776058,-25.50705,20.29126
493,89.44873,-72.968506,105.81348,-38.27832,52.477417,52.748535,47.780186,-17.866425,30.060303
494,113.610596,-51.971436,112.163086,-23.667969,39.244995,31.399414,29.505817,-35.844177,5.3952637
495,108.87891,-65.57617,104.44238,-36.885742,18.354736,19.49121,-18.983482,-82.49512,-38.975098
496,93.84619,-71.67505,98.68848,-37.6875,32.580444,54.034668,-11.398113,-67.196014,-14.856934
497,78.22095,-88.156006,94.600586,-57.18164,37.90088,47.0625,23.536098,-40.9599,14.288574
498,78.295166,-80.02515,107.12207,-33.9834,58.33008,69.97705,76.7979,9.011597,64.190674
499,95.47119,-68.448,106.75098,-26.631836,53.83142,68.70068,61.93549,-1.1073303,50.348633
500,99.63916,-63.86035,98.48535,-35.496094,34.286255,44.166016,-4.2076454,-50.56714,-9.26709
501,108.10498,-57.342285,103.18262,-47.38086,33.918213,21.672363,-24.705128,-76.4314,-38.681396
502,106.18848,-48.372803,124.41504,-31.591797,63.175537,31.136719,28.25362,-48.817505,-1.067627
503,85.63745,-69.48071,109.03027,-36.143555,51.464844,45.43701,58.125385,-25.13092,31.43335
504,82.48706,-76.7605,104.09082,-29.708008,51.64563,74.13623,57.340755,-8.257996,41.631348
505,91.35376,-72.5647,92.95117,-38.09668,40.661133,72.78174,20.774357,-26.174408,26.976318
506,75.586914,-86.80615,92.24609,-60.44629,38.956543,53.183105,16.833263,-29.412537,20.696777
507,104.444336,-54.69165,116.7334,-39.723633,53.850952,40.09131,45.44842,-19.24527,26.723633
508,94.12305,-71.00488,110.7666,-42.66797,32.65161,10.986816,13.999729,-61.35257,-21.706543
509,98.020996,-64.63281,108.416016,-40.81543,34.52588,18.28711,-11.138069,-79.88504,-38.43921
510,79.5791,-79.31348,91.74414,-57.123047,34.103027,32.69922,-1.6974869,-60.377625,-12.483398
511,94.25513,-58.49536,94.262695,-32.845703,45.215942,63.72998,50.112156,-10.305603,41.905518
512,91.91089,-64.694336,90.12207,-31.6875,33.376343,58.943848,50.2661,-12.211792,46.009766
513,85.07593,-73.55371,86.791016,-34.981445,22.321411,46.96826,4.040386,-47.176483,9.391846
514,92.33984,-73.84277,95.62012,-48.192383,19.883179,32.827637,-30.328056,-78.2395,-34.060547
515,84.71338,-74.68213,98.98047,-59.00586,29.056885,19.683105,-18.077827,-71.36304,-28.570557
516,84.24609,-75.43286,111.39453,-44.81543,55.91333,41.881836,46.532642,-24.125,29.16455
517,88.58252,-72.84082,102.90039,-29.18457,42.393433,50.956055,53.400562,-22.21402,34.914307
518,90.168945,-74.3811,92.83594,-33.572266,30.635864,62.50879,17.33115,-37.503723,15.678711
519,80.503174,-82.99463,87.36328,-53.030273,24.770142,55.933594,-8.990112,-55.81894,-2.4240723
520,83.521484,-69.92261,103.41113,-51.123047,43.95337,42.621582,19.254902,-37.22165,11.248535
521,89.76758,-68.90869,106.291016,-42.418945,37.357666,34.36377,24.872929,-39.17279,9.975586
522,92.50952,-73.6272,101.299805,-38.21582,37.89087,45.200195,21.08405,-47.61023,7.3825684
523,92.72461,-76.24194,97.95703,-41.57422,33.205566,53.330566,7.07333,-49.763947,3.0134277
524,80.32178,-84.18677,88.225586,-55.978516,25.30127,51.248535,6.1280403,-42.93219,10.689209
525,87.43213,-73.86841,97.14746,-46.134766,37.93213,56.756348,33.6879,-27.95288,33.342773
526,95.288574,-69.70703,105.93457,-32.86621,37.68225,56.83203,28.408115,-35.238464,26.314697
527,108.683105,-61.230713,103.336914,-36.765625,24.71814,27.342285,-5.140167,-70.17847,-21.966064
528,104.89722,-60.386475,105.20215,-35.13965,40.983887,52.683105,-2.2588234,-61.71109,-9.842529
529,78.35864,-73.92749,98.024414,-51.507812,41.687134,44.80371,21.369984,-41.46524,14.685547
530,77.8584,-70.40234,108.166016,-30.863281,50.373657,56.98535,70.20909,-4.03302,55.2063
531,88.80737,-72.14697,105.36621,-28.555664,43.243774,67.523926,48.015606,-21.084686,39.09912
532,82.22339,-80.72266,93.31055,-33.688477,25.994629,69.421875,-11.088139,-60.714966,1.642334
533,85.86279,-80.25244,90.38574,-60.371094,17.081787,31.474121,-32.791412,-85.109436,-28.282715
534,109.71582,-55.749268,104.91699,-41.152344,35.88733,31.02002,15.949741,-54.67871,-2.8789062
535,97.559326,-66.36401,102.387695,-35.32129,31.61792,36.07715,34.6459,-46.547028,8.975586
536,84.67798,-84.8772,101.30664,-37.42871,39.052612,53.53125,34.658733,-38.48459,17.82129
537,92.49414,-75.95874,100.97363,-47.88965,36.358887,58.743652,7.3727226,-43.36676,11.10791
538,78.30469,-86.468994,97.24902,-55.73633,32.572388,54.39502,9.379612,-39.862366,22.599854
539,92.063965,-68.84668,106.13965,-39.927734,38.259766,53.668457,30.579746,-35.036957,34.612305
540,99.593506,-71.1709,108.05859,-43.08789,28.93274,28.208984,8.767841,-61.98639,1.2243652
541,98.06348,-70.629395,108.43652,-37.948242,37.577637,41.518066,-4.1177177,-73.00751,-16.928955
542,89.59424,-76.5,106.19238,-50.126953,46.890137,55.947266,9.805637,-54.50827,2.545166
543,85.061035,-74.79199,101.25195,-54.049805,43.186035,51.466797,48.31798,-24.576508,39.43921
544,90.78027,-64.09277,108.381836,-28.472656,45.597168,67.024414,68.00072,-3.6732483,66.651855
545,91.82178,-70.62109,100.92969,-27.910156,30.69226,59.708008,25.561085,-35.155792,31.957764
546,78.66821,-83.4375,86.24805,-57.129883,17.172974,43.112305,-28.31562,-69.85129,-5.6225586
547,90.8396,-71.36182,101.94238,-50.905273,34.346313,35.4375,-9.622185,-65.113464,-9.753418
548,104.06836,-58.560547,112.07129,-43.635742,38.30005,21.990723,19.711262,-66.33484,-5.3498535
549,99.19092,-58.25171,105.19629,-33.458008,42.075806,46.265137,43.48569,-38.06424,26.943604
550,102.46582,-59.774902,93.916016,-29.71582,35.692993,65.006836,28.659908,-30.358276,29.455078
551,84.625244,-75.09839,94.96973,-38.356445,43.96704,71.140625,22.57574,-31.220062,30.084473
552,84.83154,-70.2561,98.015625,-40.686523,51.90381,64.76709,39.905598,-15.355652,48.245605
553,83.846924,-73.516846,98.609375,-40.216797,40.463257,43.186035,40.20754,-29.569733,34.756348
554,92.09277,-71.3457,98.26953,-32.578125,29.636353,28.917969,14.857227,-59.259094,-3.1083984
555,95.13013,-70.6958,92.39258,-43.112305,26.960693,29.754395,-7.6644363,-80.30551,-29.698975
556,87.05078,-72.829834,95.26172,-47.53125,32.82556,50.850586,12.967266,-50.290955,10.854248
557,80.16406,-80.26416,99.66211,-49.97461,44.311768,50.393555,53.411602,-16.449951,48.79297
558,74.860596,-91.86499,96.16699,-48.31543,45.48352,57.166504,61.02094,-13.779999,56.57422
559,83.385254,-86.229004,97.74219,-35.26758,37.9812,66.79834,18.267506,-39.396362,30.401855
560,85.98511,-83.27246,81.08496,-52.404297,18.488892,46.90576,-30.952398,-75.18582,-4.650879
561,96.32959,-70.660645,94.32715,-61.887695,26.122437,14.623535,-8.932434,-71.75125,-16.998291
562,108.60791,-53.885986,114.538086,-44.458008,49.35132,9.27002,40.15366,-44.933655,4.371582
563,98.038086,-71.46802,103.47461,-32.92285,43.837036,41.103027,35.198353,-41.42575,17.775635
564,87.65137,-79.59155,86.77832,-36.870117,36.470947,65.69238,10.113873,-45.553192,18.99707
565,84.4314,-78.50098,83.225586,-42.935547,25.111084,71.728516,-3.9342194,-51.434998,21.571777
566,87.96655,-65.70459,84.88965,-48.916016,25.317505,51.63867,17.185062,-39.499664,32.904053
567,88.78516,-65.966064,95.79004,-46.445312,36.546753,38.72412,36.817722,-39.26764,27.208984
568,99.93286,-62.67871,99.34277,-51.05078,33.83374,17.668457,-0.089157104,-72.009,-20.595947
569,103.2854,-55.99707,96.612305,-48.90625,31.603271,20.52832,-21.177399,-81.43228,-31.394775
570,99.8999,-57.918457,98.978516,-46.62793,35.493652,36.934082,2.9575233,-52.9682,5.7558594
571,93.28052,-62.722412,95.06738,-37.08203,38.729492,51.374023,38.340664,-29.62439,40.680664
572,98.17822,-61.677246,100.14258,-25.84961,38.04358,63.948242,32.05044,-33.898132,37.974365
573,87.93457,-73.420166,93.356445,-36.091797,35.432495,69.18408,11.651012,-44.819244,19.881592
574,95.168945,-72.227295,97.291016,-58.20508,37.840088,42.17041,-0.74664307,-53.7464,-4.218506
575,92.68555,-68.0166,103.075195,-65.21289,36.37024,16.264648,4.906193,-58.381897,-5.463379
576,108.31641,-52.072266,116.06641,-36.55957,33.046997,24.200684,12.666187,-57.525146,11.841064
577,92.394775,-72.41919,101.47461,-36.981445,29.552856,46.70996,2.8535194,-59.486847,8.030518
578,98.00708,-69.43628,101.62598,-42.55078,36.991577,61.715332,-5.670948,-62.262573,1.972168
579,89.791016,-68.70386,108.13379,-45.10742,47.766235,64.69238,20.073986,-37.473236,24.318115
580,85.278564,-68.44238,105.17578,-41.83789,49.396973,63.004883,54.0415,-12.645691,53.374756
581,89.62866,-67.76709,105.17871,-37.77832,42.156372,51.975098,33.823513,-25.971588,34.074707
582,104.62378,-61.487305,104.32031,-47.273438,21.515259,31.016113,-37.467857,-81.72449,-26.703613
583,104.20068,-62.09546,100.58887,-49.1084,20.220825,37.966797,-49.281708,-97.450714,-28.748291
584,87.0083,-75.16553,102.31348,-60.825195,38.97998,41.336914,7.4495583,-60.73111,5.4978027
585,85.86963,-71.98291,104.41016,-56.94043,41.87805,38.046387,52.249958,-28.100739,36.990967
586,92.38208,-74.50342,105.82715,-43.924805,34.810425,51.55713,36.951977,-32.08145,33.455566
587,97.64404,-68.07031,98.69336,-42.63965,24.678345,60.29541,-12.423855,-54.52414,6.2250977
588,96.298096,-64.60254,93.319336,-55.964844,11.777954,36.659668,-45.020992,-82.72452,-19.09082
589,102.19336,-55.246338,108.44824,-50.73633,10.786743,27.827148,-22.635128,-73.92975,-2.2946777
590,84.440186,-73.94873,109.22168,-49.433594,37.215576,36.48877,20.685177,-56.019867,15.724609
591,81.338135,-83.37085,102.61719,-51.16797,38.640747,41.223633,18.281834,-53.812958,4.6413574
592,87.26636,-78.69336,94.92383,-53.573242,35.45215,49.120605,4.7759056,-49.511993,7.0288086
593,83.13159,-71.68457,98.51953,-44.624023,36.55188,55.13379,29.18311,-27.746918,40.426025
594,97.25342,-65.4812,102.91504,-30.973633,24.12024,54.512207,13.701756,-38.872406,32.44702
595,104.884766,-59.00293,104.461914,-33.61133,17.950562,40.53076,-25.375141,-77.231415,-9.272705
596,94.14868,-71.56128,94.387695,-45.308594,15.54248,42.620605,-38.08539,-90.36066,-24.924805
597,86.796875,-72.93994,94.98926,-59.895508,36.412354,36.010254,2.731205,-57.857666,3.5268555
598,99.82202,-49.905518,115.65918,-27.223633,58.5542,57.813477,57.03136,-14.982239,50.470703
599,95.00464,-64.718506,111.703125,-37.088867,43.22058,53.831543,33.402996,-34.20392,31.997559
600,101.903564,-58.5459,106.978516,-34.195312,31.765747,55.884277,-18.351826,-61.73239,2.7885742
601,121.362305,-43.30835,120.708984,-37.533203,38.57068,54.26367,-19.49221,-59.693085,0.46533203
602,115.52881,-40.50464,112.950195,-39.78418,33.407227,45.60498,0.7931709,-56.670685,13.117432
603,107.03931,-56.071533,113.24512,-40.612305,47.8396,43.59082,33.541416,-38.931854,31.486572
604,93.3562,-65.72876,113.70117,-38.179688,50.18921,50.698242,28.155872,-35.4299,25.869629
605,102.0354,-64.46582,106.60449,-55.433594,41.18103,45.563965,-13.316864,-57.952576,1.3493652
606,106.18115,-55.721924,114.265625,-55.520508,50.4812,45.79883,-3.1507072,-52.014984,9.288818
607,99.84839,-63.0083,111.5166,-64.04199,41.75525,19.130371,11.03989,-56.587708,5.275879
608,121.11792,-41.891846,129.32715,-33.604492,51.970337,53.828125,28.353596,-36.63083,27.249268
609,110.01611,-57.07617,118.62012,-41.24121,41.484375,56.759766,5.174534,-46.819824,21.083984
610,105.15015,-62.30957,114.01758,-56.24121,41.527466,44.362793,-6.8766937,-52.125977,7.0612793
611,101.0979,-57.295654,115.17578,-52.12793,59.600464,44.237305,28.804478,-33.875397,22.335938
612,86.81665,-71.73193,113.390625,-52.714844,45.776123,31.641602,24.89883,-43.795776,20.606201
613,98.984375,-69.31421,112.74219,-54.835938,42.347534,27.947266,9.744198,-46.827423,10.8479
614,120.125244,-39.66382,129.25293,-29.004883,60.524292,59.91992,7.12817,-32.15561,20.951416
615,110.64258,-43.540527,120.60547,-38.978516,50.343872,66.396484,8.427471,-37.71219,21.374268
616,100.0813,-50.378418,123.22754,-35.6709,59.7594,67.6543,46.15272,-14.74884,50.026367
617,105.52612,-50.858154,121.38672,-38.70508,52.04431,57.84668,48.911503,-15.997742,45.615234
618,108.61011,-49.152588,120.33594,-32.788086,57.45215,66.94336,24.503567,-22.886078,37.986816
619,97.876465,-62.35083,109.737305,-55.90918,44.038208,48.776367,-14.805634,-48.926697,9.762695
620,109.45947,-48.758057,125.5918,-48.000977,62.101562,46.585938,18.763187,-29.37619,24.765625
621,110.5918,-41.354248,117.77832,-42.279297,46.078613,42.284668,30.426128,-35.05493,25.746094
622,118.13989,-45.12549,131.02344,-21.222656,63.47339,81.896484,46.834843,-11.240845,58.192627
623,108.92554,-53.21924,108.80664,-46.124023,36.941895,58.296875,-11.36438,-55.769928,11.226074
624,99.34717,-58.0979,112.84277,-49.007812,58.723267,67.16797,12.63879,-31.68512,28.393555
625,95.756836,-51.558105,116.4375,-46.489258,55.839478,49.722168,31.014713,-24.597015,35.274902
626,81.75586,-68.01367,121.5791,-42.635742,53.044678,38.410645,41.63464,-21.221466,35.21118
627,57.806152,-87.937256,105.12891,-46.447266,31.632202,27.734375,-0.5399666,-61.83676,-11.569824
628,29.301758,-113.3374,93.916016,-49.989258,31.769165,45.115234,-27.716969,-73.891785,-14.417725
629,-5.0808105,-132.63013,85.637695,-52.331055,29.40857,48.354004,-7.603039,-54.57547,12.354004
630,-41.66919,-161.59912,74.69922,-53.805664,24.66272,42.605957,18.54607,-41.8226,28.986572
631,-64.73535,-183.51343,69.94629,-58.185547,19.23462,36.88965,2.6542244,-51.26071,13.367676
632,-70.34033,-190.92651,73.828125,-64.50586,17.020386,30.878906,-26.916485,-70.095,-17.33252
633,-80.34204,-201.80249,71.28516,-81.02246,14.112793,9.684082,-46.499687,-88.66507,-41.08618
634,-79.818115,-191.01562,77.62207,-61.859375,25.69397,19.46582,-19.35587,-70.5444,-13.68042
635,-103.32202,-217.26562,73.91992,-54.953125,30.949585,41.431152,17.797077,-39.20117,30.706787
636,-116.70679,-235.38452,58.7334,-65.94531,15.25708,37.65039,0.37047958,-50.95157,10.855469
637,-126.69995,-247.63184,57.229492,-71.45703,18.788208,44.237793,-21.452656,-61.40448,-3.8535156
638,-136.5669,-251.09277,59.145508,-74.89844,27.974365,38.319336,-11.144009,-56.198853,1.6945801
639,-146.12573,-254.55933,62.02832,-80.700195,28.283691,18.379395,14.289013,-47.22278,9.825439
640,56.3667,-9.408203,78.61133,-1.9970703,63.093872,-0.7158203,-51.72738,-78.09009,-46.256836
641,45.00537,-12.756348,72.399414,-14.396484,59.468506,-11.510742,-27.714813,-72.34656,-42.473877
642,49.674072,-6.4731445,76.30664,1.4941406,69.6145,-1.4194336,12.064915,-52.41742,-15.821533
643,55.360596,-2.345459,72.15234,9.125,68.21423,11.970703,11.271084,-42.375336,-12.909424
644,53.75879,-6.612549,63.460938,0.16210938,57.25659,14.006348,-28.061607,-56.979584,-22.83667
645,49.13086,-8.548584,65.631836,-5.520508,61.872803,5.3779297,-31.054037,-62.944275,-27.126709
646,70.21387,15.094727,96.38867,7.3740234,82.997925,-16.66211,-3.9320107,-58.9711,-27.648193
647,58.418457,0.31958008,79.58984,4.901367,65.52161,-15.363281,-5.7049522,-74.16818,-40.24341
648,56.3667,-5.2995605,75.831055,8.432617,66.1272,12.488281,-11.313244,-66.2348,-32.019287
649,54.728516,-12.841064,74.37207,1.1435547,77.287476,22.50293,-14.581005,-47.325104,-15.170898
650,40.93799,-12.519531,74.5918,-2.5253906,68.68945,4.459961,-14.06868,-50.649048,-11.130127
651,50.252686,-4.8442383,81.32617,4.288086,72.27893,-13.184082,1.5945015,-50.550873,-12.389648
652,53.50659,-7.7353516,82.15234,2.1914062,71.885864,-30.723633,-14.247971,-75.138794,-45.868164
653,46.353516,-16.093018,61.282227,-4.3964844,50.224976,-22.425781,-46.91272,-101.36539,-79.555176
654,48.751953,-9.069092,69.484375,1.1054688,62.394897,10.209961,-24.65522,-67.79764,-39.806885
655,54.889893,-1.6948242,79.583984,8.977539,78.15698,12.235352,11.566769,-32.762634,4.288086
656,61.00659,7.729248,84.03613,14.87793,74.00049,4.370117,9.508854,-37.03357,3.7185059
657,55.70117,-1.3354492,72.09375,4.209961,60.441406,-15.09082,-33.605457,-72.30945,-48.270996
658,57.44287,0.068847656,77.84473,-1.4462891,69.43384,-19.10205,-44.35623,-83.08264,-78.71777
659,54.97998,2.9206543,72.225586,-2.3066406,68.94556,-21.282227,-17.473152,-71.40143,-68.60742
660,51.17383,6.638672,77.21875,13.595703,76.30176,5.32959,26.581661,-27.664093,-6.334717
661,52.077393,5.6816406,74.759766,29.483398,76.122314,25.240723,17.408619,-25.105927,3.8029785
662,54.68042,5.0092773,68.65039,25.145508,61.679443,15.395508,-41.406647,-62.974304,-36.74414
663,51.958496,5.857422,71.87598,7.451172,66.989624,-11.123047,-43.75725,-75.24661,-59.79834
664,44.871826,1.1437988,71.21582,2.1884766,69.352295,-34.861816,-15.667721,-75.67169,-72.27222
665,46.685547,0.1538086,70.2832,13.822266,67.9303,-20.597656,9.909634,-53.220123,-45.219482
666,55.15674,3.8676758,63.671875,32.456055,58.84607,12.293945,-6.521488,-43.44586,-24.845947
667,61.276123,10.482666,69.08496,27.813477,62.68811,28.131836,-28.7235,-50.335968,-26.77295
668,64.29224,18.60376,71.18848,24.601562,74.99487,23.200684,-19.920189,-53.554657,-26.17334
669,53.75171,9.438232,73.27051,13.306641,73.60864,-7.0668945,7.976246,-50.032654,-30.932861
670,55.847412,1.6650391,78.896484,21.760742,82.69519,-15.6171875,16.076412,-47.316437,-43.297363
671,61.026855,2.4467773,70.37793,31.500977,65.31958,-3.4082031,-20.417599,-56.97473,-55.788086
672,65.31079,8.44751,67.91699,15.505859,58.003662,3.2177734,-39.275063,-62.429382,-47.623047
673,56.896484,1.0402832,75.33887,4.598633,75.39612,2.0341797,-17.758629,-54.816986,-30.747803
674,50.956543,-10.2265625,77.88379,10.594727,81.0177,2.9995117,13.914036,-45.785156,-18.812744
675,52.58667,-9.987549,73.375,21.854492,72.15918,11.564453,5.060055,-40.708405,-27.074463
676,58.544434,-9.4748535,72.1084,14.75293,68.055176,-2.3901367,-29.762684,-58.289917,-55.11255
677,49.303955,-7.7111816,66.54883,3.0429688,56.951782,-19.24707,-36.31044,-68.19092,-59.390625
678,60.796143,3.6242676,75.63672,15.845703,62.196777,-8.4921875,-9.370308,-52.8591,-30.773682
679,64.62549,2.8830566,81.61621,26.844727,74.17346,-3.7993164,5.357502,-42.029755,-24.353516
680,62.93457,0.51538086,86.37988,24.25586,74.46692,10.510742,-17.089062,-54.75125,-40.524902
681,48.93213,-16.416992,70.19336,1.0712891,60.594482,-6.4506836,-42.716187,-73.164734,-65.02246
682,42.239014,-16.89795,66.94238,-2.6669922,59.827637,-15.569336,-20.022568,-55.966187,-46.941406
683,47.43994,-10.169189,75.58594,12.792969,66.3689,-12.489258,5.178608,-38.949615,-25.364258
684,67.84131,2.5004883,84.68848,26.40918,67.54736,-0.8930664,-7.0343857,-42.27002,-31.945312
685,60.284668,-12.35083,74.65137,13.105469,61.468628,-3.3671875,-50.480232,-80.87439,-69.32495
686,60.52417,-8.890869,71.603516,1.5917969,59.537598,-8.029785,-49.363884,-78.76871,-64.72876
687,59.244385,-3.1501465,81.80664,6.6660156,75.86792,-6.802246,12.065121,-35.485657,-22.789062
688,62.982178,-7.129883,84.115234,11.3046875,76.11267,-18.846191,24.867641,-27.384216,-20.057129
689,69.48755,-5.2001953,77.63281,18.0,69.28992,-8.8125,-14.487579,-51.532104,-50.09546
690,57.06421,-17.077148,64.91211,2.0664062,43.008667,-17.084473,-64.53895,-87.95325,-89.04736
691,58.902588,-4.338379,81.552734,16.15332,64.05029,-7.456543,-45.368877,-85.14688,-71.12598
692,44.128906,-20.358154,79.475586,14.43457,68.83142,-6.9155273,-3.5876617,-59.858124,-37.058838
693,36.07666,-32.73877,78.86719,14.735352,72.45459,0.21142578,8.661602,-34.982605,-21.986084
694,33.240723,-36.243896,68.66211,-0.421875,65.863525,-4.559082,-16.172802,-46.080566,-41.618164
695,52.097412,-11.190186,72.21387,13.038086,73.67651,-12.251465,-22.260906,-51.969696,-54.176758
696,43.98291,-11.045898,70.67676,10.337891,55.79834,-29.03711,-28.154682,-65.01111,-66.06348
697,48.6792,-11.82666,72.91699,21.862305,51.835327,-16.45166,-31.848755,-74.55682,-62.56787
698,58.16797,1.935791,82.99121,44.211914,69.80371,21.002441,-19.939632,-62.429535,-48.07715
699,39.135254,-16.904541,72.74805,23.168945,70.70239,23.573242,-22.182686,-46.840973,-39.513428
700,37.398193,-20.955322,67.05371,1.4033203,67.872314,-3.859375,-13.023865,-39.143402,-30.537354
701,49.17041,-7.6047363,85.45996,9.703125,85.91699,-22.891602,15.059277,-28.781464,-26.1333
702,44.661377,-25.23999,80.58008,1.5996094,67.25403,-49.60205,-15.100441,-61.81125,-66.964355
703,52.356934,-14.848877,86.046875,19.964844,69.28723,-15.62793,-37.53228,-72.28714,-74.678955
704,40.092285,-16.30371,72.82031,17.166016,77.93042,7.2216797,-36.810135,-68.46332,-59.20703
705,40.582275,-11.144043,75.62793,24.49414,80.64441,22.837402,18.322224,-19.287964,-4.9907227
706,51.619873,-7.496338,78.56152,30.601562,89.136475,12.402832,39.44237,-6.8306885,4.4262695
707,46.80835,-17.560547,72.07324,13.630859,69.80591,-15.47168,-4.1842957,-42.885254,-43.787354
708,56.597168,-11.733643,74.26367,7.7841797,62.695557,-26.251465,-43.551167,-68.04767,-78.3689
709,50.77173,-18.085205,75.802734,-7.5527344,55.863037,-42.9292,-57.37162,-81.8161,-89.95752
710,47.38159,-13.380615,81.6582,6.510742,65.848145,-29.21289,-22.579292,-68.699585,-60.061768
711,51.628906,-10.8828125,85.12012,30.413086,78.541504,15.629883,22.84225,-26.497559,-8.093262
712,55.82129,-13.130127,79.38867,26.95996,77.822754,17.33545,6.6219063,-31.60376,-22.63794
713,66.8811,-3.8996582,77.14258,16.139648,72.8761,6.658203,-17.58311,-40.840637,-40.361572
714,60.57007,-5.1992188,86.0791,15.041992,73.24158,-16.5542,-17.135517,-46.794067,-45.25293
715,57.691406,-8.279785,79.22266,14.432617,58.579468,-41.71045,-24.834892,-63.40503,-62.340332
716,46.07788,-22.975586,75.521484,12.238281,49.35193,-39.978027,-49.011707,-83.981476,-83.311035
717,34.084473,-39.39209,66.262695,3.6669922,51.745117,-11.506836,-44.75009,-73.3757,-67.82349
718,31.969727,-33.154785,65.12891,4.6845703,69.95093,-3.3144531,-15.237061,-45.9205,-43.135742
719,37.67505,-19.345947,78.37305,15.71875,78.5719,4.525879,20.210255,-21.01825,-10.696777
720,57.770752,-1.6977539,91.546875,36.76953,81.12341,10.475098,20.2541,-12.858887,-7.5043945
721,56.28662,-5.657959,77.12109,28.238281,43.96216,-19.02246,-57.218307,-72.74463,-70.45532
722,53.975098,-14.643311,72.924805,-0.015625,37.510254,-47.919434,-88.20347,-103.03323,-110.93091
723,54.906494,-8.093018,82.086914,4.1259766,75.39819,-25.346191,-25.75204,-60.997192,-66.90527
724,48.998047,-16.991943,93.2959,22.94336,91.121704,13.111328,38.710796,-11.722473,-3.039795
725,48.364746,-11.54541,85.06543,39.18164,80.01575,21.792969,28.20103,-12.861237,-7.8757324
726,41.603027,-25.154297,68.4375,12.615234,49.702393,8.7265625,-38.093327,-58.759125,-50.84326
727,54.452393,-2.9248047,76.11914,18.09668,56.467407,0.03955078,-48.344887,-67.50549,-61.184326
728,59.508545,5.715576,83.78906,13.250977,63.39734,-39.64746,-24.632092,-61.525238,-64.98584
729,56.103027,0.49438477,87.09375,20.873047,73.16577,-38.754395,4.4451866,-49.170685,-55.2959
730,55.631836,-11.622803,79.646484,19.170898,71.658936,-9.686035,3.6432915,-41.742004,-47.372803
731,50.600098,-11.428711,71.35742,21.058594,66.22571,17.555664,-15.882427,-37.210175,-35.198242
732,41.922363,-19.697754,68.8457,13.182617,59.001587,8.324707,-16.050713,-37.983337,-30.299072
733,40.89673,-17.278809,77.13379,14.542969,67.94763,1.3569336,5.483616,-33.80594,-22.835693
734,46.15454,-16.24878,80.430664,14.845703,63.84326,-22.992188,-15.926659,-60.885498,-58.73535
735,54.72827,-10.56665,78.39453,16.617188,64.83252,-29.849121,-37.97068,-74.01657,-77.907715
736,54.491455,-15.284424,79.14551,9.572266,66.22168,-13.776855,-24.21249,-56.463867,-61.74878
737,35.299316,-27.293701,72.55859,3.4638672,66.773926,-7.9262695,1.5616875,-34.848175,-31.25586
738,43.803223,-12.297852,75.24902,20.84668,68.49243,5.692383,18.577473,-21.934418,-13.476074
739,59.39087,-10.235107,86.58984,28.765625,69.1134,16.08252,-7.697029,-38.047577,-31.130371
740,53.519775,-8.499512,74.72754,8.736328,46.765747,-24.643555,-70.86627,-92.2587,-90.39136
741,34.553955,-25.135254,63.529297,-3.600586,41.68994,-36.27002,-56.468964,-86.46475,-85.10156
742,38.388184,-11.905273,75.271484,24.238281,67.15674,-9.179199,6.805744,-37.49591,-30.611328
743,30.412842,-28.508057,72.18555,21.743164,56.915527,-3.0419922,7.9126244,-35.69516,-27.592773
744,40.82422,-17.041748,77.22656,35.679688,61.87024,16.398438,-18.110443,-46.2706,-39.44873
745,23.906982,-38.84424,64.609375,-5.0585938,47.879517,-12.893555,-60.446712,-80.44272,-80.5022
746,34.360596,-22.41455,74.89551,-2.4082031,54.408813,-30.093262,-44.63553,-79.8259,-72.05127
747,40.84082,-14.756836,79.81055,11.873047,62.789307,-24.872559,4.6151924,-44.350586,-39.28711
748,48.696533,-16.482666,79.01465,23.079102,59.587036,-10.931152,-6.049488,-47.791046,-45.570557
749,37.441406,-29.80664,70.634766,12.707031,58.195435,-3.3461914,-42.749577,-67.74295,-62.794434
750,35.680664,-30.709229,74.600586,-1.1044922,53.078003,-6.0810547,-40.947933,-59.08069,-56.838867
751,31.073975,-27.182617,76.5918,3.7207031,58.35034,-23.095215,-15.844688,-52.99112,-51.6333
752,24.546387,-37.92578,80.331055,2.149414,62.425293,-36.035645,-6.566181,-59.686676,-64.275635
753,32.952393,-33.242676,79.91797,4.6552734,64.40015,-24.277344,-14.857376,-55.660156,-67.001465
754,30.755127,-29.768066,67.98242,-1.7207031,55.35901,-15.370117,-44.669987,-69.30719,-73.166016
755,30.510742,-28.61084,64.3457,-7.100586,50.63318,-20.145996,-33.18995,-66.78293,-60.56543
756,34.843994,-21.924316,72.83301,1.3291016,61.46289,-17.72461,-2.6163216,-45.704407,-36.523926
757,32.60913,-35.357666,77.07715,-4.330078,56.627075,-29.5708,-8.82357,-57.06482,-60.07959
758,44.73877,-26.51416,82.793945,5.176758,65.03186,-16.589355,-23.677513,-55.051727,-65.1958
759,42.15039,-22.70337,81.88965,4.3251953,69.572266,-9.733398,-19.343292,-47.212677,-53.98413
760,29.318604,-28.673584,83.21973,4.9375,73.03784,-4.3276367,0.970356,-35.527466,-27.540527
761,25.479248,-28.237793,79.81055,8.422852,64.29199,-8.811035,-0.41902924,-42.561127,-33.449463
762,31.347412,-29.610596,75.9375,11.327148,51.437256,-12.719238,-35.26976,-68.00278,-63.857178
763,37.624023,-24.318604,74.072266,7.2802734,55.24597,-19.634766,-42.49541,-68.440735,-79.21289
764,46.553223,-14.199463,85.17383,14.151367,63.69751,-21.124023,-19.300278,-49.692596,-53.949707
765,43.260498,-15.118652,85.762695,27.710938,63.18164,-4.3168945,4.285412,-35.770355,-30.18457
766,45.11084,-15.469482,78.572266,25.424805,62.834106,5.6313477,3.379078,-38.006104,-30.395508
767,41.6687,-15.911865,80.63867,22.930664,62.487427,7.6987305,-21.710201,-48.306458,-47.947754
768,25.956543,-28.475586,66.78418,-0.7890625,48.555298,-9.92627,-48.631336,-65.35651,-67.504395
769,47.34253,0.27246094,88.612305,22.257812,67.68921,-7.692383,-14.122738,-44.402527,-43.663086
770,53.43286,4.19458,80.862305,18.21582,41.686157,-48.558594,-38.231194,-82.93854,-84.00366
771,51.077637,-0.77246094,86.20117,30.53418,63.426025,-8.161621,-11.6110115,-50.906372,-51.57202
772,46.97876,-7.7507324,80.31348,17.220703,61.444824,10.957031,-20.68169,-40.1416,-40.952393
773,46.572998,-2.958252,72.83984,18.833984,63.17737,14.789551,-10.076092,-31.082123,-22.687744
774,46.53711,-4.7990723,80.02637,19.475586,70.84253,-2.8671875,12.245922,-31.515808,-21.350342
775,50.331787,-1.8427734,78.11914,26.19336,50.79065,-16.886719,-23.468319,-63.641846,-58.184814
776,53.484375,-6.3830566,74.54883,18.12207,45.329224,-30.336426,-57.500378,-89.9487,-100.57568
777,56.65454,8.348633,78.802734,16.911133,63.12854,-17.33545,-33.00673,-64.00241,-78.38916
778,48.292725,4.7680664,77.07129,17.46875,69.29651,0.42089844,5.1205406,-26.45465,-24.33081
779,35.52954,-1.199707,74.506836,22.191406,66.05444,1.78125,21.239925,-19.843689,-12.645996
780,46.35205,4.987549,76.79297,44.543945,74.26831,22.224121,5.891659,-30.713104,-21.478516
781,42.086914,-0.5175781,67.41113,26.051758,48.118286,-2.5297852,-51.740448,-76.84375,-74.910645
782,58.048096,16.28125,73.02637,19.493164,55.053467,-10.956543,-40.441223,-67.191895,-64.75708
783,54.28296,11.800293,70.42578,23.814453,56.097168,-22.753418,-2.4805489,-46.277344,-47.597656
784,52.75757,5.990967,81.49219,35.535156,70.14783,-9.260254,16.422146,-26.490631,-26.519043
785,51.91626,4.286133,75.28906,32.282227,60.63867,6.526367,-20.642216,-47.077515,-40.93799
786,44.301025,-4.8256836,69.57324,23.871094,57.997437,16.361816,-43.840317,-58.13388,-49.54297
787,34.046143,-4.006592,67.00098,9.944336,46.44397,-8.236816,-41.335205,-67.64459,-55.332275
788,57.265137,13.952393,87.146484,29.114258,62.95703,-10.852539,1.9777489,-43.25238,-37.304443
789,54.655518,10.226318,74.02344,35.166992,50.89734,-8.016113,-8.398964,-47.612854,-48.346436
790,54.004883,6.0393066,72.75,29.032227,58.5802,-1.8344727,-22.17532,-48.119904,-56.665283
791,40.99829,-0.7805176,68.06738,15.640625,66.77832,-2.1108398,-20.559193,-44.17871,-46.53882
792,50.29419,7.4936523,77.65234,22.079102,68.85913,6.5805664,-2.7929878,-33.848602,-23.486572
793,55.03369,10.237793,83.76465,33.725586,66.70947,7.348633,-5.3190956,-36.88568,-21.57129
794,58.918213,10.636963,78.66016,31.841797,62.020996,3.9257812,-19.185543,-44.573853,-41.233887
795,56.01831,7.211914,73.03613,21.012695,53.14868,-3.5371094,-38.848183,-57.474884,-66.08911
796,53.98706,11.197266,72.26172,21.504883,56.314087,-5.321289,-19.600758,-50.196136,-52.65796
797,51.40918,13.801758,74.19336,26.973633,51.72888,-11.737793,-5.349804,-46.399994,-42.463623
798,62.537598,17.790283,84.34473,33.679688,56.39807,0.1586914,-10.607151,-45.193268,-37.822266
799,48.61377,1.0361328,72.34082,23.131836,47.87854,10.953125,-44.92008,-59.220734,-49.385986
800,44.296875,5.0476074,72.62793,22.330078,60.87451,10.358398,-28.722546,-43.483917,-40.12036
801,45.23291,3.128662,77.54492,21.911133,70.07214,2.088379,5.425686,-31.083496,-30.41333
802,55.046143,13.808105,78.91016,28.65332,56.802734,-8.678223,-5.5490875,-53.0047,-51.78711
803,56.317383,8.474609,74.63672,33.788086,45.63806,1.8310547,-37.237137,-67.19824,-61.733643
804,34.19507,-15.705078,63.052734,4.7929688,36.490112,-6.0927734,-65.63283,-78.11368,-68.82764
805,43.038574,-2.291748,79.87109,10.949219,60.96338,0.5229492,-27.705513,-43.983154,-34.806396
806,46.61084,13.175049,79.288086,15.0078125,63.82068,-8.244629,4.2693825,-33.776855,-27.311035
807,52.927246,14.968506,84.81152,32.291992,67.994385,-3.6860352,9.382206,-40.650146,-38.559814
808,50.931152,6.659668,72.43652,19.72461,45.501953,-10.67627,-46.569542,-78.700134,-86.38599
809,38.937256,-0.7944336,62.996094,13.307617,33.76416,3.9169922,-62.47358,-76.588715,-71.23511
810,41.82422,5.9855957,75.03027,21.216797,59.314087,14.591797,-9.819759,-31.853882,-24.718262
811,45.351074,8.526611,77.43652,24.691406,54.63025,1.7504883,0.4513893,-32.725983,-21.510498
812,51.68335,7.3657227,85.10156,25.480469,65.35193,14.765625,2.472599,-27.03247,-20.856201
813,48.154297,-0.49291992,69.91992,9.276367,46.40149,-17.742188,-45.342415,-76.157074,-84.33472
814,52.656494,8.977295,76.225586,13.90625,54.557495,-5.4995117,-35.828236,-67.289215,-69.499756
815,47.81787,11.600586,75.92676,21.335938,55.881714,3.9248047,-3.9255142,-37.100952,-25.18335
816,39.909668,-3.5864258,69.87207,20.886719,45.066406,2.253418,-8.70179,-39.389404,-26.06372
817,43.073242,-0.51586914,68.09277,29.189453,44.100464,19.939453,-35.10254,-53.040436,-36.56494
818,53.329346,9.038818,73.93164,22.520508,47.866943,17.733398,-54.50901,-71.230804,-56.215576
819,55.50293,13.724365,75.25,13.701172,52.55591,-17.512695,-31.740063,-67.30783,-64.86279
820,53.816162,13.855225,82.3584,24.760742,61.493896,-14.847168,4.048458,-40.95392,-39.558838
821,40.63623,4.8967285,69.956055,28.091797,45.27124,-1.6005859,-13.550632,-46.407562,-36.998047
822,42.321045,5.4213867,67.37891,23.970703,49.835815,17.440918,-34.519615,-48.799377,-41.443848
823,40.52466,18.032227,61.4209,27.360352,45.37964,23.32666,-41.663067,-51.682922,-36.3562
824,42.549805,28.494385,64.46094,40.499023,50.891357,13.57959,-26.413265,-53.445923,-32.939697
825,39.5542,25.286377,68.913086,41.095703,47.41455,-6.715332,-25.112091,-63.628937,-49.277832
826,48.839844,28.796875,66.12109,42.203125,47.943237,-12.891602,-34.405724,-65.69379,-70.14502
827,47.55786,34.789062,63.314453,39.427734,48.850464,0.6645508,-42.790924,-59.045837,-57.950684
828,35.91992,26.60913,61.38379,41.79883,60.04309,28.056152,-8.127701,-25.49472,-3.2519531
829,31.240723,29.588135,59.612305,48.807617,57.671265,29.473145,11.008205,-19.444458,8.186279
830,34.541748,27.639893,61.13379,59.34082,49.703003,24.246094,-13.580311,-48.47113,-28.524902
831,40.035156,29.842285,60.484375,50.583008,45.800537,8.37207,-57.761257,-81.42215,-69.340576
832,40.07422,33.068848,63.384766,37.76172,45.63562,-0.41796875,-55.823685,-76.75256,-76.414795
833,46.892822,53.46411,71.76758,57.342773,57.19568,-7.5839844,-4.1143,-38.474304,-37.997803
834,43.37915,45.647217,82.953125,67.02246,75.17285,13.724609,28.02441,-9.450653,-0.13647461
835,29.450195,26.783203,55.708008,56.908203,49.850098,23.754883,-17.440914,-37.990814,-20.51123
836,33.777344,34.449707,56.38379,51.049805,45.17737,33.220703,-45.524597,-60.137177,-39.18872
837,27.131592,33.406982,61.92285,54.683594,62.174316,35.092773,-15.502968,-46.791107,-28.262695
838,21.191162,28.98413,69.50879,50.59375,68.95288,17.457031,16.008,-26.249481,-19.18628
839,37.732178,34.13916,74.07129,54.29883,63.73523,8.838867,1.7265129,-35.9339,-35.358887
840,31.14087,19.542969,56.2666,29.955078,32.203735,-17.46875,-61.120148,-77.42197,-74.71997
841,20.669922,11.281982,55.41211,22.173828,43.51758,2.8515625,-50.59208,-59.222565,-44.539062
842,34.58618,26.435059,67.8916,43.748047,57.891113,27.52295,-4.7197075,-29.084259,-11.694824
843,29.168213,18.789062,62.250977,45.49707,57.442017,24.18457,10.592197,-33.45636,-16.390137
844,32.972412,19.204346,66.0791,46.115234,59.619507,28.441895,-1.3540573,-36.257416,-27.63501
845,32.91504,8.668213,74.796875,32.479492,67.496216,23.833496,-17.34262,-36.832306,-38.609375
846,38.943604,23.158691,71.13672,19.229492,56.52649,-12.001465,-39.001167,-59.11133,-55.21704
847,41.558594,27.849854,81.103516,29.161133,57.158813,-0.7441406,-15.045803,-45.521667,-26.570557
848,44.046387,30.752441,72.25,35.521484,47.394775,4.930176,-15.74712,-47.388123,-26.394043
849,38.101807,17.047607,67.021484,24.72168,45.453125,15.037598,-36.304703,-56.40439,-43.194336
850,28.532959,10.893066,63.89258,16.84961,56.233887,20.089844,-24.25393,-43.183655,-35.133057
851,31.864014,9.682617,71.5332,14.776367,68.578125,11.973633,8.252201,-19.57019,-18.08496
852,37.44214,21.568604,78.04004,29.396484,65.09387,-1.4111328,13.225033,-27.48642,-22.625244
853,42.08618,24.561035,70.075195,30.713867,37.914062,-5.310547,-44.534115,-69.302,-53.061523
854,38.785645,22.501953,65.23633,37.904297,36.58423,30.784668,-66.72397,-67.260956,-42.50171
855,49.19629,33.08252,63.62793,30.973633,46.279785,26.733887,-31.130558,-47.253815,-23.04956
856,24.739502,14.629883,56.60254,16.026367,53.002197,6.4345703,10.203983,-24.625214,-13.4626465
857,27.21582,13.230469,76.64258,32.086914,73.90039,14.748535,38.15845,-4.8645325,-2.7595215
858,30.399902,7.634033,71.40723,26.664062,52.65686,3.3413086,-21.434845,-46.976135,-45.950195
859,27.214844,9.229248,62.039062,12.829102,41.44275,-9.414551,-68.23543,-79.82761,-71.38672
860,26.940674,12.924072,56.61914,17.53418,28.514404,-5.7856445,-73.92992,-91.699036,-65.90234
861,32.400146,26.698242,69.447266,35.751953,49.095947,9.175781,-11.62775,-49.355713,-21.0083
862,23.015625,16.117676,58.66504,27.892578,38.786377,11.205566,-5.274639,-33.94107,-19.435547
863,23.747314,8.285156,57.96582,22.40332,44.659058,21.091309,-18.488625,-35.91336,-30.057861
864,33.760498,19.951416,67.677734,15.421875,53.976562,6.434082,-24.73565,-42.29431,-43.839355
865,44.48633,38.107666,72.856445,20.838867,49.256226,-14.487305,-22.753311,-51.845276,-48.006104
866,40.537598,26.593506,71.0,34.72754,38.863037,-2.2382812,-30.536285,-59.561615,-41.871094
867,32.351074,20.112793,61.890625,32.194336,29.67395,9.495117,-56.61365,-72.087006,-53.520752
868,27.261963,19.7146,55.091797,27.762695,42.059692,29.66455,-41.324608,-46.874176,-34.59082
869,19.76294,20.153564,53.367188,29.953125,52.66919,33.976562,-6.5626297,-21.38147,-6.4831543
870,19.861084,22.165527,61.256836,31.111328,53.86914,17.279297,12.768658,-14.516449,-3.2666016
871,31.710693,32.036865,68.356445,41.024414,44.877197,-6.145996,-21.10154,-44.682556,-39.915283
872,17.85669,16.23291,50.000977,29.760742,19.490479,-2.5439453,-80.44403,-88.91861,-73.093994
873,24.176758,23.989258,55.88086,35.354492,35.907715,28.222168,-68.65822,-64.887024,-44.36328
874,14.955566,25.60962,67.265625,49.089844,64.96765,43.64209,-0.273304,-13.315704,10.935547
875,9.293213,14.885498,62.80664,46.557617,65.69861,43.52588,32.809734,-0.7430115,22.811523
876,9.7561035,11.3845215,58.541992,45.05957,60.588745,43.08545,6.3055305,-17.231903,-1.578125
877,23.307129,20.299316,57.58496,34.73633,52.52417,19.382812,-43.62507,-52.226807,-45.439697
878,39.147217,48.270996,65.274414,46.879883,41.089355,5.088379,-59.493332,-62.154205,-54.3479
879,29.605225,41.43921,64.55664,49.020508,35.182007,1.2128906,-43.102493,-49.248108,-29.861084
880,25.026123,29.41455,65.94629,50.342773,52.867798,28.765137,-9.424763,-22.571777,2.472168
881,27.5271,29.379395,58.90918,46.237305,60.772217,57.2041,-4.4239273,-14.921295,7.730713
882,21.191406,26.034424,62.615234,45.862305,77.45117,71.4375,7.3149834,-1.0128784,16.2229
883,25.786621,35.19751,63.239258,40.411133,68.083374,37.529297,1.9479408,-17.9711,0.043945312
884,26.861328,43.63159,59.882812,43.54785,49.327637,10.931152,-5.363228,-29.417816,-16.177246
885,36.25171,51.26172,60.28125,59.183594,37.058228,11.881836,-39.717358,-47.03723,-36.25537
886,51.052734,63.579834,60.884766,59.62207,32.317627,26.416016,-68.17788,-55.095062,-34.690186
887,33.990234,54.01294,61.29883,49.500977,57.6886,38.385254,-21.637264,-17.84201,1.9621582
888,13.413574,41.589355,62.124023,52.26465,71.572876,44.013184,34.512333,3.6454773,23.776855
889,3.9924316,31.043213,62.45703,56.416992,70.09485,51.5,36.738743,3.2598572,20.363037
890,16.031006,34.33667,59.03418,44.549805,61.143677,37.509277,-8.994457,-31.857788,-23.199707
891,18.913818,42.21289,57.552734,42.350586,52.614014,30.041992,-41.393795,-44.010193,-37.988037
892,18.09375,49.001953,56.96289,45.78418,37.813477,19.581055,-49.580063,-42.08661,-22.155518
893,24.492432,56.035645,68.913086,56.697266,45.0802,29.291504,-12.052864,-14.538452,10.216797
894,7.7700195,30.657227,69.55664,60.223633,65.68738,58.493652,17.778927,2.2810974,28.317139
895,20.312988,42.889893,65.41016,69.30762,72.89783,74.41211,9.369167,-0.063568115,13.738525
896,21.339355,49.42212,64.96973,60.78125,69.92932,60.5166,4.314335,-8.007538,0.3696289
897,7.706299,40.277832,66.30859,47.242188,71.90161,39.84131,27.54298,-1.999176,9.483887
898,22.797852,48.640137,57.643555,55.487305,53.213623,24.42627,6.9290657,-14.607422,-1.5185547
899,35.5459,56.284424,58.953125,62.08008,38.813965,29.459473,-39.99099,-32.765625,-20.23462
900,42.14624,61.364746,68.06055,63.77539,42.268555,50.7417,-53.806656,-29.592651,-9.30127
901,20.076172,41.21338,70.009766,45.23633,64.44702,52.331055,-1.1617813,0.11981201,18.036865
902,14.783203,39.376465,73.86035,61.02246,82.79431,70.17139,53.65666,26.880554,47.124268
903,-0.85913086,22.100586,59.82617,50.052734,67.33667,51.859863,26.975613,-6.655182,6.8269043
904,5.6730957,21.50586,45.54004,35.799805,49.077393,34.690918,-23.824768,-37.93878,-32.426758
905,17.99121,31.351807,61.771484,29.260742,50.390137,23.862305,-45.109287,-40.252808,-33.06494
906,26.233398,41.404053,68.73828,38.0791,47.02588,16.857422,-34.33304,-29.937439,-12.585205
907,38.375732,48.30127,74.73242,48.956055,42.738525,26.828125,-15.444962,-16.410187,9.252441
908,31.499268,30.676758,71.11328,46.442383,52.90869,51.182617,5.8306923,0.18496704,17.864502
909,10.560791,5.534668,57.655273,22.375,60.0636,48.90039,-8.743172,-18.099335,-3.8364258
910,13.509766,17.324951,54.6084,17.167969,61.972046,42.796875,-7.782131,-28.270233,-12.352051
911,20.440674,23.19165,70.16406,27.615234,74.68115,35.125,23.001644,-9.508118,4.2663574
912,27.179688,12.414551,66.49219,14.594727,49.356934,3.4765625,-12.157017,-31.037079,-21.141113
913,44.706787,31.464355,69.02051,24.104492,32.588623,-0.2421875,-60.17636,-57.025757,-51.259277
914,41.816406,30.367188,61.634766,18.112305,22.45288,14.94873,-69.83797,-60.849487,-42.802734
915,38.889893,32.43579,66.63867,30.768555,39.085205,40.836426,-10.672047,-23.805908,1.0214844
916,44.518066,37.46216,74.47266,47.97461,65.17432,60.0166,34.580166,1.3283081,24.567139
917,27.985596,13.54541,66.78516,31.953125,62.321655,48.293945,11.793812,-15.556244,4.6584473
918,23.044434,3.191162,59.385742,10.348633,47.52246,25.819824,-31.798786,-42.900696,-34.496826
919,40.878662,26.952148,67.703125,6.567383,41.94043,-0.016113281,-44.50066,-54.115417,-43.116943
920,54.717773,39.358887,76.56836,10.4140625,34.546387,-15.22998,-27.083546,-47.91873,-36.3667
921,56.781006,38.451904,70.18555,27.182617,30.133057,16.662598,-11.217308,-29.14441,-12.4453125
922,38.069824,18.945312,59.134766,19.699219,23.365479,30.228516,-32.64061,-39.843872,-19.773926
923,24.536133,3.8657227,62.351562,5.3447266,46.110962,39.373535,-25.900673,-33.505432,-15.553711
924,27.177246,8.011963,67.2832,4.5009766,63.19153,32.18994,1.4843483,-22.535187,-7.401123
925,40.270264,27.02002,83.31641,21.34375,65.4729,20.798828,11.624065,-24.8638,-13.718506
926,49.114502,27.115479,79.44336,25.205078,45.50293,11.649902,-14.935852,-36.167694,-28.297363
927,51.264404,33.479248,66.197266,17.829102,30.896729,18.35205,-46.395958,-47.784973,-36.29248
928,55.064697,36.91992,68.91113,8.142578,30.910278,24.544434,-39.246788,-41.10489,-20.974121
929,43.045166,26.18164,75.59766,2.6835938,44.46521,18.57373,-2.4106941,-23.487152,-3.685791
930,22.603516,3.4291992,66.052734,-0.099609375,41.178345,9.748047,4.6597176,-30.123138,-19.74292
931,22.814697,-4.1625977,66.96094,-4.6875,45.42639,19.164062,-22.622028,-41.970123,-34.10083
932,38.138428,8.634033,75.47266,-2.515625,50.212646,22.63086,-38.69118,-48.318237,-37.720947
933,46.622314,16.195557,74.43848,-10.295898,46.949097,2.696289,-31.441992,-46.84131,-36.651367
934,30.523438,7.4399414,75.39844,-2.2050781,42.617554,14.412598,1.707119,-20.0737,0.54467773
935,45.939697,21.245117,87.66797,4.379883,50.36792,21.656738,0.955616,-25.985199,-5.7441406
936,41.636963,7.0651855,74.055664,-17.914062,39.96472,11.34375,-30.68267,-49.847748,-41.404297
937,31.22168,-2.4909668,71.8125,-24.013672,43.604004,9.060547,-37.951874,-52.596466,-43.990967
938,32.145752,5.531494,72.14844,-10.658203,43.151367,11.465332,-15.710926,-33.006927,-17.30127
939,42.351074,15.490967,74.44922,7.5634766,40.38513,26.15918,3.403637,-15.82196,4.576172
940,36.893066,3.4553223,67.70801,-0.31054688,35.33557,29.044922,-22.110867,-35.05304,-17.47168
941,31.074463,-4.4763184,63.92383,-22.9375,28.890747,7.038574,-52.236473,-63.55948,-51.544434
942,36.13916,5.290039,76.97754,-26.436523,51.615845,11.638672,-16.546478,-38.441437,-21.894775
943,32.27539,1.8361816,81.82031,-18.263672,59.94922,14.083984,23.788403,-13.221954,7.460205
944,20.042236,-12.200439,61.63086,-18.436523,40.18396,14.830566,4.180279,-18.651215,0.4074707
945,47.714844,15.314453,69.240234,10.467773,32.101685,41.620605,-28.30016,-33.589325,-12.0078125
946,39.9292,10.587158,65.67871,-3.928711,25.242554,24.02246,-49.233715,-50.734528,-36.22705
947,30.52002,4.068115,72.200195,-19.410156,33.93152,16.697754,-20.995407,-43.818268,-26.47168
948,36.308594,10.908203,83.50879,-10.556641,47.042725,10.283203,10.361103,-26.257812,-6.9543457
949,36.4292,5.2348633,78.89551,-16.706055,48.00049,6.4873047,0.080467224,-29.048676,-19.74121
950,25.422607,-6.5964355,69.00195,-20.061523,42.86621,8.760742,-29.68605,-46.71405,-41.57129
951,44.41992,15.109863,69.490234,-6.2070312,41.73889,20.637207,-33.468193,-53.70752,-33.18994
952,40.08618,21.423584,66.125,-1.1113281,26.887695,14.123047,-10.589111,-38.673462,-11.519287
953,47.02832,20.901367,73.12109,6.504883,31.577393,21.773926,5.831005,-20.34134,-0.14672852
954,37.974365,9.738037,65.143555,-2.9199219,25.165405,25.987793,-28.805843,-43.9357,-24.26538
955,33.224854,8.375732,71.59766,-15.047852,39.423096,26.925781,-30.507568,-44.1308,-23.489258
956,36.002197,8.165283,83.93848,-21.97461,57.65381,11.752441,1.1457253,-33.21402,-18.0896
957,40.833984,19.166504,90.24609,-5.0439453,58.497314,14.548828,23.078426,-21.67923,-3.842041
958,45.909424,12.591309,82.85156,1.9755859,47.835815,14.834473,-1.9215927,-30.251495,-16.873047
959,55.90454,20.238037,75.70703,-1.578125,30.055176,19.566895,-41.802788,-48.70697,-34.46216
960,52.28955,17.024414,81.51465,-2.1113281,40.624756,42.567383,-17.178276,-26.039886,-5.4023438
961,50.833008,23.965576,91.42871,5.930664,56.84204,43.84668,26.643497,-5.2769165,20.005127
962,37.809814,7.1220703,93.177734,2.9824219,58.81494,40.84912,39.207973,-3.4977722,15.979736
963,34.421875,2.5251465,84.42871,-5.176758,53.333008,35.284668,3.5036278,-26.35907,-13.61084
964,35.082764,11.389893,79.46484,-5.3720703,50.101074,36.185547,-18.041843,-34.0636,-26.850098
965,53.909424,33.14917,82.833984,3.9355469,50.790527,32.128418,-5.4310684,-24.103607,-13.539307
966,53.084717,31.151855,94.74512,11.477539,51.04419,26.878418,23.138218,-11.019348,8.222412
967,53.2146,25.689453,92.793945,25.113281,59.421753,61.237793,37.609676,8.554596,31.117188
968,36.98706,11.725098,79.24609,6.140625,49.384155,55.242676,6.002239,-12.65863,4.182617
969,45.603516,17.009766,81.93652,-0.30664062,54.966553,56.120117,11.698452,-8.723022,8.931152
970,47.340088,30.4729,88.04492,1.6035156,57.147705,44.75244,37.72195,6.5506287,23.073975
971,44.27539,23.834229,83.06641,0.49316406,43.43347,16.48877,19.317707,-19.458435,-5.9973145
972,52.97876,32.082275,88.16406,8.839844,44.569702,19.54834,-12.122368,-38.742065,-28.947754
973,43.898926,18.393555,86.36914,-2.069336,40.652954,24.692383,-22.98441,-35.43988,-29.53955
974,55.259766,35.51758,92.450195,12.394531,64.916626,56.530273,27.527622,9.957794,23.155518
975,45.730957,25.042725,95.00586,9.780273,64.85498,59.51367,58.71052,25.939667,46.697754
976,49.064697,26.681396,87.19238,13.599609,49.96692,60.53711,33.174458,-1.3752441,25.07959
977,47.301758,14.50415,80.32617,-5.024414,41.10327,38.320312,-10.403397,-37.60968,-24.664062
978,47.14917,17.107422,78.16797,-19.950195,35.748047,12.395996,-28.951824,-48.604828,-45.540283
979,49.31372,28.74585,80.11328,-7.5283203,54.208496,17.95166,15.106831,-13.523712,-5.300293
980,60.881836,34.075684,101.083984,9.494141,61.35022,41.282227,48.581936,17.380585,35.185303
981,51.047363,19.354492,78.78906,3.8417969,42.175537,56.354492,26.891827,6.092682,26.636719
982,53.353516,22.966309,76.890625,-2.8076172,35.756104,63.45166,-4.213402,-14.932404,4.649658
983,59.31299,34.354736,84.325195,-5.7978516,46.285156,46.768066,-0.9113312,-21.333588,-3.597412
984,52.96924,29.74707,90.51953,-10.181641,50.642334,24.898926,27.03944,-9.468536,6.39209
985,69.23218,37.8125,100.32422,-0.6621094,51.475708,16.344238,21.287663,-17.380798,-5.046631
986,53.314697,9.773682,83.85547,-19.56543,29.56836,9.912598,-25.458775,-48.04373,-30.82959
987,50.917236,14.944092,83.421875,-15.213867,41.031982,40.331055,-15.931915,-28.492493,-5.336426
988,37.63037,0.97924805,82.44043,-23.70996,42.064697,41.0166,12.412579,-9.5052185,16.260986
989,40.697998,3.2006836,93.646484,-13.318359,54.83899,46.05957,43.345516,2.93161,33.033936
990,48.246338,7.7128906,91.109375,-13.922852,40.77893,31.848633,5.3870277,-25.4039,-0.3173828
991,55.039307,14.119873,82.83203,-25.40332,26.593384,20.89746,-33.539642,-51.329254,-29.591064
992,44.822754,10.205322,83.79199,-48.53125,29.840454,0.17919922,-34.70753,-56.729187,-35.001953
993,42.124268,7.5913086,92.93457,-30.698242,55.216675,15.727051,26.108982,-10.065918,15.360352
994,40.191162,8.371094,96.29004,-4.484375,56.385254,41.75244,48.507183,8.409515,38.020996
995,43.560547,5.1916504,88.6709,-10.017578,44.456543,47.083984,14.904858,-14.57962,12.55127
996,36.053223,-2.7912598,78.08887,-23.738281,31.722778,40.08838,-18.268532,-41.8013,-15.248047
997,41.746582,5.584961,78.9541,-28.597656,29.452026,27.632324,-8.398422,-31.746948,-6.327881
998,59.832275,23.43164,89.61035,-10.606445,37.86499,26.300293,30.53629,-0.1399231,22.201172
999,54.558105,10.908447,91.475586,-21.710938,34.975464,17.36084,15.3687935,-17.737885,3.314209
1000,57.966064,14.969482,90.487305,-27.691406,40.140747,24.774414,-14.806847,-38.67163,-22.692383
1001,42.813477,-1.171875,80.66406,-45.19922,31.936768,22.972656,-19.85955,-46.60376,-18.665771
1002,44.68164,12.606201,92.51172,-27.112305,48.107788,39.051758,22.335186,-11.27533,17.198486
1003,39.378906,3.0646973,79.30176,-30.529297,34.552612,23.811523,24.378819,-17.126648,9.795654
1004,72.48535,27.629883,96.05762,-15.15332,39.968384,29.802734,-2.3812103,-23.98172,-6.4436035
1005,63.621826,18.097412,90.796875,-25.161133,28.64563,28.324707,-36.73822,-52.435974,-26.472656
1006,57.068848,13.113281,87.95996,-32.5,35.635376,27.012695,-10.559158,-38.371704,-6.5705566
1007,43.548096,5.346924,94.109375,-27.685547,44.297607,26.89502,31.877865,-14.156769,22.192139
1008,41.125,4.6765137,94.52344,-8.105469,51.393066,45.547363,41.76849,-1.9956665,26.510986
1009,33.30493,-16.5979,78.94629,-29.425781,32.74939,40.30078,-10.238945,-38.120636,-16.095459
1010,38.63745,-5.1086426,78.56738,-37.370117,29.203857,25.856934,-27.53143,-50.07367,-28.537354
1011,43.26587,3.9763184,85.63281,-35.13965,30.39209,11.800781,-2.0838737,-34.05478,-8.194092
1012,59.16919,16.988037,90.24219,-28.485352,21.523193,11.8828125,1.4871254,-34.66739,-0.20117188
1013,51.097412,1.9375,88.586914,-19.530273,28.110474,32.933105,2.5353203,-32.509796,3.729004
1014,51.69409,-5.026367,82.61133,-37.996094,25.609253,24.743652,-18.902008,-47.45514,-17.718262
1015,38.319824,-4.3808594,78.228516,-52.450195,26.529175,8.832031,-9.699459,-46.052917,-20.488037
1016,44.41626,-0.94262695,85.774414,-36.083008,34.62268,23.746582,20.88013,-24.437927,4.3981934
1017,39.30493,-2.831787,81.70117,-31.117188,38.03247,27.870117,20.857319,-22.04776,6.496338
1018,41.380615,-6.0578613,81.581055,-41.092773,21.585571,20.564941,-23.38639,-44.81488,-18.57129
1019,39.18286,-3.0043945,76.53223,-40.38379,27.070923,28.074707,-30.034119,-53.66278,-19.280762
1020,35.804443,-6.4716797,78.41797,-50.089844,26.79773,11.092773,-0.6241722,-42.441864,-9.446777
1021,44.04126,-3.9226074,93.4209,-31.41504,39.055176,16.889648,39.23415,-13.60379,15.229248
1022,48.12671,0.123046875,90.256836,-25.298828,42.56201,32.944824,30.21397,-11.500092,12.938477
1023,45.604492,-7.491211,83.46973,-38.682617,37.662354,34.942383,-5.928417,-32.776672,-5.4819336
1024,46.12671,-8.112549,83.96777,-49.521484,32.281128,25.775879,-12.166843,-45.78305,-6.541748
1025,43.81665,-2.017334,88.32617,-43.58789,32.375977,18.583008,7.126499,-35.47409,5.854492
1026,40.664795,-13.729492,86.734375,-45.185547,27.662231,5.4052734,16.788631,-32.412323,-2.227539
1027,46.259766,-13.256836,95.22656,-45.368164,37.4823,15.316406,9.64468,-33.93283,-15.188965
1028,41.495605,-17.711426,88.041016,-50.186523,33.875244,28.666504,-4.904537,-39.33145,-17.587646
1029,41.306885,-16.808105,89.288086,-53.55664,39.479736,33.086426,16.46326,-29.004395,2.8891602
1030,48.36255,-5.4768066,88.55957,-43.16992,31.127563,30.699219,21.506382,-28.929962,17.590576
1031,38.05786,-13.8125,85.09473,-39.66797,31.936646,32.243164,7.946026,-35.740753,10.289551
1032,44.91455,-12.689209,88.63965,-50.94043,37.83557,22.356934,-10.143631,-46.185272,-12.929443
1033,34.909912,-13.050049,82.80859,-64.20508,32.065796,-1.1689453,-4.7308273,-41.953857,-20.370605
1034,49.602295,5.9902344,96.00195,-41.967773,39.142334,5.794922,25.26447,-24.841034,3.8676758
1035,57.097168,9.909668,96.2666,-32.532227,25.964722,13.129883,17.943272,-42.589966,-3.4206543
1036,61.686768,15.138672,89.84766,-20.95996,24.650269,33.371094,3.4214363,-48.41513,-11.104736
1037,41.724365,-0.8845215,79.512695,-55.948242,28.338867,24.80371,-11.755573,-47.04602,-10.352295
1038,37.020264,0.49487305,90.74512,-50.93457,54.228516,30.899902,32.7599,-12.060669,24.823486
1039,33.719482,-2.7441406,87.078125,-48.132812,48.368774,11.722656,45.8055,-14.750366,16.499756
1040,52.572266,11.286621,92.759766,-33.773438,39.537354,15.286133,25.846088,-30.148804,-2.0966797
1041,51.398193,7.4248047,80.86133,-44.594727,15.050903,15.168457,-31.17023,-70.807526,-39.409912
1042,44.068848,7.192383,76.015625,-43.220703,18.197632,23.49707,-22.142654,-61.448273,-27.229248
1043,45.888184,10.86377,84.487305,-26.37207,39.987793,42.14746,31.63319,-20.016327,27.886963
1044,49.759766,12.795166,93.9375,-18.667969,54.499878,51.885742,63.423374,8.060364,53.63916
1045,48.26416,1.4135742,89.44531,-27.52539,48.359863,45.6709,29.780216,-17.772064,22.58374
1046,42.50122,4.543457,83.18555,-41.051758,40.421997,22.686523,-11.092293,-48.264587,-19.490234
1047,38.16284,9.172607,76.737305,-53.07129,30.658691,-0.73583984,-14.368015,-58.78589,-33.49707
1048,42.4563,14.148193,83.9209,-40.573242,39.896973,9.375,21.908108,-37.55902,-8.453613
1049,50.19043,20.564453,91.200195,-14.829102,48.788574,45.867188,46.88808,-11.180481,33.75537
1050,38.25879,12.918701,75.42676,-22.202148,36.450928,51.818848,13.770344,-29.380737,17.583008
1051,33.804443,8.175537,76.44336,-37.65918,45.858276,49.86377,7.164341,-28.115448,14.966064
1052,40.13672,19.868896,85.55762,-31.41211,50.88562,37.0625,27.964542,-21.244476,20.857178
1053,33.621338,20.493896,78.0791,-31.394531,40.73242,6.3305664,27.420048,-34.67688,-3.6262207
1054,42.419434,26.40332,80.20996,-17.11914,37.06836,22.802734,15.475849,-36.05301,-6.0756836
1055,46.49243,36.40674,73.728516,-15.592773,30.134521,52.850098,-1.4020271,-33.4877,8.541504
1056,35.075928,25.211182,79.38281,-18.433594,40.16394,60.319824,23.762081,-13.600128,35.322266
1057,28.643799,28.307373,76.862305,-22.192383,40.5343,48.847656,43.82523,-8.828064,39.500977
1058,38.889893,28.850098,83.149414,-3.5683594,49.005127,51.899414,44.355747,-9.578949,38.513916
1059,43.255127,29.492676,83.55371,-25.604492,36.260864,26.033691,-10.684341,-56.08322,-21.598145
1060,45.64453,35.194336,77.51172,-31.94336,30.010498,12.325684,-25.090157,-66.69296,-38.36133
1061,42.766846,33.565186,80.24219,-29.88379,42.18567,25.626465,20.854519,-27.720154,7.180664
1062,43.2937,27.120361,88.87207,-13.926758,54.5437,46.71045,64.964096,11.766235,59.557373
1063,36.87256,14.230713,82.17383,-18.350586,45.385986,49.277344,44.66611,-1.1714783,44.49048
1064,41.911865,19.307861,80.48047,-23.71582,39.567383,53.953613,10.132725,-25.350891,22.08496
1065,39.470947,17.655273,80.81543,-38.75293,42.80603,33.049805,0.0838356,-44.779266,-2.611084
1066,37.760986,17.21997,86.54297,-42.879883,39.178345,11.097168,13.880543,-39.386566,-0.6713867
1067,43.293213,21.442383,80.038086,-26.392578,35.806152,11.831055,28.860607,-30.50821,2.3364258
1068,50.67041,20.95996,80.61328,-26.47461,33.760498,24.861328,14.385502,-38.747528,-6.1118164
1069,44.42456,8.532959,78.96582,-38.16211,40.265137,47.895996,12.305988,-30.665222,12.556152
1070,50.421143,17.615723,82.200195,-37.768555,44.531616,47.231934,34.5423,-15.399658,32.979004
1071,50.679688,22.200195,88.82422,-24.27246,45.22888,52.78174,50.095264,-3.1460266,51.67041
1072,60.37622,21.318604,86.0791,-20.545898,28.00415,43.456543,15.864506,-24.636505,28.542969
1073,64.63989,20.925049,84.60742,-34.41504,24.081543,27.792969,-24.229218,-57.37433,-17.690918
1074,70.03076,31.363525,92.018555,-34.375,45.730225,22.464844,0.32739258,-47.14206,-19.207275
1075,51.30078,24.863281,87.72266,-23.953125,61.428223,42.185547,58.28639,-5.0202026,35.015137
1076,46.206543,13.94458,92.9209,-21.259766,61.71411,58.074707,82.84985,19.516296,65.2937
1077,39.646484,5.8669434,79.103516,-30.333984,43.425415,63.052246,38.275547,0.071899414,47.406006
1078,40.58911,4.614502,77.52246,-43.21582,26.22876,54.875977,-17.415573,-41.372375,16.773193
1079,54.51758,14.914551,77.64844,-48.444336,23.024048,29.32129,-21.11761,-52.246735,4.39209
1080,62.35791,23.936035,95.93652,-33.79883,39.406006,27.265137,24.447521,-26.499756,22.591309
1081,64.17505,18.191162,93.612305,-46.871094,44.519165,13.327148,43.14979,-20.455261,13.2751465
1082,62.472412,8.341553,88.97754,-36.166016,50.023315,39.938477,32.621815,-15.9652405,22.320312
1083,56.49292,5.1953125,84.77734,-38.23242,54.322144,54.8584,27.570293,-11.394775,35.17627
1084,47.64087,1.9040527,84.77051,-42.160156,58.847656,50.344727,39.69743,-10.654755,45.273438
1085,49.07495,9.514404,90.447266,-31.444336,56.996338,47.848145,36.160175,-17.09729,44.355225
1086,48.332764,-0.022460938,80.72949,-41.00586,35.901367,28.528809,0.0020828247,-43.528137,3.863037
1087,65.04932,16.985352,87.68945,-43.844727,32.036865,18.887207,-21.25048,-53.46692,-22.44458
1088,68.49365,25.25415,87.05859,-41.043945,31.988403,22.947266,-1.4444046,-42.20395,-1.6279297
1089,57.63452,17.933105,94.58789,-37.185547,54.029175,35.246582,46.040356,-9.900848,43.289307
1090,56.921875,7.3842773,93.00586,-34.941406,53.245483,39.554688,52.39522,-8.763977,47.45215
1091,45.06494,-2.1791992,80.37402,-47.124023,41.52661,46.44629,11.960918,-29.775269,24.670898
1092,51.52173,-3.7617188,78.461914,-59.782227,46.021362,40.766113,-4.4156837,-42.450592,7.850586
1093,58.607666,11.29834,78.50488,-55.770508,40.69629,14.142578,-4.438057,-51.59131,-3.3571777
1094,68.4624,20.748047,89.072266,-44.248047,36.890747,3.7827148,14.641277,-48.927948,2.7368164
1095,66.74512,11.264893,88.600586,-44.103516,35.717407,18.713867,18.487492,-34.791687,9.9104
1096,57.47339,-5.185791,75.10254,-63.585938,24.79712,15.938477,-17.913094,-55.924286,-7.7854004
1097,58.389404,8.515869,81.16797,-54.750977,44.78772,48.182617,10.566853,-21.237457,33.351807
1098,57.930176,5.0012207,88.91699,-40.810547,53.083008,53.414062,36.904247,-14.409637,49.500977
1099,54.79883,-0.2487793,87.49902,-46.68164,46.049194,34.516113,23.181484,-35.65335,23.16504
1100,62.04956,1.4880371,86.950195,-51.450195,38.86206,17.59668,-17.011044,-62.942566,-19.91626
1101,57.737793,-2.0144043,82.02051,-64.01074,37.68701,15.734375,-29.068123,-62.034058,-19.23169
1102,62.04077,13.014893,88.12109,-51.967773,54.580322,27.740234,18.283955,-25.901459,25.819092
1103,69.058105,14.47876,94.59863,-42.490234,57.015747,33.925293,47.601322,-8.535522,45.301025
1104,65.2478,1.5493164,88.4043,-39.32129,49.60376,49.271484,35.49439,-18.678802,40.753174
1105,60.3562,0.826416,81.98633,-46.04004,38.423218,47.42578,-10.6818695,-48.210052,7.739746
1106,62.016846,-2.1091309,81.78418,-60.354492,30.701172,24.69336,-32.952003,-65.91519,-10.918457
1107,67.69458,6.560547,87.049805,-61.64453,37.107056,9.521973,1.0442238,-45.960114,3.9909668
1108,74.348145,13.68335,98.24414,-40.67871,52.063232,28.167969,43.739605,-18.750275,35.52124
1109,72.16333,10.007568,81.7666,-41.6709,35.660645,26.441895,10.319752,-39.27365,9.912109
1110,63.17334,-1.828125,83.237305,-47.618164,43.37378,41.229492,1.0783424,-33.37567,11.306885
1111,52.874268,-1.5856934,78.16992,-66.49121,36.45276,28.62207,-6.636963,-42.87201,12.475586
1112,54.098145,-0.7050781,84.19531,-59.882812,41.02234,20.379883,6.3417473,-40.87442,19.335938
1113,57.291992,-5.4313965,88.85742,-56.68457,37.788574,7.338379,-8.863182,-59.384827,-8.168701
1114,62.007324,-0.5395508,90.93848,-50.598633,44.407715,16.918945,-19.881557,-70.28058,-25.322021
1115,55.465332,-3.2832031,78.05762,-55.208008,43.04602,26.966309,-6.3573647,-48.644775,-0.21826172
1116,44.743652,-7.845703,77.637695,-53.503906,43.91223,21.47168,27.680874,-16.846344,34.69507
1117,43.715332,-7.7338867,81.50879,-44.666992,54.986572,35.79834,43.65639,-4.175537,50.87207
1118,50.195312,-17.98169,82.893555,-48.856445,43.858643,34.430176,-0.15860367,-43.15262,12.968018
1119,51.229248,-7.1237793,82.231445,-50.94922,38.046875,30.115234,-40.376648,-75.762024,-19.943848
1120,53.769775,-2.255127,82.8916,-49.99707,39.393677,24.309082,-21.489002,-61.252502,-5.782715
1121,52.676758,-2.4660645,80.16406,-46.270508,40.778564,28.578125,22.416714,-27.458038,31.324463
1122,40.52124,-15.706055,81.92969,-43.933594,45.051514,29.830566,41.617733,-11.97934,37.357178
1123,38.38379,-18.71582,76.98828,-48.03711,46.512817,26.4292,5.528805,-37.80536,6.6914062
1124,32.153076,-27.404785,67.26758,-74.78613,35.19043,13.20459,-29.563095,-65.61801,-16.965088
1125,34.315674,-19.306152,79.243164,-69.62402,53.546753,17.39795,2.5499916,-44.39084,11.666016
1126,46.03662,-15.125732,83.14551,-60.884766,44.726562,12.001953,13.479046,-37.28067,20.728516
1127,69.51929,2.9047852,87.80957,-37.061523,35.450317,24.797363,-1.8951378,-43.533997,12.762695
1128,57.428223,-10.467041,77.93945,-52.152344,30.282349,24.59375,-32.08075,-65.48239,-13.63501
1129,45.364746,-14.366455,75.67871,-63.416016,45.532104,21.208496,-7.7529945,-52.28415,-2.5654297
1130,39.999023,-14.359619,79.606445,-50.74707,63.049194,23.903809,37.89053,-23.08966,30.353271
1131,37.934082,-21.970215,63.864258,-54.470703,43.858643,13.970703,19.088024,-32.5336,27.148926
1132,40.006348,-25.305908,62.466797,-59.53125,35.595947,18.44043,-14.980549,-49.77945,7.4750977
1133,48.5459,-18.57544,67.98242,-71.11914,26.98938,2.8105469,-44.21089,-69.224335,-20.655273
1134,65.386475,0.13256836,69.6582,-72.12988,17.884521,-13.796875,-43.049072,-88.51401,-31.962646
1135,64.25488,6.6640625,75.0332,-51.179688,27.770874,4.701172,-7.378113,-68.98889,-3.826416
1136,68.43164,-1.3212891,75.5957,-53.36621,30.963501,11.937012,-1.2699089,-56.9411,0.39501953
1137,67.05542,-0.9387207,81.97266,-46.461914,51.041016,34.27246,-2.0315247,-36.33203,15.416016
1138,63.857666,-5.821533,72.541016,-68.92969,49.789917,23.27002,-4.131218,-35.938416,12.439453
1139,40.843994,-16.796143,69.25,-72.25391,55.29004,6.536133,13.765568,-27.239502,25.35083
1140,50.95923,-9.154785,73.86914,-66.66016,34.790283,-19.213379,-15.51804,-70.15332,-10.220459
1141,60.566406,-8.670654,76.99902,-45.753906,27.005615,5.453125,-43.938736,-89.7464,-29.300293
1142,52.799316,-15.719238,65.200195,-56.23242,28.463501,20.344238,-41.513203,-73.74936,-14.700439
1143,51.664307,-15.664551,68.478516,-57.66504,41.52002,26.973145,-6.145977,-40.315887,14.335693
1144,50.918213,-13.994873,75.05371,-57.677734,48.949707,16.079102,20.360592,-31.238098,22.01831
1145,61.208008,-9.303711,79.1582,-52.91504,51.268677,18.04541,9.772099,-42.981415,11.299805
1146,59.480713,-5.988037,70.62598,-58.495117,38.031128,12.944336,-40.749504,-75.464874,-17.61377
1147,56.83252,-17.691895,70.0332,-81.30078,32.225952,-13.754395,-57.616493,-97.58182,-44.403564
1148,50.084717,-23.597412,71.03027,-80.76367,50.37744,-10.608398,0.65185547,-57.215942,-8.950195
1149,41.49121,-28.015625,71.768555,-62.631836,51.383423,6.826172,25.523792,-38.378174,16.851074
1150,39.575195,-36.108887,67.48633,-59.875,49.441162,17.45459,-1.4535599,-49.274414,0.5834961
1151,42.094727,-37.70044,60.487305,-71.09277,37.42212,19.422852,-46.301453,-74.9451,-22.39331
1152,46.986084,-25.801514,65.15137,-74.7666,40.54248,19.517578,-40.03766,-65.80438,-3.574463
1153,62.940674,-5.265381,74.83301,-56.197266,43.544678,13.919922,-4.496174,-47.654846,15.125244
1154,66.87598,-4.955078,75.35449,-44.316406,45.89563,13.533691,14.530415,-38.07367,17.386475
1155,63.292725,-13.465576,73.48242,-49.536133,48.345825,18.393066,-10.47398,-57.328705,-6.0930176
1156,42.413574,-31.050049,58.591797,-75.33496,41.57715,2.774414,-27.442158,-73.76007,-24.415283
1157,44.73706,-23.232178,65.118164,-69.09766,43.770508,11.285156,-12.627769,-59.990906,-4.0856934
1158,48.48828,-19.92627,66.68848,-55.17871,44.05298,13.885254,0.2695427,-45.135986,14.500488
1159,50.956543,-25.884521,61.51367,-54.276367,44.171875,17.072266,-5.7750893,-45.688538,7.9470215
1160,60.435547,-20.214111,67.09473,-61.25,37.935547,-2.1689453,-42.749123,-72.186005,-28.709717
1161,64.47046,-6.1850586,66.61328,-67.458984,32.003174,-10.514648,-43.953487,-82.38324,-33.624023
1162,53.30298,-14.6623535,58.966797,-66.819336,36.73047,-14.464844,-9.717178,-70.52182,-13.845703
1163,50.853027,-22.417236,62.68164,-57.03125,47.163208,-0.41455078,5.327778,-55.73752,1.767334
1164,42.39453,-28.158936,57.86133,-48.254883,40.571167,23.463867,-21.410385,-53.20987,1.953125
1165,41.216064,-31.012207,60.97754,-62.739258,48.311523,25.247559,-29.576073,-54.485107,0.44580078
1166,58.83618,-11.641602,64.51465,-60.23242,45.608276,9.345703,-21.632568,-55.315186,0.14916992
1167,64.45752,-6.126953,74.02344,-51.97754,37.894043,-9.852051,-19.460209,-72.10425,-13.895996
1168,68.42285,-2.2385254,68.93652,-38.874023,26.396484,-7.375,-39.395706,-84.34946,-27.879883
1169,58.04077,-19.280273,59.42383,-57.63672,24.663574,-5.925293,-50.66642,-87.21524,-34.91919
1170,46.87671,-25.59375,61.69922,-66.625,49.075684,4.451172,-24.621696,-57.729797,-8.039307
1171,41.617188,-25.685791,61.60742,-63.96875,52.52295,3.4282227,7.9577446,-42.759094,13.988281
1172,43.904785,-26.417236,58.895508,-54.817383,48.333862,4.7124023,6.513569,-47.443085,7.109619
1173,45.019287,-30.451416,53.365234,-63.66504,31.33081,-10.333984,-43.736584,-84.84903,-38.718506
1174,84.11963,8.380615,71.74609,-38.115234,41.993042,6.769043,-62.402195,-89.88077,-37.970215
1175,73.021484,8.77417,74.48926,-44.398438,45.460083,-2.262207,-34.171265,-74.75931,-22.241455
1176,54.77002,-7.039551,64.41699,-45.621094,38.01831,1.590332,5.645794,-47.571167,11.525879
1177,55.45166,-10.2734375,64.31152,-41.910156,46.481323,10.254395,9.079815,-42.66266,13.612549
1178,52.259277,-20.754883,59.698242,-48.878906,39.67395,9.396973,-32.8246,-67.80939,-17.908203
1179,41.96411,-23.746826,57.785156,-58.82617,43.010376,2.5688477,-48.333042,-78.750336,-30.654785
1180,51.174805,-16.912354,62.44336,-64.11719,45.53784,-8.49707,-28.086693,-73.75693,-23.500732
1181,65.646484,-0.73291016,68.63379,-46.512695,42.962524,-13.692871,-17.591053,-67.52109,-19.28125
1182,71.473145,-4.166748,70.81348,-40.322266,41.066772,1.6044922,-32.307648,-75.754456,-21.939209
1183,53.851074,-20.818848,54.1875,-68.08008,28.700562,-5.6606445,-56.29801,-89.37961,-40.25659
1184,37.679443,-28.70288,56.842773,-69.20703,47.059937,2.2558594,-18.497566,-56.30945,-9.840576
1185,30.264404,-40.31079,61.39453,-62.78125,58.204224,5.190918,15.659176,-33.38214,12.723145
1186,36.70874,-40.913574,66.83203,-50.89746,59.897827,7.3686523,2.8019905,-44.937317,-3.6533203
1187,35.947266,-45.047607,64.728516,-52.9834,51.895996,9.201172,-41.08635,-72.68576,-33.978516
1188,46.57495,-30.464355,61.631836,-65.12012,40.149536,-10.112305,-69.31405,-95.10324,-54.04077
1189,61.777588,-8.867676,74.31445,-55.84668,55.298096,-3.9335938,-21.684841,-64.644196,-17.864258
1190,69.02344,-2.4528809,84.7832,-38.76758,73.51782,12.839355,29.619663,-23.815582,25.314697
1191,65.471924,-10.890381,70.04883,-37.40918,61.841675,25.034668,13.014805,-30.882416,18.13916
1192,54.74536,-22.229004,56.88965,-45.59668,56.666138,31.176758,-13.064735,-44.796112,-6.7956543
1193,46.3208,-30.32129,57.822266,-50.98047,56.816406,23.125,-19.68251,-50.583405,-6.0578613
1194,52.27832,-14.720215,65.20117,-43.112305,59.86255,14.778809,-10.380222,-50.78961,-0.2607422
1195,55.21704,-19.42334,67.97754,-47.63672,51.707397,-14.075195,-22.083832,-72.515564,-28.60083
1196,53.143555,-31.146973,63.10254,-51.137695,45.85034,-12.952637,-39.113914,-84.845245,-46.155273
1197,57.154053,-20.09497,69.46973,-52.10742,57.16797,0.7421875,-36.846153,-69.13837,-32.288574
1198,62.80493,-13.188477,70.34473,-47.523438,51.562134,11.11084,-6.802101,-44.15982,3.1142578
1199,50.27246,-28.20752,66.90039,-46.637695,50.702393,8.169922,3.8814735,-39.647552,8.30542
1200,59.36133,-21.191895,70.55078,-31.954102,57.041504,14.588867,-19.545143,-62.270844,-19.188965
1201,56.548584,-27.7417,64.53223,-38.21582,53.983765,7.730957,-46.565422,-89.15106,-49.093506
1202,49.91382,-25.553955,64.48926,-48.307617,59.614624,11.911133,-25.837162,-62.08374,-23.196045
1203,56.317383,-17.608398,59.60254,-47.092773,47.40454,-6.0341797,-8.849773,-49.999084,-3.9367676
1204,59.674072,-17.804443,58.564453,-42.56543,27.084106,-14.357422,-21.595009,-57.89212,-13.225342
1205,63.355225,-15.49585,58.79004,-39.578125,24.871948,-3.8354492,-53.95149,-81.06848,-39.310303
1206,53.200195,-22.513916,53.492188,-51.24707,34.49182,3.3305664,-61.56086,-97.3862,-55.512695
1207,48.389404,-24.17334,60.30078,-56.28125,54.042236,1.0532227,-22.75615,-69.36136,-33.479248
1208,46.13965,-26.594727,63.85742,-43.635742,67.99756,11.23584,23.707645,-28.97931,8.19043
1209,46.43457,-23.057373,56.493164,-35.853516,56.711914,11.031738,-0.07919693,-40.05078,2.866211
1210,55.49121,-18.91333,51.914062,-44.36133,33.0719,-4.3276367,-61.22807,-86.810394,-43.216797
1211,60.791748,-23.658691,50.24707,-63.842773,16.966919,-27.676758,-88.05597,-113.561005,-71.69214
1212,55.72754,-16.294922,53.23828,-58.72168,31.570679,-26.558105,-38.47057,-84.21216,-42.045654
1213,50.223633,-28.572998,57.59961,-53.520508,39.040405,-18.845703,-1.3583183,-59.97525,-25.114502
1214,52.162354,-28.304932,51.749023,-36.270508,47.814087,9.303711,-14.829205,-53.12622,-17.87378
1215,59.201904,-22.08789,50.472656,-50.33008,40.785645,4.416992,-48.714012,-72.08539,-34.86743
1216,67.249756,-9.229248,65.38574,-42.009766,56.119873,8.687012,-30.517784,-55.99124,-15.190186
1217,51.36963,-19.199707,54.29004,-49.668945,36.029907,-23.993652,-38.876434,-81.36975,-35.384766
1218,45.73413,-30.478516,53.322266,-47.6416,25.439331,-31.964844,-54.875053,-104.012115,-61.53662
1219,43.144775,-38.106934,49.54297,-53.248047,26.583496,-26.518555,-67.78998,-111.53171,-76.681885
1220,47.146973,-31.82251,48.66504,-53.708984,37.394897,-11.350586,-48.14927,-80.6608,-42.510986
1221,49.58667,-19.541504,52.466797,-43.786133,50.954346,0.110839844,-2.3116264,-36.39209,3.9394531
1222,41.73706,-29.771973,53.26953,-47.22754,56.977173,-3.4804688,10.661556,-28.315277,10.976074
1223,59.6167,-20.420654,55.60742,-37.25586,40.685547,-4.4804688,-37.284058,-74.37067,-29.33081
1224,57.732178,-23.54126,53.692383,-45.378906,35.96277,-10.65918,-74.69365,-109.06683,-72.3418
1225,54.62671,-24.266113,46.58008,-58.064453,35.137207,-21.965332,-66.8645,-109.98682,-72.53638
1226,40.493164,-33.153076,48.35254,-56.703125,33.345947,-26.824219,-31.785833,-84.19226,-40.86133
1227,54.374756,-23.528564,54.476562,-35.243164,43.47534,-4.7563477,2.9662285,-44.745026,-2.6274414
1228,51.08252,-31.668701,52.921875,-35.756836,49.91931,2.4711914,-12.300243,-36.452087,-5.2475586
1229,51.43457,-23.815918,56.31543,-45.126953,47.33899,-8.429199,-40.482346,-60.684814,-33.477295
1230,49.58545,-19.15503,59.030273,-45.28711,47.630615,-21.98877,-48.31755,-83.37207,-49.774414
1231,44.920654,-27.642334,58.648438,-34.8125,43.84192,-24.41211,-36.975204,-94.522064,-54.35327
1232,44.5271,-30.302734,46.908203,-39.189453,36.11194,-18.625,-43.061424,-93.94943,-55.357178
1233,41.08423,-38.232666,50.408203,-48.286133,43.55371,-9.5234375,-49.34254,-83.479004,-48.02002
1234,34.949707,-39.117188,51.006836,-57.492188,50.317383,-6.0200195,-23.88617,-53.275696,-20.07959
1235,56.365234,-12.997803,68.21777,-32.08496,61.409668,-8.074219,7.643917,-31.344177,3.043457
1236,52.66577,-20.966797,62.609375,-36.964844,44.4718,-31.734863,-21.368755,-69.844666,-36.183105
1237,57.20288,-22.19336,55.393555,-29.110352,34.14734,-15.825684,-66.35661,-97.35596,-60.61914
1238,43.041504,-31.525146,40.088867,-40.82617,24.54663,-8.282715,-84.30408,-117.4642,-77.69141
1239,36.59424,-35.00049,48.625977,-49.257812,47.315063,-10.270996,-36.66596,-85.81552,-50.49243
1240,42.166504,-26.149414,55.825195,-40.856445,56.628784,-3.3164062,10.627819,-44.623077,-2.9814453
1241,47.96704,-23.74414,59.146484,-19.5,59.327026,10.931152,7.660267,-32.40634,6.184082
1242,55.12329,-22.498291,55.18457,-30.911133,45.338135,0.025878906,-40.16638,-59.95279,-28.160156
1243,64.396484,-13.72876,58.63379,-48.561523,38.92041,-24.416016,-65.61883,-87.84659,-58.097656
1244,47.581787,-20.02417,53.348633,-40.95703,40.120728,-26.601074,-43.030693,-83.263336,-53.390625
1245,32.802734,-30.15332,51.14453,-31.548828,44.785522,-17.70996,-18.573704,-74.24512,-41.174805
1246,26.445557,-50.72534,44.1875,-40.657227,45.595825,-7.5634766,-32.061462,-76.57538,-40.043213
1247,19.215332,-59.532227,44.510742,-50.41211,44.224243,0.037597656,-46.374706,-72.729706,-36.173584
1248,28.205322,-45.892822,50.961914,-48.680664,43.770996,-7.1904297,-37.08657,-59.19925,-20.183594
1249,49.14502,-19.425781,55.646484,-32.280273,34.777954,-19.57959,-24.667213,-58.294556,-19.448486
1250,60.66284,-14.655273,57.04785,-29.493164,30.911865,-37.543457,-46.687714,-89.70773,-59.44702
1251,55.150635,-23.89502,52.22168,-33.448242,26.491333,-34.84082,-68.539665,-106.11719,-85.11255
1252,41.585205,-33.63159,43.65332,-40.088867,37.982056,-20.185059,-56.352184,-95.88681,-68.02515
1253,26.24414,-42.3667,45.71875,-37.59961,55.165405,-3.4038086,-5.338352,-54.502197,-19.5708
1254,30.980713,-33.258057,49.601562,-24.848633,63.372437,9.481934,23.089108,-25.755585,11.79248
1255,37.688477,-37.721924,34.101562,-25.081055,37.20996,4.5820312,-24.983799,-55.69629,-18.455566
1256,64.20581,-10.862305,42.398438,-25.992188,24.955933,-10.400879,-73.66572,-91.55582,-60.64258
1257,58.97119,-15.380615,44.470703,-37.969727,25.315308,-36.009277,-70.341385,-98.916565,-73.07764
1258,54.827393,-16.290771,52.43457,-33.378906,36.795166,-36.45459,-24.859592,-78.352936,-47.616943
1259,52.56421,-23.038086,55.25293,-21.689453,41.99951,-13.714355,-10.455334,-58.593567,-22.021729
1260,47.368164,-33.441406,48.651367,-29.735352,41.635864,-0.2446289,-29.204643,-64.284485,-32.046387
1261,51.32202,-29.546875,49.78711,-38.7041,52.14734,-2.4824219,-32.695724,-63.263336,-34.034912
1262,46.788086,-26.319092,49.20508,-38.765625,47.79834,-14.025879,-20.248558,-59.126587,-26.709229
1263,59.77881,-17.062012,62.408203,-26.098633,48.080566,-23.566406,-18.972397,-66.85629,-28.26294
1264,55.924805,-21.067383,55.501953,-27.240234,34.18225,-34.253418,-53.612495,-97.35483,-63.45996
1265,54.12915,-23.998291,43.132812,-36.942383,22.745972,-40.266113,-85.25372,-121.75018,-91.1001
1266,42.20337,-35.190186,38.033203,-55.71875,25.502075,-36.384277,-67.426186,-105.237366,-68.58496
1267,51.51538,-21.833984,52.881836,-34.253906,52.01062,-13.955566,-3.6004257,-50.96335,-12.719971
1268,57.20459,-21.270508,63.375,-26.4375,56.985107,-10.647461,11.232494,-37.36258,-3.3562012
1269,50.438232,-42.463135,51.91211,-46.069336,40.21045,-28.925293,-38.039185,-77.31961,-52.167236
1270,53.24292,-35.5542,60.56543,-29.319336,42.04126,-16.36377,-68.44164,-102.124695,-70.26001
1271,37.94458,-37.028076,44.00293,-38.129883,32.026733,-33.816406,-64.667755,-108.81177,-71.32788
1272,28.99292,-45.787354,43.77539,-35.67871,39.776733,-24.846191,-26.280483,-77.17172,-34.838867
1273,27.730713,-47.1438,46.799805,-21.536133,43.507935,-9.54834,-18.18414,-69.943665,-26.369873
1274,35.76123,-49.878418,50.88379,-20.085938,49.49524,3.5615234,-28.982876,-63.079742,-30.156982
1275,38.641357,-43.950928,50.990234,-37.953125,43.800415,-20.967285,-39.74376,-75.6456,-50.866943
1276,55.47119,-23.708496,56.027344,-30.689453,35.513916,-46.802734,-46.165802,-93.959656,-63.117188
1277,54.12207,-19.71997,52.49414,-12.091797,38.54883,-26.152832,-30.10514,-81.15317,-44.860107
1278,58.916992,-28.372803,52.402344,-21.092773,33.870605,-22.502441,-56.851894,-94.81525,-56.97827
1279,42.9021,-41.36743,51.61035,-42.100586,44.200684,-10.117676,-51.28083,-83.72305,-46.69336
1280,68.48755,34.484863,61.484375,10.735352,30.969238,-12.325684,-15.97773,9.132751,-32.3208
1281,64.19556,29.645752,51.35254,-10.735352,14.893677,-32.34375,-45.463905,-6.9552,-55.65332
1282,61.172607,34.04541,61.151367,5.915039,36.994507,-2.4985352,6.3736305,30.497284,-11.368164
1283,49.845703,19.932129,67.80078,3.5429688,48.991577,7.03125,48.115192,54.470795,17.410645
1284,48.266846,21.909424,62.890625,13.905273,47.402588,12.574707,30.790768,47.717438,8.1345215
1285,49.647217,15.69043,49.411133,-11.410156,34.472168,-4.182617,-12.405132,18.778412,-26.807617
1286,52.338623,26.968994,47.22168,-15.839844,26.657715,-25.973145,-24.964943,6.910614,-43.108887
1287,60.445312,35.53784,59.286133,5.71875,28.09375,-26.601074,-0.24459076,15.705475,-27.555908
1288,64.38257,34.192383,71.27832,23.365234,39.472656,0.36376953,32.4874,49.440643,9.175293
1289,56.382324,26.176514,58.17383,17.664062,45.251343,15.994629,20.560497,46.28363,2.866455
1290,45.327393,15.846436,72.41406,4.4121094,33.21521,11.883789,-8.316441,22.571198,-19.784912
1291,39.96338,15.136475,58.581055,-1.0917969,43.033447,11.035156,15.400059,36.904175,-2.3391113
1292,51.361816,24.61377,58.757812,4.8378906,36.09424,-7.440918,21.525738,31.804504,-4.8276367
1293,59.635498,28.576904,65.75,15.219727,36.693237,-5.1591797,20.667522,40.052917,-3.4279785
1294,71.01318,36.40747,54.80957,21.57129,28.617188,6.7734375,-5.9145126,27.71283,-17.138184
1295,62.017334,32.748535,55.506836,13.850586,31.03894,10.506348,-1.7449608,32.290924,-10.313965
1296,45.251953,20.942627,61.990234,10.314453,50.433105,20.70996,47.152332,63.467407,25.950684
1297,52.880615,21.648438,77.40039,19.671875,47.553955,19.939941,46.34039,50.122772,19.89209
1298,69.02222,38.150635,70.15332,29.357422,44.427246,31.72754,16.969654,38.04071,9.034912
1299,70.05664,38.703125,54.424805,7.461914,31.322021,2.8339844,-19.919544,11.641785,-27.445068
1300,60.710693,29.63208,57.578125,-4.913086,33.63208,-17.638672,-2.594307,21.623566,-21.554443
1301,50.794678,28.237793,54.36621,-2.90625,32.316895,-14.688965,25.685024,36.344788,1.8344727
1302,52.750977,21.235107,57.220703,10.200195,37.38965,8.078613,34.467182,46.684113,14.151367
1303,55.104492,19.84497,47.7334,7.4990234,33.88501,22.53418,6.7000313,35.04779,5.364746
1304,45.371582,15.637939,47.916016,-2.4960938,34.70984,19.010254,-0.82611084,25.184082,-5.8710938
1305,52.010986,23.298828,56.958008,-1.8828125,42.479248,2.7773438,20.488827,34.64749,6.1896973
1306,50.93701,27.35962,65.25195,9.77832,40.304565,-9.090332,33.080257,39.143005,4.081299
1307,56.20581,22.490723,65.5625,4.928711,36.051758,-13.0,14.258854,23.39148,-16.827393
1308,52.528076,20.2229,57.085938,-0.71777344,38.38257,0.072753906,-0.5021057,18.946198,-18.792236
1309,45.782715,15.831299,48.414062,-7.758789,35.89868,6.425293,13.2603035,32.13791,-0.33642578
1310,43.560547,24.02246,51.22461,4.7285156,42.319946,14.557617,48.69161,57.866302,30.333984
1311,57.08252,35.595215,58.734375,25.042969,45.883057,25.705078,49.029865,59.393738,30.186035
1312,72.78882,44.28247,58.97168,18.966797,30.858887,7.9560547,-3.6963463,19.810577,-22.240967
1313,61.275146,35.08618,58.260742,6.5664062,31.096558,-4.7822266,-8.756035,14.4331665,-28.127686
1314,35.576904,9.70752,51.80078,-7.2978516,29.753296,-9.666504,18.793842,31.315857,-6.133301
1315,53.87451,30.438232,61.822266,15.125,45.648926,15.842285,62.740772,64.90814,36.708496
1316,45.99878,22.744385,51.243164,19.657227,33.879395,27.541016,40.3663,51.822388,26.652344
1317,44.958496,18.31958,43.036133,13.591797,30.01062,30.7417,-3.200901,25.522888,-0.19458008
1318,57.38452,31.281006,58.36328,6.533203,28.55127,10.661621,-12.583954,9.269653,-19.33374
1319,44.074463,30.658936,51.893555,2.8789062,26.454224,-16.998535,15.807629,16.31369,-14.174316
1320,61.215088,37.89258,71.57031,26.09082,50.68042,18.083008,66.66908,61.435608,33.39258
1321,50.179688,27.507812,48.899414,11.883789,30.517822,9.315918,29.000393,38.375885,6.784424
1322,55.503906,32.61377,43.698242,11.204102,29.07605,25.29248,8.665524,30.61145,5.1870117
1323,62.083252,51.969482,53.740234,17.106445,34.585083,29.705078,18.261303,36.44342,15.239258
1324,64.892334,49.772705,61.203125,13.116211,32.461548,0.3828125,17.375591,22.305939,0.76000977
1325,57.96826,35.83008,63.00293,10.597656,39.850952,-7.3129883,30.404934,25.67276,-5.623535
1326,53.54492,26.622559,57.93164,15.439453,46.036377,20.416992,31.016598,40.62372,6.2719727
1327,45.792725,30.947754,51.322266,3.6210938,41.651855,21.738281,30.273762,45.28531,19.665527
1328,49.304443,38.210693,46.63965,8.147461,33.751953,21.743164,42.455776,49.803375,30.47876
1329,52.85962,32.19629,49.27246,14.146484,24.63208,17.12793,33.769154,32.652924,17.71997
1330,59.06665,32.368896,50.742188,-0.091796875,20.440918,-8.153809,-0.077804565,4.558502,-29.534424
1331,57.85962,34.956055,53.36133,-6.319336,31.757568,-12.492676,-5.161377,5.6209106,-36.588135
1332,44.329834,21.906006,59.81836,-6.8310547,44.893066,11.265625,34.444782,36.23523,7.7873535
1333,53.042725,32.49243,63.118164,15.011719,52.562134,19.287598,70.08945,60.6868,37.341064
1334,50.208496,34.395264,51.854492,9.485352,33.408813,16.150879,46.269207,40.93582,19.610352
1335,50.1604,25.848877,38.84668,-3.1904297,12.873535,11.740723,-11.877636,3.999176,-19.301025
1336,55.65332,36.21631,54.97754,-3.9638672,19.427246,-5.2421875,-21.893505,-0.17520142,-38.953613
1337,58.98877,44.716064,56.055664,-8.708008,27.179688,-28.148926,15.628704,20.501862,-16.955566
1338,32.921875,14.013672,55.90918,-5.7695312,52.340576,-1.6206055,72.37683,60.306335,29.132324
1339,46.758057,24.483887,53.55957,15.353516,50.45276,35.41797,59.528164,58.91391,36.735596
1340,45.695312,28.030273,44.52539,7.676758,23.60437,19.598145,1.5194435,13.311005,-10.407959
1341,46.994873,26.209229,41.637695,-5.1367188,22.05017,8.179199,-2.7636528,6.5234375,-14.934082
1342,43.52832,27.337402,50.933594,4.213867,23.182983,-0.025390625,19.873447,17.71576,-5.0012207
1343,57.12329,35.17578,60.717773,7.4472656,23.935669,-17.581055,23.899319,16.624298,-11.761719
1344,66.607666,46.52368,62.799805,11.907227,38.76245,-13.648926,28.635136,31.77127,-10.788574
1345,49.696045,29.278076,53.625,2.140625,40.873657,7.6987305,21.579037,34.451355,3.4094238
1346,34.74243,19.75879,51.197266,-1.4628906,42.206177,19.365234,42.038647,42.779602,25.641846
1347,40.85327,22.57666,55.617188,10.020508,40.13098,12.26709,52.18189,39.0524,20.729492
1348,52.382324,31.86621,48.585938,5.975586,26.017578,5.9750977,12.928486,16.262726,-10.099365
1349,53.39868,29.084717,53.533203,2.2714844,24.394287,-3.7509766,-15.624725,-1.6079102,-33.82129
1350,49.585938,32.059326,54.24707,-0.20117188,34.03308,-13.97168,0.123168945,9.939453,-26.051025
1351,42.71045,29.031982,54.57422,-11.862305,35.71997,-12.176758,38.02698,31.011536,1.8974609
1352,63.74121,47.23755,64.52246,20.583984,52.284912,21.475586,64.7729,50.12021,26.175781
1353,44.509277,25.024902,32.657227,1.4287109,23.558472,23.9458,15.626286,23.444061,5.630371
1354,37.847412,22.082031,45.1875,-0.41210938,33.907715,30.445312,7.978306,29.736664,4.8894043
1355,48.38965,29.185059,49.631836,-14.640625,21.358154,-7.032715,-7.8208466,0.4079895,-19.248047
1356,65.8855,51.588135,71.72949,2.8769531,38.76758,-19.523438,23.075031,8.503601,-14.98877
1357,64.41992,43.825928,60.96875,5.5058594,31.772705,-22.634277,17.086636,-2.6961365,-32.98413
1358,54.331543,31.942139,53.09082,9.550781,37.94153,17.108887,23.773388,23.351593,-8.545654
1359,45.287354,32.075195,46.058594,8.172852,41.7865,39.516113,35.983227,45.089844,20.645508
1360,40.539062,29.224854,43.726562,4.138672,41.464355,34.23242,51.572575,52.54184,37.12207
1361,65.06665,46.706055,69.25391,9.46875,53.340942,19.419434,55.95725,46.008667,31.115479
1362,68.4353,41.536865,60.740234,1.828125,29.802246,-6.7788086,-5.799385,-8.229248,-29.432373
1363,51.557373,23.662842,52.203125,-14.738281,20.757568,-22.605957,-33.82007,-30.166718,-63.563477
1364,56.957764,33.189453,56.52246,-5.9570312,35.141357,-7.126953,15.01926,11.731018,-14.280273
1365,55.384033,31.894287,60.42578,10.692383,51.48413,22.939453,73.30827,64.492004,42.723633
1366,43.182617,17.3479,45.20117,7.2021484,37.499878,38.69287,57.81416,53.33261,37.610107
1367,35.654053,13.51709,34.822266,-5.5195312,25.62732,25.322754,6.022602,14.9151,-3.755371
1368,42.559082,17.844727,43.131836,-24.841797,28.636597,2.6748047,-6.756386,-2.9207458,-29.47168
1369,49.628418,30.763672,56.716797,-15.902344,30.640259,-16.427246,7.018261,4.389099,-19.61084
1370,55.856445,32.664307,53.12793,-1.3945312,26.867432,-17.63379,29.70898,21.595856,1.0419922
1371,61.754883,45.159668,53.225586,23.164062,33.171875,21.984375,43.65981,41.727875,20.84497
1372,46.82129,23.863525,40.67871,4.7939453,28.799805,32.094727,21.63261,36.17581,12.124023
1373,41.89258,24.51123,31.907227,-8.689453,25.86914,21.854492,22.122135,23.312561,8.018555
1374,42.518066,28.598633,37.524414,-5.2558594,36.209717,10.050293,36.33608,25.885681,14.538818
1375,45.74536,27.613281,50.757812,-2.8427734,30.4281,-6.7910156,18.788921,7.2201843,-9.330078
1376,61.020264,42.99121,51.44922,7.0009766,22.10144,0.32958984,-12.759151,-3.595581,-27.193604
1377,53.027344,37.839844,52.79004,6.1777344,35.21814,19.60205,5.4181404,16.888306,-1.1750488
1378,39.088623,30.075684,44.041016,-2.1113281,36.909912,9.130371,41.10512,34.25421,15.792725
1379,50.201904,42.35254,52.69336,8.535156,46.877075,18.219238,64.379456,51.034668,37.391113
1380,60.254395,49.531006,50.023438,19.782227,29.172241,27.172852,27.923702,27.2005,16.790527
1381,54.942383,34.817383,59.93164,12.654297,32.6792,32.24121,-4.5987587,10.801453,-1.284668
1382,46.834717,23.251953,54.645508,3.2753906,32.52356,11.493652,-11.458134,4.0402527,-14.819824
1383,34.9187,17.539307,52.375,-5.0996094,36.379272,-0.0014648438,33.7438,26.255005,11.770996
1384,45.451904,33.59204,48.529297,4.541992,46.022583,8.549805,60.90237,49.56958,34.851562
1385,60.56421,44.574707,46.76758,7.3496094,41.36743,13.189941,30.88303,28.3667,10.296875
1386,48.19507,30.416504,52.94629,-1.5664062,43.196167,12.58252,11.254299,14.781097,-8.761719
1387,29.78711,24.454834,55.155273,-2.5947266,37.145752,6.5473633,7.5870247,8.678741,-9.563965
1388,15.366211,17.159668,40.63672,-14.0546875,23.197632,-9.63916,15.4865,9.644104,-1.5708008
1389,24.707764,23.695068,48.331055,7.8046875,35.424194,22.777832,39.827923,41.265015,31.526367
1390,31.5896,14.02002,50.75586,-3.9833984,45.892212,28.732422,34.28787,43.02655,20.59082
1391,33.267822,16.73706,52.398438,-14.193359,47.281494,6.774414,28.822826,35.334595,12.30127
1392,31.633545,26.389648,50.097656,-11.731445,40.87195,-0.21289062,41.038593,35.750824,18.732666
1393,33.717285,28.908691,53.814453,9.087891,42.92798,7.2250977,39.076748,32.987213,17.608154
1394,47.50879,28.31665,51.214844,1.1884766,18.37561,-14.758789,-20.348335,-12.925293,-33.711914
1395,43.746826,30.708984,54.609375,-11.581055,31.275269,0.10546875,-10.668964,1.5871582,-25.826172
1396,35.318848,19.55542,55.885742,-20.486328,49.909424,12.063477,37.45566,46.622375,22.82788
1397,18.488281,14.800049,50.76953,-5.392578,48.91858,16.507324,63.120296,58.152374,44.36377
1398,13.028076,-0.09863281,48.341797,-6.8808594,43.35913,13.67334,48.755245,40.4086,24.874268
1399,9.810547,-12.283447,46.914062,-17.966797,32.471313,7.117676,10.673595,13.068115,-7.311035
1400,32.49707,19.462402,50.32617,-17.44043,28.155884,-10.4765625,-11.683765,0.5478821,-21.63794
1401,51.493164,42.76001,55.484375,-4.944336,33.385376,-13.708008,15.513981,18.108246,-7.440674
1402,56.48462,44.7312,60.98828,8.610352,41.927856,10.272461,56.12026,45.03943,26.45166
1403,38.786133,31.109863,47.390625,15.095703,52.45764,34.94043,60.62324,58.45105,40.01245
1404,23.714844,7.114746,42.86035,-12.152344,45.56201,26.369629,29.424923,40.90921,21.648193
1405,17.59375,12.457764,35.831055,-25.47754,37.095337,8.595703,19.080433,30.050873,16.801758
1406,30.831299,17.384033,51.660156,-27.513672,45.558228,-13.799805,43.47456,36.19873,19.204346
1407,45.37915,32.780273,55.799805,5.020508,37.15332,-18.246582,37.0499,24.16391,-5.730957
1408,61.806885,38.069336,60.80957,6.0410156,24.557861,-6.7875977,0.5800247,1.9451294,-25.31372
1409,51.79541,30.305176,50.335938,1.1933594,25.696045,23.000488,6.292553,24.793396,4.23584
1410,40.87378,21.23462,53.916016,-5.6435547,45.39441,26.40039,47.408863,51.714508,40.696777
1411,36.64038,22.096924,51.810547,-5.4296875,54.08838,24.501465,75.41478,63.743652,53.498535
1412,34.944336,9.177246,49.243164,-14.265625,46.66992,4.819824,37.882572,28.232452,9.685547
1413,28.926514,10.093262,38.441406,-17.263672,27.476562,-12.069336,-11.115883,-6.261505,-29.910889
1414,42.519775,25.41919,43.364258,-22.94629,23.122559,-29.722168,-22.722569,-11.073273,-37.72339
1415,41.473145,31.793457,48.4541,-16.609375,19.03955,-21.144043,12.794239,9.891052,-6.2211914
1416,55.065674,49.28125,54.603516,12.96875,36.416138,21.651855,50.80382,45.521942,36.730225
1417,43.347168,30.249756,44.32617,4.861328,25.019165,29.548828,19.482868,21.7641,16.74878
1418,46.313965,36.403564,45.49121,-7.571289,30.032837,23.112793,5.2737846,13.116974,0.8718262
1419,40.638184,29.983154,40.231445,-25.188477,29.430908,-9.722656,13.188183,13.799316,-1.8820801
1420,47.417236,36.71631,42.816406,-19.038086,29.660034,-24.827148,30.232723,19.865509,-0.7182617
1421,51.438965,37.07129,44.58789,-16.05371,12.187256,-35.365723,-4.6240463,-7.4878845,-32.018555
1422,61.218506,41.421143,39.3125,-6.6464844,11.747803,-4.407715,-22.349365,-13.415009,-28.506348
1423,61.91748,46.696777,44.700195,2.788086,29.81604,27.300293,10.708485,20.065552,10.873779
1424,46.49536,40.69702,44.154297,-5.1396484,32.498657,29.33545,48.98032,45.44995,38.915527
1425,53.258545,47.39746,41.25,3.1552734,35.20227,18.692383,61.79526,49.157135,38.68091
1426,64.84668,51.851562,45.723633,-1.8222656,25.650146,1.8930664,12.341824,13.542633,-4.3530273
1427,74.66089,54.13257,39.916016,-21.769531,10.910034,-26.953125,-46.109344,-34.983643,-51.42993
1428,65.84888,53.98633,40.628906,-27.93164,18.729126,-31.529297,-16.638966,-26.655334,-37.70923
1429,70.569336,63.48413,52.91797,1.1191406,46.7865,8.658691,57.54639,42.820526,34.908936
1430,70.48047,58.237305,54.069336,15.220703,34.16638,27.072754,52.192707,49.785583,43.023926
1431,66.56543,48.3208,44.961914,4.1601562,25.980347,30.004883,19.662678,29.756104,19.77417
1432,74.88745,60.9834,52.749023,-6.334961,29.45227,6.5219727,-1.5595169,9.629364,-10.03125
1433,64.26904,51.47583,55.592773,-22.035156,23.218384,-32.479492,-7.943001,-8.97464,-29.427979
1434,72.66724,60.65869,52.95117,-3.4628906,32.673462,-15.400879,30.833004,16.880402,5.442627
1435,62.25,49.11377,41.61133,-4.265625,17.903442,-5.2905273,13.819401,7.315155,0.8383789
1436,60.840088,47.420654,32.51953,-3.2001953,19.147217,19.143555,4.591709,12.09967,6.7304688
1437,60.862305,47.371338,51.679688,-8.152344,38.57556,26.487793,25.974041,33.20862,22.952393
1438,54.513916,45.383057,60.07715,-9.615234,40.229736,12.040527,44.93056,35.948334,27.064941
1439,55.132324,45.52368,54.75,-2.086914,27.774536,-6.065918,32.90324,22.01233,7.0444336
1440,49.504395,35.034912,40.277344,-16.139648,10.668701,-18.530762,-21.168343,-17.173004,-30.631836
1441,46.65625,37.085938,31.65332,-24.436523,6.7910156,-4.548828,-28.069046,-17.525635,-21.446777
1442,32.01172,30.140137,26.890625,-25.094727,11.384155,-2.6289062,11.843937,13.82428,11.425293
1443,27.771973,23.301514,43.92383,-9.521484,43.663452,17.73877,73.98413,57.047455,52.636475
1444,40.98242,33.84082,42.32422,5.823242,39.982788,20.593262,48.934185,36.054108,23.306152
1445,55.3313,43.846924,53.94922,2.1835938,33.171143,16.456543,10.255222,11.226685,-0.5373535
1446,43.921143,44.6875,37.533203,-10.768555,9.81311,-12.475586,-22.015125,-11.256378,-20.755371
1447,49.143555,51.345703,32.658203,-10.290039,7.0633545,-16.424805,1.8090858,3.9403076,1.3220215
1448,40.596436,39.479492,27.414062,-12.379883,14.470947,-13.987305,25.998493,16.166718,12.493652
1449,40.506348,33.100586,38.384766,-7.870117,24.477295,-3.6611328,18.223019,12.39505,2.940918
1450,28.018555,19.757568,28.561523,-21.859375,23.958252,0.8149414,-0.0111961365,-0.15420532,-9.375732
1451,24.60791,26.525635,30.214844,-19.703125,28.135986,0.9663086,14.359478,12.001984,5.440918
1452,39.474854,42.748047,33.91504,-5.048828,18.825928,6.473633,25.42677,21.261902,26.834473
1453,46.538574,46.37451,31.548828,7.958008,7.6170654,1.8964844,3.0144768,5.1249695,9.984619
1454,37.708008,27.980713,35.40625,-17.404297,13.409424,-12.008301,-18.813137,-13.437805,-21.805664
1455,27.96753,24.193848,29.262695,-30.77246,14.761841,-25.66748,-12.989948,-15.827606,-29.154541
1456,28.692139,31.040283,32.177734,-17.705078,27.742432,-18.262695,25.809261,10.797241,0.81811523
1457,32.75122,35.24878,39.063477,0.16894531,26.173096,5.892578,39.43736,26.05478,23.745605
1458,47.8396,48.21582,31.817383,14.266602,13.668701,28.8833,2.4272423,14.516052,18.098145
1459,38.078125,32.06128,26.666992,-12.177734,9.981445,8.74707,-28.648018,-7.6359253,-13.591553
1460,34.05542,33.78125,34.98242,-19.15332,24.478027,-4.567871,-3.66959,0.056427002,-5.2365723
1461,22.548584,22.550293,30.27539,-23.644531,24.184204,-18.394531,23.764675,7.4190063,2.7768555
1462,39.98462,40.00537,36.174805,0.29003906,27.232544,-10.596191,25.65768,11.931366,2.4101562
1463,34.18994,26.528564,21.668945,-8.994141,3.3648682,-5.6640625,-14.008041,-4.2197876,-13.381836
1464,39.044678,43.48706,20.151367,3.3652344,3.2105713,11.598633,-18.267471,7.360077,4.7998047
1465,28.399902,36.243652,25.80664,-10.927734,11.275391,3.0371094,3.1714592,14.220917,18.325928
1466,41.90088,49.412354,37.55664,0.19628906,29.996216,0.7915039,32.840084,23.203674,19.57544
1467,28.197754,24.340332,27.273438,-13.933594,22.762207,-2.993164,6.8714714,3.5525818,-3.871582
1468,26.294922,20.006348,20.085938,-27.53125,10.751587,-9.631836,-26.310413,-13.048645,-26.282227
1469,43.098145,41.621338,19.482422,-21.52539,6.9178467,-5.1308594,-16.586311,-3.5447693,-6.520996
1470,48.05371,47.703125,20.570312,-17.864258,7.4364014,-7.451172,13.73148,17.000793,19.204346
1471,58.644043,55.84204,39.98047,-1.3144531,25.893677,7.432129,37.29291,35.182037,39.14258
1472,47.46704,44.65625,37.25,-4.0742188,19.392578,6.515625,3.0007591,12.077484,7.4953613
1473,33.671387,26.395508,23.378906,-26.171875,14.033569,-10.8515625,-24.991093,-18.17514,-28.115234
1474,25.359375,29.279785,19.331055,-23.19043,14.654663,-10.7734375,-5.3273315,-11.873596,-15.47583
1475,28.334473,38.30078,23.955078,-11.696289,25.653198,-1.2416992,30.85664,16.888214,17.420166
1476,40.324463,38.27954,22.640625,-11.624023,4.621216,-9.405273,-0.49772263,-3.9752808,-5.418701
1477,46.627686,38.638184,22.604492,-22.896484,-0.15148926,-6.2504883,-34.971474,-19.448547,-19.28833
1478,47.614502,46.08423,33.799805,-16.427734,15.86084,7.6396484,-14.017986,8.295044,11.652832
1479,64.47046,58.146973,40.70703,-17.103516,31.719604,-7.001465,34.387165,30.717926,25.535889
1480,45.528564,37.10254,28.554688,-20.638672,28.068604,-18.351562,34.38019,16.180206,4.0422363
1481,41.038086,29.34082,21.53125,-18.225586,24.579712,-4.253418,3.443447,-7.6021423,-15.488037
1482,29.85913,27.5896,14.500977,-27.832031,13.277222,4.496582,-26.284874,-21.982117,-22.86914
1483,31.555664,34.283447,16.04004,-30.804688,16.240234,-2.9643555,-4.836548,0.231781,4.976074
1484,40.079346,47.6416,30.128906,-17.324219,17.650635,-2.7480469,22.88235,27.865845,34.244385
1485,59.61035,57.112793,30.826172,-10.253906,10.636963,-12.435059,10.202839,17.298157,12.551514
1486,66.4458,64.04932,34.34375,-8.05957,15.627441,-18.406738,-9.31913,-0.5031738,-14.977051
1487,47.83716,42.013916,27.049805,-27.605469,20.690918,-21.871094,-6.8208923,-5.5417786,-22.634766
1488,31.687256,34.541748,21.259766,-21.391602,26.694458,-8.092773,18.808285,14.918274,11.016113
1489,25.479736,25.800537,24.430664,-20.59961,33.571777,9.606934,39.05364,29.705261,39.320557
1490,34.54492,27.97461,20.947266,-22.19629,14.711304,10.142578,-2.7394676,12.960144,21.394775
1491,48.509766,38.163574,24.06836,-24.996094,1.8861084,-1.3974609,-45.14739,-13.127533,-9.704102
1492,51.875977,54.266357,23.498047,-30.729492,6.6914062,-31.191406,-32.11094,-20.56253,-24.124023
1493,50.123535,56.55078,32.93457,-22.501953,14.938232,-41.237305,6.570591,-3.9238892,-10.157715
1494,44.149414,47.052734,28.183594,-12.1484375,23.210205,-24.02295,22.92152,13.436127,7.989258
1495,32.85791,40.660156,15.380859,-5.959961,24.291992,10.555176,4.6024437,11.907745,11.89209
1496,20.488525,25.279785,8.0625,-29.069336,20.198608,12.961914,-6.876713,6.9454956,11.442383
1497,15.90918,22.644531,20.011719,-22.61621,44.05359,25.169922,29.869045,36.588593,47.068604
1498,33.08618,39.307617,32.0459,-13.145508,31.667114,7.744629,30.636631,29.161133,40.128174
1499,50.553223,51.42578,29.879883,-15.230469,13.616211,-19.803223,-9.245682,-3.535614,-9.822754
1500,42.149414,41.405273,19.076172,-30.450195,10.262451,-28.723145,-25.119843,-23.024536,-33.116943
1501,48.105713,52.674805,19.899414,-27.717773,25.675537,-14.201172,1.981823,2.936676,-1.1123047
1502,28.435303,30.006104,24.332031,-33.887695,36.522583,-13.095215,40.394978,28.231293,31.337646
1503,36.974854,35.41089,25.175781,-16.140625,37.042725,2.0234375,35.775997,32.16577,39.905518
1504,30.978027,25.228027,14.185547,-23.256836,14.568481,5.147949,-13.442951,-3.795288,9.529785
1505,26.960693,26.80249,12.345703,-35.38672,8.677368,-2.3276367,-38.216644,-20.537018,-14.8688965
1506,41.739258,41.395508,19.969727,-27.735352,16.64746,-18.659668,1.0886116,3.7956238,-0.904541
1507,26.04712,27.185059,15.28418,-34.222656,23.970825,-37.06543,28.140827,15.229309,9.54834
1508,21.13379,17.840088,19.795898,-30.402344,25.317139,-22.138184,11.600468,9.57373,11.614502
1509,23.391357,16.499023,13.323242,-38.523438,23.402344,-16.687012,-17.248997,-6.7682495,-8.027832
1510,20.197754,19.671143,12.938477,-42.33496,25.152344,-10.222168,-12.357056,-1.9526672,1.3056641
1511,37.896973,41.55664,25.213867,-25.082031,33.91504,2.5610352,20.883762,15.636444,23.260986
1512,34.88086,32.35034,22.945312,-16.484375,29.37085,9.171875,26.582745,23.734985,32.431396
1513,18.327637,9.8396,6.642578,-32.004883,15.545776,-8.240723,-11.787144,1.8533325,2.3146973
1514,16.942627,7.06958,14.640625,-43.740234,21.246948,-14.245605,-23.431667,-4.211212,-8.995117
1515,25.995361,25.935059,18.75,-44.206055,32.25476,-22.266602,4.451603,7.3718567,5.251953
1516,17.038086,15.8688965,21.30371,-35.411133,37.623535,-13.516113,33.43237,20.531342,27.43872
1517,33.215088,30.63208,22.207031,-9.288086,38.27246,18.22461,33.13621,21.605682,31.424072
1518,39.51758,35.2229,15.638672,-11.079102,30.60498,29.98291,-1.7190208,9.93869,19.39624
1519,23.748047,24.380371,10.1171875,-32.23828,21.250122,16.617676,-16.40097,5.992676,13.390381
1520,38.74878,41.96631,27.445312,-23.151367,38.18689,5.612793,22.050709,29.56076,37.33008
1521,44.075684,47.11133,26.583984,-27.115234,36.575806,-13.357422,33.928318,25.361206,25.08545
1522,38.640137,28.513428,16.730469,-34.86621,28.139648,-14.655762,9.045269,3.617157,-1.4741211
1523,26.44043,16.995605,15.946289,-45.456055,21.748535,-10.53125,-20.29919,-16.817993,-22.558594
1524,20.045898,21.094482,10.430664,-39.183594,28.607422,0.6713867,2.474224,3.1078491,7.3811035
1525,29.464111,28.5625,21.34961,-21.24121,39.544067,12.48291,37.02946,34.204987,45.706543
1526,23.335938,23.190918,14.388672,-13.81543,25.887817,10.950195,18.583225,23.664978,33.24292
1527,35.037598,33.16504,24.55664,-12.589844,30.681274,7.3911133,-2.2210999,12.554352,10.140381
1528,27.296387,29.155273,11.895508,-36.43457,19.926758,-10.900879,-16.092281,-3.4006348,-7.6342773
1529,23.717773,26.780762,9.264648,-40.07129,15.303345,-23.52539,-2.6562538,-4.949707,-6.8479004
1530,28.066162,35.320312,9.902344,-25.99121,22.998901,-23.75586,12.238453,-0.7886963,1.0251465
1531,26.230957,18.927734,14.643555,-23.19043,28.033203,-5.527832,9.843723,12.561188,10.457764
1532,29.69336,28.508545,9.354492,-30.496094,14.859619,-12.230957,-29.455502,-12.295074,-14.956543
1533,37.931152,36.81128,27.421875,-34.152344,34.26245,-9.0703125,-9.648884,0.9529419,1.0351562
1534,35.65674,36.12622,13.420898,-33.95703,27.56604,-19.618164,18.54285,9.289032,12.767822
1535,38.71875,37.025635,17.029297,-22.382812,16.944946,-21.291016,15.498768,5.7269897,6.1018066
1536,37.189697,28.860107,9.120117,-27.69629,12.199829,-20.993164,-12.028301,-8.655762,-18.684814
1537,37.988525,33.467285,13.454102,-31.797852,29.153442,-3.6240234,-12.59499,0.52731323,-6.1174316
1538,35.66211,39.998047,12.841797,-34.00879,33.720947,-3.9702148,11.26701,12.481354,16.239014
1539,40.52881,40.87793,24.233398,-26.40918,36.65869,-8.808105,27.525867,19.236023,28.887207
1540,42.944336,42.383545,23.155273,-20.114258,35.37097,-4.782715,20.743053,11.810364,11.83252
1541,43.43701,42.240234,8.605469,-32.61621,19.10205,-7.432129,-15.850773,-8.447845,-17.432129
1542,43.700195,46.966553,11.290039,-33.256836,19.479004,-19.062012,-15.683266,-6.3618774,-19.92212
1543,40.11255,51.91162,22.167969,-14.80957,40.124023,-3.4399414,30.47816,25.798462,24.213623
1544,30.425537,37.863037,21.458008,-11.813477,34.959717,8.598145,34.538395,30.82129,43.133545
1545,31.619873,32.566406,13.28125,-9.6953125,37.63513,16.425293,13.880436,19.80371,25.71875
1546,31.02417,29.427002,9.011719,-27.567383,34.444702,13.586914,-3.5197296,11.387817,8.545898
1547,26.176025,31.261475,2.203125,-39.250977,17.881104,-19.450195,-3.2209778,-3.7341309,-5.5561523
1548,23.22583,38.384033,1.9707031,-32.185547,13.802734,-27.125488,9.771816,3.0890503,-0.49438477
1549,31.650146,37.154053,9.198242,-21.049805,22.199707,-11.901855,10.001095,14.116119,5.1552734
1550,33.842285,35.53589,16.270508,-16.617188,35.169678,11.114258,1.3487129,15.050751,18.23169
1551,29.860596,33.1333,12.095703,-26.72754,30.619751,4.2851562,-3.0282326,6.28006,13.98999
1552,16.768066,23.045166,9.859375,-37.033203,34.098022,-7.073242,21.834942,10.651703,22.894287
1553,23.99121,31.952393,12.738281,-22.875977,31.314087,-9.522949,22.201763,10.560181,19.8042
1554,32.030273,35.00244,8.707031,-18.429688,13.37207,-18.705078,-9.028194,-3.1588135,-7.303711
1555,35.23755,36.214844,6.161133,-23.279297,2.868164,-17.260254,-42.651485,-19.81958,-23.07373
1556,16.388672,26.807861,6.0595703,-34.61621,18.287231,-9.5234375,-15.399349,-4.821106,-0.10839844
1557,11.806641,27.791504,12.936523,-25.573242,39.707397,-4.458496,44.489643,32.764893,39.74585
1558,30.938232,33.73706,17.992188,-22.141602,42.187622,-3.383789,39.008587,26.45755,32.121826
1559,29.046387,33.943848,5.1416016,-23.70996,23.359375,-5.0341797,-14.58234,-10.253906,-6.7805176
1560,24.111084,27.271973,-8.644531,-43.015625,18.024536,-18.21289,-38.26445,-26.243073,-24.687988
1561,23.470215,33.16797,5.182617,-39.868164,15.109375,-29.155762,-20.051659,-16.875092,-16.800049
1562,17.485107,25.935303,6.370117,-40.216797,10.23938,-32.03418,6.392002,0.68777466,7.1870117
1563,23.959473,28.058838,11.34668,-24.242188,18.73108,-18.333008,5.7390404,5.776245,6.268799
1564,34.732178,35.96167,2.3144531,-35.0,19.8125,-11.200684,-11.787197,-9.085388,-3.6726074
1565,19.87622,21.912354,-1.5039062,-46.44629,16.993652,-10.103516,-10.810421,-6.3688965,2.7736816
1566,25.71753,32.656006,11.2734375,-37.40625,31.617676,-8.279785,15.92532,8.0407715,19.903564
1567,24.663574,30.291504,9.873047,-36.515625,19.597656,-26.620117,-9.81778,-14.439392,-10.369629
1568,26.421143,24.427002,11.368164,-46.033203,8.234741,-24.88623,-47.93635,-30.600983,-23.76294
1569,24.230225,23.385986,13.25,-56.9209,20.062256,-12.965332,-32.585075,-10.426361,-7.4575195
1570,20.892822,30.361816,13.557617,-59.427734,36.903687,-10.01416,16.135708,14.108093,20.309082
1571,24.93628,33.626953,20.07129,-44.13965,37.947998,-5.807129,41.370975,28.864532,36.38037
1572,34.054688,43.09326,17.901367,-45.782227,32.599976,-1.8339844,11.491245,11.9218445,16.960938
1573,23.543213,25.6792,1.0664062,-55.44629,9.497803,-8.219238,-43.323162,-25.701508,-22.410156
1574,36.649414,39.130615,8.749023,-56.711914,18.492554,-18.941895,-42.026485,-21.435669,-20.567383
1575,37.949463,45.13257,17.330078,-43.947266,22.660034,-13.958984,-11.611168,-0.86364746,11.895264
1576,27.79712,30.697998,19.84961,-36.41992,38.815186,-3.5141602,35.11903,26.918854,41.126953
1577,23.935547,26.965576,14.150391,-42.04785,36.59961,-9.247559,12.008137,17.686737,20.107178
1578,31.364746,37.141357,12.881836,-49.1709,36.1156,-7.9350586,-16.520779,-2.7525635,-2.875
1579,19.629395,35.1604,5.6464844,-45.256836,27.547852,-3.246582,-14.582321,-6.216919,3.317627
1580,26.329102,40.65332,16.621094,-31.101562,24.93628,-1.5751953,-5.9693947,-6.969818,4.5637207
1581,22.815674,23.685059,9.753906,-28.828125,13.024536,-14.317383,-22.441582,-21.719208,-9.526367
1582,30.199463,27.309082,15.40625,-30.961914,23.170532,6.512207,-22.49643,-1.516571,5.7597656
1583,41.003174,44.516846,14.984375,-37.507812,40.465454,5.600586,2.0268364,16.613739,22.223145
1584,31.450684,35.15576,16.797852,-46.13379,39.907227,-16.25293,19.146526,19.801117,25.829102
1585,33.39209,36.009277,16.785156,-40.114258,37.004395,-27.420898,19.01923,11.170502,16.987549
1586,25.996826,27.156738,-1.3554688,-51.089844,19.060669,-30.658203,-24.618725,-22.694061,-20.054443
1587,43.454834,43.83081,9.691406,-34.66504,22.73523,-6.9057617,-40.416897,-19.136505,-18.045166
1588,36.48706,46.467773,21.199219,-32.913086,27.432861,-6.0805664,-19.048843,0.14233398,7.734131
1589,27.733887,45.04419,25.49121,-21.291016,46.972656,7.5375977,28.049595,29.510193,41.5813
1590,17.725098,27.769043,16.265625,-20.265625,43.07959,8.239746,38.57204,30.642761,39.69214
1591,13.449707,17.855713,3.0625,-32.624023,31.524658,-2.586914,-7.9621544,0.61187744,2.3867188
1592,13.999023,17.854736,1.0947266,-48.94336,33.24109,-11.639648,-18.66737,-5.0281677,-1.1311035
1593,19.849121,31.33374,4.1289062,-52.779297,32.287354,-26.10791,-5.1033974,0.07702637,8.165283
1594,34.132812,42.558594,17.49414,-32.157227,31.473999,-21.067871,9.309216,9.955658,25.253174
1595,44.478516,49.957764,27.054688,-22.99414,30.10791,-14.061523,-12.109745,2.4007568,9.297119
1596,29.841797,36.76416,9.7578125,-37.426758,20.296875,-14.154785,-45.24475,-29.55719,-21.295654
1597,23.885498,33.82959,11.7109375,-44.088867,37.231445,-5.8969727,-11.900188,2.706482,7.213135
1598,22.297363,35.81201,19.15332,-38.01172,55.811646,-11.212402,44.797802,39.07126,39.03711
1599,22.274414,31.4917,8.4453125,-37.646484,38.286133,-22.82959,21.74413,16.873108,20.655762
1600,25.679443,27.819336,4.357422,-36.283203,15.951416,-32.558105,-42.327885,-25.723328,-22.519775
1601,32.190918,33.159912,6.961914,-37.467773,8.11438,-30.92627,-74.163445,-50.1073,-39.614014
1602,29.323486,36.440186,0.2685547,-25.363281,23.274048,-18.401855,-37.27357,-27.237701,-9.394287
1603,22.711426,29.03003,12.787109,-22.550781,38.749756,-3.9057617,23.883503,24.53598,39.482666
1604,23.036621,23.848633,13.643555,-21.234375,35.19348,-1.4150391,20.524242,22.276978,29.22583
1605,32.945312,28.171143,18.350586,-21.969727,35.863037,-4.0561523,-14.006416,0.0005493164,-1.2043457
1606,25.42871,22.164307,7.595703,-39.92871,21.991455,-31.407227,-37.443634,-24.67987,-19.10083
1607,34.248047,37.207275,18.454102,-21.736328,30.961426,-29.933105,-10.269165,-7.734131,5.522949
1608,32.37378,34.23633,24.957031,-17.22461,37.504395,-20.799316,-2.2097511,-4.276306,9.716553
1609,17.433594,10.34375,16.779297,-27.082031,35.772583,-12.856445,-19.32373,-10.396515,-1.2460938
1610,10.9470215,5.2487793,5.4609375,-38.42871,35.8031,-2.3310547,-17.652115,1.3201294,4.561035
1611,14.296875,17.612549,-2.2021484,-33.226562,26.143066,-12.700684,-13.146233,3.8082275,7.708008
1612,32.008545,39.142822,8.913086,-24.486328,27.741577,-19.766602,-3.8301659,-0.37075806,10.067627
1613,25.76587,16.479492,7.4902344,-36.856445,16.722412,-48.71582,-33.26997,-32.260193,-24.24878
1614,28.506348,23.483887,11.074219,-27.139648,24.047241,-37.629395,-45.38492,-27.843353,-26.872803
1615,10.849609,8.302734,5.6884766,-37.460938,37.390747,-20.899902,-19.71666,-3.1296387,-1.2895508
1616,8.385254,8.299072,11.269531,-23.639648,43.99817,-10.309082,24.332996,27.146973,36.087402
1617,4.6862793,3.4484863,4.095703,-18.657227,32.457153,-12.229492,24.238613,21.742188,26.603271
1618,10.287109,8.337402,1.2197266,-20.978516,19.085571,-16.370605,-25.07066,-18.08133,-14.351807
1619,14.276123,14.506348,-6.2714844,-26.430664,6.800537,-37.12793,-69.35274,-48.81607,-48.06787
1620,26.01001,21.787842,10.095703,-25.608398,24.8844,-29.000977,-48.636272,-24.376953,-18.078613
1621,19.254395,21.761475,16.641602,-22.014648,40.93799,-20.365723,5.26453,9.842987,19.368408
1622,28.260986,20.811035,19.138672,-18.740234,41.901,-8.37793,21.908756,23.854065,32.364258
1623,26.897705,18.307129,4.475586,-10.693359,36.61084,-0.44677734,-0.2619171,15.489075,18.648926
1624,22.147705,21.035645,1.2861328,-29.546875,23.327148,-22.331543,-32.527412,-11.861877,-20.35669
1625,32.273926,39.14453,6.3476562,-15.767578,33.996582,-22.38623,-10.041798,4.9621277,2.1530762
1626,35.010742,40.873535,9.25293,-12.280273,25.987793,-27.338379,-13.998627,-4.0599976,8.016357
1627,46.47168,46.66748,21.105469,7.9785156,38.078003,5.6728516,-12.996338,14.7221985,27.893555
1628,21.854248,19.255371,3.977539,-11.084961,31.526123,10.260742,-22.978798,7.93927,17.788818
1629,19.077393,18.714111,3.1982422,-32.783203,27.159668,-15.823242,-10.48806,3.6581116,2.7902832
1630,25.006348,27.766846,7.595703,-23.204102,45.875122,-26.058105,28.822186,19.51587,12.659668
1631,28.847168,28.904297,4.0634766,-20.061523,39.088257,-40.226562,15.553066,8.65155,2.2797852
1632,23.556396,23.60376,4.1240234,-13.203125,25.891846,-31.162598,-33.90984,-11.767853,-11.609131
1633,28.445068,26.396729,9.861328,-16.90918,26.2854,-6.632324,-51.032745,-6.5891724,4.9970703
1634,33.88037,35.628906,18.481445,-14.9296875,36.98633,-3.0024414,-14.1237755,9.355499,25.416992
1635,20.873291,19.394043,15.2109375,-17.651367,37.316406,-17.80371,14.955799,10.90918,21.565186
1636,20.511719,17.836426,14.675781,-8.979492,43.56958,-9.776855,16.177029,14.292419,9.904785
1637,19.134766,12.840088,1.0419922,-21.214844,23.892578,-24.213867,-31.637112,-16.378296,-30.473389
1638,22.100586,19.5083,4.370117,-21.173828,25.143555,-23.941895,-37.79061,-8.580139,-9.66626
1639,22.769775,24.244629,9.474609,-16.80957,26.0625,-24.276367,-21.519444,6.1218567,27.28125
1640,29.954346,31.748291,14.548828,-5.305664,27.026978,-16.752441,-14.077248,4.6239624,30.401367
1641,21.676025,18.010986,6.7246094,-9.865234,27.571533,-18.980469,-31.286514,-16.894867,-0.14331055
1642,13.835205,16.166016,2.6425781,-12.974609,38.66455,-10.856445,-20.702152,-3.3269043,-1.9431152
1643,16.706299,19.521484,5.885742,-19.67871,39.63159,-20.997559,-1.0827179,4.30777,3.1296387
1644,24.815186,28.549805,16.823242,2.3359375,47.248535,-19.188477,27.24406,25.09784,26.946045
1645,39.00049,30.07251,10.249023,-2.2470703,24.185669,-33.61914,-13.8536,-0.21511841,10.949707
1646,21.166504,13.901123,0.46875,-12.917969,15.885132,-26.775879,-55.734055,-19.783173,-5.477783
1647,22.786865,17.01294,4.223633,-21.78711,30.389282,-17.588867,-42.220608,-10.637848,4.8415527
1648,39.351562,48.248047,23.953125,4.28125,52.085083,-1.9750977,10.024204,19.941833,35.523926
1649,31.466797,34.514404,14.991211,7.4228516,39.859985,-16.138672,22.57758,24.0943,28.80249
1650,35.91992,33.249023,11.092773,5.5371094,40.932495,-16.600098,5.747204,11.906464,9.697998
1651,33.480225,28.214355,5.604492,7.7539062,40.533936,0.13916016,-23.24414,2.4175415,9.2146
1652,29.034668,29.790527,8.788086,0.8935547,40.76465,-4.9589844,-12.741997,10.611542,26.320312
1653,30.916992,26.946045,19.113281,0.44335938,40.594482,-22.436035,0.96435165,10.308197,31.290527
1654,21.356445,19.99707,9.818359,7.2490234,37.98999,-29.79541,-4.0369873,3.1065674,16.104736
1655,11.646484,8.294189,2.3203125,-2.3359375,29.064331,-29.511719,-23.29918,-5.530182,-5.8308105
1656,14.831787,19.129639,-5.618164,-13.498047,26.050537,-28.192383,-28.919296,-7.815796,-11.769287
1657,25.803223,29.986084,8.880859,2.8798828,45.065674,-9.452637,10.347744,22.35785,28.679932
1658,24.560547,33.053955,17.108398,12.076172,43.928467,-2.3759766,19.405949,26.722565,42.940918
1659,17.796387,19.456299,8.206055,3.663086,28.495605,-7.7617188,-15.172218,3.9919434,25.321777
1660,16.423584,10.30542,1.4384766,-8.702148,17.54602,-19.295898,-48.720104,-20.547943,-5.3046875
1661,4.9433594,0.32250977,-11.2734375,-29.608398,14.410156,-42.32715,-48.74392,-25.454895,-17.218994
1662,6.630615,9.645752,4.3339844,-18.00586,30.878418,-47.483887,-1.7794952,-4.530182,-0.6760254
1663,12.024658,11.35083,4.928711,-11.700195,30.365356,-53.137207,-5.5323906,-12.650513,-14.635498
1664,22.29541,19.674805,8.918945,11.716797,34.941284,-15.059082,-21.825691,-7.8628235,-5.5029297
1665,12.822998,17.884766,-7.7851562,-6.5146484,22.723877,-10.352051,-44.03808,-16.356049,-4.1103516
1666,5.6882324,15.253906,-3.3378906,-20.804688,21.515625,-18.182129,-27.383835,-5.6051636,16.138672
1667,10.581543,13.100586,4.9179688,-9.569336,28.214722,-31.187012,-0.9004326,4.1466064,21.586426
1668,17.626709,18.687744,11.642578,-6.328125,41.57019,-31.833008,7.938755,6.829712,1.0544434
1669,22.062744,14.94873,2.03125,-19.469727,31.077393,-42.978027,-32.899895,-15.802399,-33.080322
1670,28.85083,33.12378,13.087891,-11.538086,40.94409,-32.294434,-23.252518,-4.3697205,-9.147705
1671,32.805664,38.876465,18.142578,1.9658203,41.76416,-15.678223,2.7105522,13.139923,20.991455
1672,26.007324,27.002197,10.128906,3.7666016,27.947998,-8.269531,-6.3484726,7.2493896,27.450684
1673,10.557373,8.246338,-10.3671875,-21.538086,9.135986,-29.374023,-48.823677,-27.98758,-11.400635
1674,11.996094,9.1936035,5.9492188,-29.110352,31.357178,-28.411133,-39.40918,-23.255646,-19.454834
1675,2.822754,5.1918945,8.330078,-36.19336,34.33008,-36.703125,-14.300789,-4.7605896,-10.207764
1676,30.915527,33.673584,24.485352,-12.182617,48.005493,-25.433594,15.365871,21.644043,22.696045
1677,34.952637,37.614746,16.564453,-15.238281,21.317749,-44.041016,-19.787243,-10.415314,-12.564941
1678,52.035156,48.02368,14.513672,-1.5449219,16.50476,-26.423828,-62.039642,-27.32666,-23.029297
1679,25.656738,21.535645,6.8847656,-26.37207,19.31372,-26.393555,-49.84218,-22.634521,-14.901855
1680,27.968994,24.839111,18.256836,-18.326172,47.565186,-17.720215,12.816196,14.4001465,22.314209
1681,20.189697,12.8376465,10.474609,-26.805664,41.45215,-31.518066,28.831287,26.09259,26.04956
1682,22.714355,15.235107,12.102539,-13.1328125,34.62671,-21.72754,-2.8408928,14.502197,5.8186035
1683,34.104492,23.995605,15.105469,-22.980469,21.782349,-33.50049,-61.649845,-27.217834,-33.99048
1684,30.375977,24.8833,10.231445,-24.016602,12.233032,-42.702637,-69.04947,-34.651276,-30.728516
1685,36.55664,31.477783,8.90332,-14.342773,16.105347,-29.54004,-25.198944,-18.369507,-4.008301
1686,32.554688,22.167236,19.636719,-9.037109,27.374268,-30.072754,-5.1415253,-8.535309,1.7944336
1687,26.154297,13.012695,14.6640625,-16.29004,34.64258,-16.464355,-5.9922295,6.950836,11.049316
1688,25.537842,15.018799,11.640625,-29.541016,36.33252,-25.649902,-19.678303,6.7886353,1.2775879
1689,27.996826,25.783447,17.12793,-15.856445,39.75891,-45.708008,-6.6959114,8.669739,1.5598145
1690,22.997559,20.451172,4.8242188,-19.367188,9.832764,-59.82422,-31.099264,-22.70877,-25.139404
1691,29.338135,24.441406,-3.3789062,-5.8027344,-11.891846,-39.19922,-68.56177,-46.09735,-34.621826
1692,32.579834,28.617676,13.220703,-2.203125,10.16687,-23.10791,-63.59859,-33.668427,-22.521484
1693,3.363037,-3.8442383,-0.7763672,-34.93164,20.903564,-26.916504,-21.648071,2.0474243,3.277832
1694,21.319824,21.574707,11.93457,-1.8896484,39.999634,-13.491211,21.254025,33.997833,39.494873
1695,22.69458,12.175781,10.713867,6.1132812,39.25769,-22.998047,11.058933,16.580658,12.360107
1696,22.773438,11.166504,5.301758,-1.6132812,23.744995,-36.36133,-32.45732,-14.818024,-20.043457
1697,26.452393,14.748291,0.89160156,-12.785156,16.236206,-37.734863,-54.91055,-23.269043,-19.995117
1698,31.65747,20.758057,19.56836,-7.5703125,24.328247,-29.913574,-27.496372,2.6880798,11.930664
1699,13.519775,3.989502,12.915039,-10.5546875,22.253418,-38.55664,-4.2931557,5.451599,12.10791
1700,20.714355,6.343994,16.75879,4.7177734,40.49585,-9.869141,21.947048,25.068085,22.249268
1701,14.665039,6.338867,12.619141,4.111328,43.299683,2.119629,1.2150383,21.81659,9.777588
1702,21.359375,13.808838,10.946289,1.4814453,46.442993,-7.286133,-1.9978752,18.507355,10.743164
1703,39.02539,36.39258,25.269531,13.379883,44.548462,-19.224121,10.869534,26.174652,28.28247
1704,41.03833,38.36035,19.527344,11.639648,17.96399,-34.60791,-17.5396,10.505646,16.064453
1705,40.22754,26.365723,26.487305,11.597656,25.206543,-28.891113,-28.767464,-2.861908,-7.1242676
1706,21.903076,15.216064,14.369141,-10.129883,31.118164,-28.583008,-27.798416,-6.2625732,-20.76001
1707,18.74585,16.11084,22.082031,0.49414062,46.780518,-17.490234,9.5691185,21.994568,13.952881
1708,21.296875,19.431396,18.379883,15.727539,47.24939,-10.57373,34.145718,28.121216,32.861084
1709,27.95337,18.710938,20.674805,21.910156,38.079468,-6.1035156,11.657284,20.69928,22.257568
1710,33.831055,18.462402,21.30957,8.817383,16.70337,-37.7583,-48.766212,-14.043671,-24.279541
1711,36.059326,26.466309,20.761719,0.81933594,11.930298,-60.807617,-61.226723,-25.582642,-45.006836
1712,21.944824,17.927246,17.049805,-5.640625,27.934082,-43.443848,-7.935318,11.050079,3.9973145
1713,26.24878,14.240234,30.042969,16.92871,44.25415,-12.88623,35.8337,42.14911,40.622803
1714,20.020996,7.0480957,18.291016,17.220703,36.359253,-6.959961,4.286968,21.401062,21.412598
1715,16.020508,6.4243164,-1.8369141,6.1083984,26.872925,-3.5703125,-27.033958,-2.6638794,-2.1972656
1716,15.774902,9.444336,12.751953,0.115234375,35.585083,-17.752441,-16.36079,3.036255,-3.536377
1717,26.0979,18.58545,24.225586,5.495117,29.679932,-46.943848,-8.180531,4.5139465,-6.7231445
1718,36.51245,26.84497,26.516602,18.21875,25.910767,-54.993164,-17.163456,1.8430786,-18.384277
1719,35.042725,21.28955,18.984375,12.057617,14.7052,-46.59131,-44.857796,-17.30075,-33.035156
1720,21.771729,12.758545,10.713867,2.171875,25.671997,-27.60791,-19.587337,6.2807617,-8.036377
1721,25.404785,20.345215,19.956055,9.30957,41.054443,-17.694336,19.285069,33.70758,21.887451
1722,23.6167,15.482178,23.924805,17.581055,39.549194,-15.578125,30.092571,32.964905,25.15918
1723,19.001953,4.350586,20.46582,20.420898,36.16748,-24.282715,1.1818352,14.833557,-4.8327637
1724,13.097412,-4.544922,16.54004,-4.833008,18.045166,-54.609375,-58.193478,-33.366394,-61.084473
1725,18.048828,10.771484,18.158203,-7.310547,12.858154,-69.23633,-54.40542,-30.576721,-57.576904
1726,16.468994,15.240967,13.333008,12.493164,19.688232,-55.891113,-11.194542,4.3940735,-9.1813965
1727,13.6970215,4.080078,8.303711,9.270508,5.5007324,-45.348633,-7.711071,3.0074768,-6.232422
1728,3.5097656,-10.69751,5.7783203,9.9140625,10.4646,-21.982422,-25.332802,-0.11437988,-11.081299
1729,14.409424,6.39209,18.148438,12.276367,32.16516,-9.594238,-23.853584,0.8348694,-13.136719
1730,11.197998,1.6994629,22.697266,10.376953,40.749756,-30.833984,-3.05159,4.8797913,-18.971191
1731,9.124512,4.4797363,15.394531,10.959961,20.973755,-57.03369,-11.680935,-2.7460632,-24.920898
1732,16.43335,5.678711,8.102539,13.933594,4.637329,-53.854004,-39.902523,-13.321442,-31.533936
1733,18.416748,4.3305664,7.2216797,7.229492,-1.2775879,-50.306152,-59.002525,-26.195374,-44.721436
1734,12.443848,1.1525879,14.949219,0.42382812,19.696045,-30.295898,-26.7374,-0.3972168,-14.800049
1735,10.912109,1.3740234,22.291992,12.713867,30.221191,-28.708496,6.85149,16.372284,0.8977051
1736,1.0092773,-3.6201172,16.543945,18.500977,32.391235,-24.70166,29.763828,28.537384,5.923828
1737,-8.966797,-27.214111,4.544922,5.5927734,19.850464,-33.927246,-12.947647,4.1650696,-24.789795
1738,20.002441,11.06543,16.283203,19.925781,23.176514,-28.677734,-44.247032,-5.4993286,-32.32007
1739,26.689453,18.334229,12.989258,15.408203,7.7250977,-49.206055,-47.636295,-10.507935,-29.568115
1740,17.824951,10.665283,16.99414,21.132812,13.497803,-47.399414,-10.220566,8.559113,-4.960449
1741,14.866211,6.203369,11.516602,26.142578,16.781616,-27.30957,5.1976585,14.819214,0.02319336
1742,17.800781,6.338623,9.256836,35.280273,23.396484,-5.123047,-2.6782951,19.62796,-6.015869
1743,13.6936035,5.305176,11.788086,25.966797,36.67688,-9.464844,-3.9692688,22.792053,-9.87915
1744,5.616699,1.4121094,6.7265625,14.046875,16.836548,-41.916992,-11.960789,5.6808167,-21.027588
1745,24.11499,21.262207,19.789062,24.657227,12.818115,-51.21045,-26.297485,-6.328491,-31.62622
1746,28.914062,20.403564,17.030273,27.470703,0.8856201,-49.57959,-55.23189,-16.16983,-41.364014
1747,19.218018,8.017334,1.3574219,16.961914,-4.567383,-39.51367,-66.568016,-19.371277,-40.43042
1748,20.848877,17.86499,16.148438,18.452148,21.842285,-20.251465,-11.034496,22.428162,0.087646484
1749,16.473633,4.765869,22.457031,28.163086,34.66443,-19.574707,31.646648,42.086914,19.88916
1750,11.429199,3.03125,19.901367,34.126953,31.411255,-16.059082,22.662945,32.55838,6.1364746
1751,15.33252,0.17675781,13.485352,27.40039,16.178223,-26.331055,-33.14933,-1.4739075,-38.37744
1752,18.52417,5.6240234,13.901367,21.646484,5.8066406,-31.985352,-58.553703,-6.689392,-41.326904
1753,26.172852,13.358154,21.146484,22.10254,16.125,-39.728516,-30.709633,11.38916,-15.569336
1754,25.237549,16.175537,32.251953,40.333984,34.200195,-27.161621,15.27969,34.241974,9.65625
1755,17.319336,1.5322266,22.753906,36.304688,29.852661,-15.02832,14.753414,35.2818,3.790039
1756,23.667725,7.4240723,22.926758,35.1875,29.261597,-2.6157227,-6.7164764,30.949005,-4.0144043
1757,21.280762,10.357422,13.713867,21.563477,21.805054,-20.277344,-17.822647,16.825073,-22.745361
1758,16.291504,12.852051,11.879883,26.251953,14.380737,-32.125,-5.4037323,22.379639,-9.346436
1759,24.739746,15.084717,19.891602,32.34668,12.053711,-27.922852,-25.07446,11.846985,-17.607178
1760,17.756592,3.9660645,26.058594,28.898438,20.178589,-23.044434,-30.31488,5.9263306,-23.89038
1761,13.192871,-1.4841309,17.87207,22.893555,21.72705,-27.34082,-21.783058,10.6214905,-30.318604
1762,19.986816,6.9226074,25.080078,21.868164,36.233887,-22.144531,21.007336,40.13513,1.972168
1763,13.746582,4.6970215,17.79004,29.801758,25.170166,-29.23291,28.446697,33.56131,1.4240723
1764,35.979248,18.43164,25.6875,49.163086,24.550049,-18.534668,9.665447,28.366669,-8.71582
1765,23.21875,6.1672363,13.213867,26.579102,0.9046631,-36.78662,-53.14734,-9.603821,-50.550293
1766,23.30371,8.92627,25.24414,24.722656,19.54663,-29.617676,-45.100983,0.059661865,-35.07202
1767,21.801025,7.812256,30.282227,31.688477,30.444214,-30.388672,4.2750664,20.818665,-10.654785
1768,15.055176,-3.227295,28.518555,29.865234,35.913086,-23.10254,27.095043,32.825012,2.322754
1769,14.003906,-4.3896484,13.206055,22.652344,13.286865,-26.548828,-7.088711,7.8959656,-28.342041
1770,23.03418,1.3867188,18.411133,29.249023,23.674805,-15.121094,-17.641846,21.425354,-22.485107
1771,34.0188,20.020752,24.83496,26.908203,24.829956,-38.285645,-8.967075,26.267975,-20.14624
1772,28.529785,20.273438,28.246094,34.10254,18.235596,-31.891602,-3.53693,23.912506,-8.536133
1773,28.09375,16.590332,30.109375,40.632812,22.679932,-21.77002,-10.399925,14.7317505,-18.768799
1774,14.301025,1.5922852,5.611328,29.829102,4.383789,-28.76709,-42.437843,-20.114838,-50.665527
1775,13.055176,8.4436035,9.488281,25.664062,17.592773,-13.954102,-25.212395,5.977539,-27.455322
1776,12.226318,-1.0651855,19.49121,24.330078,29.794067,-16.711426,19.3933,43.58893,10.480713
1777,15.821289,6.2072754,22.283203,27.874023,31.17334,-27.531738,30.954327,50.352234,7.876709
1778,25.311523,8.407471,27.99707,26.112305,18.018555,-50.280273,-21.353512,4.98645,-44.879883
1779,30.406982,10.25,25.94629,25.077148,12.352051,-50.273926,-58.564915,-23.087524,-76.32007
1780,19.52417,2.7504883,22.045898,13.300781,27.25476,-30.86914,-24.915623,1.3901672,-36.634277
1781,7.5151367,3.9553223,19.692383,29.682617,30.588867,-5.416504,30.880466,48.679108,22.79126
1782,8.637451,-6.248535,20.71289,31.54004,19.42517,-7.3637695,25.581074,50.570038,21.189209
1783,7.842285,-9.465332,11.005859,22.253906,17.70642,-15.174805,-4.286087,29.975983,-13.417725
1784,11.879395,3.0314941,14.514648,18.871094,13.90625,-37.696777,-25.685543,8.105133,-43.922363
1785,30.761963,13.0842285,21.464844,23.160156,6.6605225,-57.688477,-32.04103,-6.0513,-57.46997
1786,32.295166,21.32837,25.166992,36.125977,11.904663,-53.100586,-9.725788,6.6509705,-34.778564
1787,21.019043,9.69873,13.163086,27.908203,6.291382,-36.746094,-16.775215,5.8652954,-33.651367
1788,6.8466797,-5.894287,7.9072266,21.50879,13.369873,-18.419922,-16.25019,16.365387,-25.0354
1789,-0.51660156,-7.559326,3.9345703,15.317383,16.34082,-18.187988,-4.44582,29.048431,-10.0859375
1790,5.814209,-4.0080566,13.661133,20.757812,22.217407,-27.889648,21.162266,33.479065,-0.80566406
1791,7.5266113,-4.3103027,9.253906,15.581055,5.2922363,-58.001465,-5.7149544,4.8311157,-40.368896
1792,29.844482,14.475586,20.549805,29.438477,4.671875,-52.30078,-38.847298,-7.7131042,-62.9812
1793,22.370605,6.2141113,11.727539,24.967773,-6.279175,-53.878418,-64.2227,-20.075073,-72.291016
1794,8.128418,-0.8964844,15.636719,15.108398,7.07605,-52.27002,-25.053543,2.6979065,-35.398926
1795,3.5637207,-10.937988,17.722656,31.019531,14.097412,-21.271973,21.320637,41.463043,9.938721
1796,2.7485352,-11.045166,5.024414,37.987305,9.376831,-12.868652,6.075863,35.401886,2.0170898
1797,8.387451,-10.624756,3.984375,16.949219,6.5168457,-21.984375,-24.882847,9.9019165,-33.77466
1798,3.791748,-8.239502,11.674805,17.25879,11.9313965,-38.925293,-25.252972,3.8316345,-50.63672
1799,17.563232,6.981201,21.20996,25.356445,10.222534,-50.81201,-12.79594,9.788391,-35.441895
1800,17.334473,5.0046387,20.18457,42.07617,6.836426,-44.774902,-14.9359665,10.004608,-29.136719
1801,23.387451,4.897217,12.541016,32.95996,-0.713501,-29.58252,-33.123375,-0.97164917,-38.770996
1802,28.279785,9.0563965,17.40918,24.466797,13.520508,-11.474121,-26.89655,14.409729,-23.347412
1803,11.373779,-3.5771484,20.456055,27.06543,21.777588,-10.154785,7.55389,40.54776,1.3894043
1804,20.729736,12.157715,23.655273,31.83496,20.42395,-20.515137,27.278263,43.848267,1.5253906
1805,22.674805,4.2075195,21.600586,24.319336,8.398926,-38.068848,-4.7901154,16.4859,-28.555664
1806,23.20044,0.40551758,18.808594,31.394531,9.906494,-21.561035,-32.691647,7.896637,-38.266846
1807,23.811035,4.706299,7.1835938,13.12793,-5.50354,-40.92285,-49.783936,-11.562622,-51.11792
1808,21.154297,11.762207,21.16211,29.036133,15.442017,-27.597656,-4.87154,25.199707,-11.1171875
1809,23.16455,9.904053,20.835938,29.99121,6.6260986,-29.427734,-1.2614784,24.221771,-14.777344
1810,25.949951,4.260254,21.645508,19.166016,10.746094,-28.03418,-15.3582535,12.468628,-32.57373
1811,31.110352,9.2126465,20.90625,10.416016,11.876953,-26.895996,-33.48059,10.350769,-45.097168
1812,32.661133,24.556885,25.913086,27.658203,18.722656,-16.567871,-6.960079,33.81192,-19.83667
1813,35.43701,21.07959,24.378906,29.964844,17.931885,-25.377441,7.7801857,35.404785,-3.7070312
1814,22.62793,9.028809,18.015625,34.551758,7.4107666,-27.470703,-9.434742,18.637482,-17.277832
1815,19.150146,0.13085938,14.923828,20.668945,3.072754,-28.484863,-45.82087,-4.9057617,-45.05957
1816,13.51709,-1.2314453,5.091797,-3.5527344,-3.9259033,-51.007812,-56.798862,-17.599518,-66.40698
1817,22.331299,8.824463,23.96289,8.102539,8.292725,-42.603027,-7.7489166,15.3785095,-31.664062
1818,34.734375,24.52002,28.532227,35.51953,21.470337,-20.406738,23.060879,47.07968,2.5966797
1819,37.179688,15.290283,27.554688,39.74414,9.987671,-21.10791,-15.33691,23.451996,-17.444092
1820,44.77002,27.049316,22.899414,42.121094,0.97351074,-18.755371,-59.166656,-4.112274,-41.733887
1821,47.03369,33.873047,27.344727,33.823242,8.383179,-22.475098,-39.789978,8.873322,-32.430176
1822,30.268799,15.397949,22.198242,24.774414,13.879639,-32.509766,3.7461433,21.14859,-18.878174
1823,28.17041,8.477295,15.37207,32.260742,9.120483,-22.262207,6.40028,26.98349,-10.00415
1824,23.786133,4.3325195,18.020508,33.87207,13.50708,-7.966797,-14.739349,23.107056,-20.956299
1825,24.353027,1.7770996,15.817383,18.603516,6.564575,-16.29248,-38.189693,18.404541,-28.47583
1826,40.266846,27.020264,29.543945,32.651367,4.7323,-33.6167,-34.044197,12.5703125,-26.981934
1827,48.114502,34.086426,32.753906,42.368164,5.1639404,-39.810547,-14.371273,8.888916,-32.37671
1828,48.37329,29.668701,29.09668,42.345703,8.443359,-27.997559,-6.805229,17.23462,-25.590576
1829,38.125244,11.81543,13.114258,22.576172,-0.6068115,-19.021973,-27.675781,17.9646,-27.958496
1830,22.962158,-3.1210938,23.577148,0.8857422,15.8602295,-20.824219,-16.849857,26.590546,-18.05127
1831,22.357178,-4.6535645,30.16504,15.178711,23.549805,-27.784668,3.1600075,28.955383,-3.880127
1832,39.90088,13.397705,35.463867,21.078125,12.523804,-43.68506,-11.61964,10.501526,-31.216797
1833,41.884033,15.60376,31.0625,26.552734,-6.3153076,-48.197266,-54.528057,-16.892761,-61.756104
1834,39.340332,17.288818,12.743164,11.5078125,-21.125,-47.651367,-70.62988,-25.516907,-67.90967
1835,50.95288,29.189941,34.77539,28.407227,21.945557,-18.408203,0.48316574,32.142365,-14.667969
1836,24.716797,0.13867188,25.174805,7.788086,14.983154,-39.135254,18.090252,31.867004,-7.8254395
1837,34.11133,7.918213,29.251953,18.961914,21.618896,-26.728516,12.015522,28.193237,-7.703369
1838,29.971191,3.6218262,24.18457,14.743164,8.849487,-23.13086,-34.277397,3.656067,-35.3125
1839,38.809082,19.210205,21.148438,16.33789,-0.36828613,-34.500977,-52.838997,-8.691528,-53.837402
1840,37.259033,24.05835,16.735352,22.171875,-10.14917,-48.41748,-35.538788,-5.3038025,-47.580322
1841,29.013184,15.544434,26.107422,32.58496,2.3322754,-32.51953,-4.26165,12.386353,-23.47705
1842,27.820312,11.178223,28.145508,40.692383,13.713135,-7.76709,1.1018944,23.930237,-14.631836
1843,14.450439,-4.084717,19.810547,13.202148,9.532715,-20.743164,-27.112259,3.713684,-32.571533
1844,20.681885,11.1188965,30.49414,25.238281,28.534302,-8.05127,2.3422585,26.379272,-5.6064453
1845,13.761963,2.618164,30.40039,28.170898,25.97705,-17.526855,16.920078,34.84601,1.6643066
1846,19.505615,7.759033,26.413086,35.683594,10.919678,-26.488281,-2.5504036,15.627045,-25.12085
1847,16.710938,10.14917,21.476562,31.643555,-6.9589844,-27.976562,-47.76947,-10.464844,-54.243896
1848,-9.126953,-1.3266602,17.41504,35.05371,2.1860352,-19.233398,-42.488983,-6.333679,-43.67163
1849,-24.85913,-3.8586426,15.704102,30.942383,13.252686,-17.669434,0.73731995,20.38971,-13.124023
1850,-49.841553,-21.582764,3.022461,38.557617,10.269775,-16.13379,17.111988,27.405212,-4.1499023
1851,-53.968018,-34.261475,4.7734375,44.11621,9.336182,-3.9384766,2.1296349,28.35196,-9.269043
1852,-64.11963,-47.975098,-5.411133,31.28418,1.9414062,-6.9750977,-34.985275,10.372101,-30.574463
1853,-58.750732,-40.026855,9.4296875,32.691406,2.0462646,-18.984375,-34.349266,10.055634,-26.620605
1854,-66.76489,-44.080322,11.166016,19.94629,-0.18579102,-40.884277,-18.249561,6.2237244,-28.176758
1855,-84.19922,-67.29883,-1.5224609,22.514648,-8.784058,-33.35205,-11.713329,6.1378174,-24.143799
1856,-90.815674,-75.02173,-8.411133,19.674805,-9.057007,-16.17334,-22.48457,6.654663,-26.187744
1857,-107.113525,-84.2561,-4.1601562,20.796875,8.560303,-7.163086,-18.722897,18.892761,-23.82544
1858,-118.708496,-93.15747,-1.9257812,17.5625,15.949097,-7.176758,9.904537,34.92679,1.7270508
1859,-117.98242,-94.22583,0.69628906,17.96875,10.780273,-16.134766,20.210766,37.32486,4.9333496
1860,-124.26831,-102.286865,-7.5166016,13.691406,-5.326294,-35.226074,-16.311771,8.571899,-31.24878
1861,-135.30566,-112.79321,-10.666992,6.0664062,-14.373901,-30.004883,-49.784576,-11.99646,-51.361572
1862,-149.73047,-128.25854,-14.733398,-1.1845703,-6.500366,-24.71289,-36.225983,-1.2807007,-35.383545
1863,-150.3103,-121.99609,-3.0888672,13.321289,7.2696533,-11.590332,8.451931,24.32132,1.1936035
1864,-156.67065,-125.72974,-11.93457,19.25586,7.928711,-14.680664,15.683819,27.470673,-3.647705
1865,-148.5249,-124.70654,-4.470703,14.003906,13.207275,-4.543457,-1.3289871,25.01355,-9.234619
1866,-160.53491,-136.36401,-18.464844,3.178711,-0.98779297,-18.714355,-28.991356,6.2706604,-30.320312
1867,-173.49658,-129.81519,-6.5166016,15.477539,22.932373,-5.809082,11.39053,36.722473,0.77612305
1868,-158.47412,-136.42749,1.1640625,-0.52441406,8.270996,-35.13867,8.801701,13.405487,-15.8688965
1869,-156.39038,-143.91138,-11.874023,-3.2324219,-9.088379,-34.62744,-15.136211,-5.75,-34.72461
1870,-170.49951,-155.5852,-18.023438,-10.608398,-13.272217,-21.318848,-41.048824,-9.990143,-42.771973
1871,-163.3335,-144.52563,-7.6640625,-6.2226562,1.2740479,-16.842285,-26.455051,1.735321,-32.15088
1872,-177.73999,-155.1294,-13.119141,-15.508789,-1.7752686,-32.905273,-6.9407387,6.0062256,-24.957764
1873,-180.98218,-162.74097,-14.4921875,-13.750977,-1.2495117,-30.966309,-4.5338936,6.270813,-22.834717
1874,-184.45142,-170.26807,-22.828125,-14.549805,-11.720215,-34.708496,-32.514297,-9.0590515,-45.398926
1875,-176.60498,-156.84375,-20.791992,-7.9072266,-6.69812,-15.87207,-35.477577,-2.071045,-36.534668
1876,-195.0227,-170.60278,-25.966797,-25.026367,-0.8787842,-26.536133,-17.061794,9.6362,-20.436768
1877,-195.44238,-166.6333,-20.270508,-12.6875,9.588135,-19.359863,21.079288,33.853516,7.6169434
1878,-174.64087,-155.34448,-9.658203,-3.6748047,14.445679,-13.197754,19.416546,31.927765,-0.8461914
1879,-180.17212,-168.65161,-18.743164,-12.969727,-5.8778076,-18.749512,-29.854008,0.4546814,-36.966553
1880,-180.0835,-164.57715,-24.888672,-27.50293,-14.648193,-23.328613,-40.130386,-7.2486877,-39.159668
1881,-171.33716,-154.32861,-8.981445,-16.219727,15.602417,-17.600586,10.636295,27.285492,-1.2075195
1882,-182.67725,-157.9956,-14.353516,-14.140625,7.151123,-23.954102,14.586193,20.159363,-5.8928223
1883,-176.89478,-161.91553,-6.2070312,-18.042969,-2.413208,-27.60254,-15.566662,0.09951782,-29.375
1884,-184.84058,-167.16455,-23.905273,-22.00879,-14.416626,-26.481445,-44.70017,-15.208771,-46.978027
1885,-180.77002,-158.07446,-23.884766,-21.139648,-6.126587,-21.240234,-25.379623,-0.7220459,-28.740967
1886,-188.12695,-170.26782,-24.039062,-24.59375,-15.644287,-36.14502,-7.384529,2.1958008,-21.830078
1887,-178.56592,-166.27661,-8.098633,-8.197266,3.40271,-17.344238,6.6032066,17.689484,-9.014404
1888,-189.77026,-177.71216,-26.442383,-18.351562,-2.4620361,-20.828125,-26.846725,-7.3513794,-39.622314
1889,-187.6814,-167.40747,-21.486328,-25.736328,-2.5545654,-24.817871,-38.258324,-9.161133,-40.24756
1890,-188.26123,-166.02417,-23.373047,-26.28125,3.8253174,-24.961426,-10.6746025,4.686859,-23.399658
1891,-183.9126,-162.18457,-28.786133,-13.423828,-9.834717,-22.986816,0.7376213,5.913391,-15.685547
1892,-179.40137,-154.30078,-17.574219,6.1464844,2.7633057,-5.442383,-0.86671066,15.204987,-12.966309
1893,-183.8728,-163.71289,-26.789062,-9.297852,-8.94043,-15.203613,-42.1852,-13.668549,-42.16089
1894,-183.09619,-158.7622,-28.030273,-25.21289,-6.38562,-20.978027,-35.420967,-10.156708,-36.83618
1895,-171.5603,-143.34644,-11.533203,-5.5595703,11.317627,-14.26416,12.8997,23.80307,-3.0180664
1896,-189.76587,-166.08765,-22.730469,-8.858398,-7.3635254,-22.590332,-3.5216217,6.2779846,-11.73584
1897,-174.35693,-152.0354,-21.220703,13.800781,0.64038086,1.5600586,-18.662178,5.3657837,-17.726562
1898,-194.0122,-167.52417,-32.49707,-17.22461,-10.196777,-19.66748,-47.18753,-14.209656,-44.444336
1899,-190.72485,-164.85547,-28.083984,-22.911133,-3.574707,-22.716309,-20.784,-1.1272278,-26.565186
1900,-172.73291,-145.65112,-7.620117,5.133789,18.26001,-1.9570312,22.839169,27.879486,8.612549
1901,-179.86792,-158.2456,-24.711914,-16.785156,-6.1036377,-28.282715,-12.821472,-6.3715515,-26.11621
1902,-163.73267,-144.6831,-21.460938,-9.7265625,-6.067505,-11.154785,-35.609734,-11.438171,-34.764404
1903,-178.92139,-155.45557,-33.76172,-31.386719,-12.13208,-21.273438,-42.236847,-21.252106,-42.10254
1904,-181.43823,-152.44238,-18.432617,-14.7890625,3.2456055,-14.968262,0.24209595,10.645477,-8.784912
1905,-181.13452,-154.72998,-22.188477,-12.885742,-5.691284,-23.104004,-1.4348145,3.7616577,-11.90625
1906,-170.11719,-150.40063,-24.094727,-9.504883,-12.884644,-22.518066,-32.415356,-15.979614,-36.76538
1907,-174.0232,-155.73975,-33.683594,-17.253906,-23.320923,-17.83496,-54.823826,-26.687958,-46.824463
1908,-179.77539,-151.53516,-28.435547,-24.449219,-10.3186035,-23.927734,-29.65924,-5.5567627,-26.903076
1909,-174.0393,-148.10962,-16.167969,-18.894531,-1.4970703,-30.182129,-2.6154633,4.993225,-14.181885
1910,-167.39258,-143.32617,-14.744141,-10.933594,-2.1640625,-21.155762,-8.445171,-0.86950684,-18.753174
1911,-156.95508,-141.76636,-10.578125,-3.4365234,-2.9006348,-11.217773,-32.789734,-11.885071,-32.48462
1912,-163.37231,-139.00317,-23.887695,-11.9140625,-10.749268,-12.314941,-44.572952,-17.17575,-37.230713
1913,-168.1333,-136.8042,-25.673828,-7.298828,-12.094482,-16.979492,-20.137192,-1.7027283,-15.832031
1914,-175.21362,-144.53052,-19.355469,-14.036133,-5.3988037,-23.450684,0.59399796,6.9422913,-7.702881
1915,-176.53247,-150.56885,-27.14746,-25.958008,-18.312622,-36.61377,-36.430687,-21.237213,-43.707764
1916,-171.18115,-145.81934,-19.010742,-18.567383,-9.066162,-14.857422,-42.766045,-19.103607,-41.35254
1917,-152.17383,-126.118164,-3.8574219,-7.307617,2.8043213,-6.3901367,-27.92593,-6.8637085,-21.29248
1918,-176.3982,-148.80103,-24.179688,-22.448242,-13.946045,-31.097168,-18.451553,-6.4104614,-18.5979
1919,-171.72705,-148.66699,-22.57129,-11.235352,-16.205078,-22.009277,-18.165283,-7.2763367,-19.190674
1920,-41.86328,-3.128418,-73.40039,-5.7177734,-31.32727,-0.64501953,-77.175644,-22.978699,-36.481934
1921,-38.369873,6.298828,-62.948242,-15.014648,-39.631226,-25.449219,-71.992966,-25.256226,-43.042725
1922,-27.28833,19.391846,-58.831055,3.9179688,-28.645752,-34.515625,-27.86628,-4.1769714,-31.184326
1923,-35.89453,5.500244,-64.4209,7.2060547,-36.851074,-26.834473,-28.234325,-3.8270264,-35.553955
1924,-32.048096,4.300293,-70.362305,1.0488281,-34.866333,1.9033203,-47.018726,-4.492737,-26.547852
1925,-46.552246,-1.744873,-66.58887,-8.083984,-22.928833,5.9106445,-42.04016,-0.70040894,-18.510986
1926,-34.3291,9.995117,-57.09668,0.11621094,-11.03479,5.695801,-16.194645,17.526642,4.2802734
1927,-20.312988,20.770996,-56.810547,17.4375,-16.366577,9.277832,-11.886581,17.546417,4.7470703
1928,-21.506836,15.083984,-61.52832,-0.4638672,-32.432617,-20.401855,-52.204082,-20.4617,-48.868652
1929,-19.850342,14.344971,-65.31738,-1.9492188,-35.025513,-26.414062,-67.62993,-27.50531,-62.28296
1930,-34.965576,4.2580566,-70.45215,-4.388672,-32.410034,-19.57129,-39.856594,-3.3937378,-31.713379
1931,-47.27124,-8.810791,-66.90723,0.083984375,-15.341064,0.6196289,4.276806,25.408173,10.160156
1932,-41.243164,-5.890869,-59.38672,12.902344,-4.1782227,21.396484,8.879673,34.016052,16.278809
1933,-36.519775,-1.1013184,-58.716797,3.7382812,-10.4904785,20.288574,-27.189556,16.796387,-10.910156
1934,-30.605957,5.9328613,-60.70996,-8.222656,-21.684204,3.897461,-47.535515,-0.0039978027,-28.353027
1935,-35.7146,6.468506,-59.845703,-13.400391,-29.65332,-24.624512,-43.838615,-14.99881,-42.587646
1936,-51.553955,-9.712402,-73.012695,-23.779297,-36.676025,-47.12549,-44.10736,-23.390167,-47.06787
1937,-36.28662,0.028808594,-54.72754,3.3876953,-19.132324,-2.0322266,-24.835464,4.8974915,-15.31665
1938,-36.731445,0.59155273,-62.67285,-8.499023,-10.471802,10.466797,-24.963829,18.294983,-13.498291
1939,-35.003174,3.899414,-59.61621,-10.774414,2.1448975,10.7890625,2.7260094,39.337067,5.772705
1940,-39.598633,8.921143,-60.953125,-5.4853516,-4.507324,5.063965,11.505756,36.826538,9.941162
1941,-35.267822,8.394043,-74.52539,1.9902344,-34.597534,-15.630859,-37.70176,-13.7595825,-38.220215
1942,-32.212646,2.602539,-77.083984,-3.5615234,-55.096924,-21.779785,-93.023056,-50.340607,-66.978516
1943,-35.06079,-0.32983398,-65.99902,-8.435547,-29.950928,-10.96582,-65.2233,-16.183838,-39.800293
1944,-40.761475,-5.0910645,-63.625977,-23.004883,-13.554321,-9.047363,-0.93471146,27.668915,0.66259766
1945,-36.648193,-1.7810059,-58.901367,-8.223633,-5.7751465,1.0737305,29.699223,46.565918,19.540527
1946,-37.644287,-3.105957,-66.3457,1.9150391,-22.72937,8.75293,-5.6749344,21.25177,-1.1071777
1947,-33.070557,-1.3408203,-67.89746,-5.7958984,-33.63513,-2.2592773,-61.421707,-18.652771,-48.862305
1948,-38.973145,-4.09375,-82.68359,-27.146484,-50.21814,-26.896484,-81.87897,-34.703766,-63.56665
1949,-43.890625,-5.4907227,-76.97754,-23.936523,-39.402832,-25.654297,-36.004173,-6.53067,-27.296387
1950,-30.642822,5.4660645,-61.546875,-4.6083984,-24.516113,-10.344238,-8.044281,12.980133,-12.644287
1951,-35.842285,-5.4538574,-68.40332,-7.3720703,-31.284668,-2.2060547,-23.887218,6.767761,-22.764893
1952,-53.917236,-18.625244,-80.149414,-21.18164,-30.893188,1.7832031,-41.45836,-1.3992615,-34.493652
1953,-45.17578,-3.5820312,-69.81152,-20.58496,-25.541626,-7.4677734,-31.457682,6.2066345,-18.669434
1954,-22.106934,23.773926,-54.311523,-1.0283203,-18.232056,-13.269043,-16.462254,11.346832,-13.7229
1955,-29.297852,4.64624,-74.22949,-9.702148,-43.58313,-23.161133,-52.21542,-22.605316,-44.161865
1956,-19.598145,16.530273,-64.180664,4.9248047,-27.145264,12.626465,-45.162754,-7.346161,-36.152832
1957,-34.851074,6.592041,-73.680664,-16.333008,-27.025024,5.2841797,-31.743582,1.270935,-26.745361
1958,-38.33789,6.212158,-68.03613,-14.21582,-17.075806,5.4228516,3.8788948,31.30835,9.93335
1959,-24.581299,15.655273,-56.688477,4.7978516,-12.020264,1.4838867,8.430645,37.725677,14.239502
1960,-23.319092,12.51123,-61.433594,-6.0195312,-29.224487,-15.722168,-49.653496,-11.313538,-39.73291
1961,-23.38916,11.671875,-68.2334,-13.171875,-31.843994,-11.309082,-69.17138,-32.034943,-59.84668
1962,-32.061768,13.7248535,-76.140625,-15.03125,-32.07129,3.578125,-36.558216,-14.278412,-32.96997
1963,-20.940186,19.985107,-61.42285,-3.1083984,-25.993408,7.244629,0.64751434,19.662903,3.4960938
1964,-24.744385,11.553711,-58.16992,-5.602539,-20.747803,6.7695312,0.9075966,28.35434,8.53833
1965,-19.413574,19.303223,-63.314453,-14.637695,-23.354004,0.88427734,-31.504911,15.015381,-12.747803
1966,-11.654297,26.878906,-55.018555,-14.963867,-15.246338,-13.983887,-38.786385,3.313202,-32.35132
1967,-5.232422,40.765625,-55.2666,-5.0253906,-22.212524,-17.276855,-26.830467,-6.2037964,-31.177246
1968,-13.100098,31.164307,-65.171875,0.5683594,-27.313232,-6.543457,-3.5702362,6.0657654,-14.193115
1969,-13.469482,23.179932,-64.77344,-1.7216797,-22.669312,21.779297,-9.685799,16.186523,-3.8828125
1970,-25.558838,10.077637,-74.262695,-23.802734,-27.017456,15.253418,-42.159878,-0.12295532,-21.618164
1971,-32.151367,3.5915527,-73.634766,-42.6416,-31.98877,-14.358887,-38.586243,-4.743286,-28.361084
1972,-23.282715,12.7873535,-60.44629,-25.785156,-20.332153,-19.90039,-5.297867,8.703033,-13.626221
1973,-7.89624,24.271973,-58.92383,-10.591797,-33.092407,-32.181152,-32.130074,-13.898132,-44.477783
1974,-8.443115,22.99878,-70.48633,-16.24414,-50.269043,-31.450684,-68.060776,-44.02835,-73.427
1975,-11.612793,24.4104,-69.046875,-16.45996,-36.000854,-1.6254883,-42.439148,-12.54071,-36.408203
1976,-24.084473,20.145752,-61.291016,-18.547852,-24.042725,10.986816,-8.199455,15.455505,-0.42407227
1977,-34.59839,2.9604492,-65.197266,-22.452148,-20.69104,6.791992,5.7251396,24.056763,7.664795
1978,-36.838135,-2.3752441,-68.18359,-33.2041,-31.88794,-15.822266,-27.731968,-4.0220337,-26.763916
1979,-35.38086,-1.0634766,-79.63574,-40.831055,-38.476685,-30.689941,-66.71684,-32.569855,-64.23413
1980,-7.393799,29.94873,-67.76758,-24.552734,-42.49768,-29.609863,-54.767014,-23.418457,-55.37329
1981,-13.394043,34.553955,-63.30078,-5.5039062,-28.641113,-3.3847656,-5.930847,13.52652,-3.68042
1982,-28.642822,8.980957,-63.61133,-14.03125,-23.660645,7.0791016,7.4769707,21.310425,7.6367188
1983,-35.684814,0.8400879,-76.73828,-8.285156,-17.674194,17.64746,-10.295948,22.217865,-1.4047852
1984,-35.8833,-2.8718262,-68.2207,-17.733398,-12.13147,20.89209,-19.126896,16.598022,-5.175293
1985,-32.288086,11.726318,-72.19336,-27.021484,-20.703003,-11.271973,-18.46299,2.9509583,-20.408691
1986,-18.815186,24.149658,-79.43262,-14.219727,-40.76953,-32.038086,-26.435986,-14.527435,-41.791016
1987,-13.873779,24.853027,-70.987305,-6.4023438,-35.110596,-4.3066406,-17.484081,1.4707642,-20.743652
1988,-24.32837,12.419189,-70.37598,-24.104492,-31.54956,0.076660156,-35.583183,-7.2810974,-28.706787
1989,-43.294434,-3.8359375,-75.82715,-33.79004,-21.723999,3.6660156,-12.556679,13.076569,-5.0527344
1990,-36.019043,5.739746,-60.635742,-24.708984,-7.776245,6.963379,25.290089,42.60446,22.374268
1991,-28.869385,11.3203125,-72.01465,-15.624023,-21.21167,-10.22168,-0.20123291,18.15628,-8.076904
1992,-21.372803,9.610107,-78.083984,-27.921875,-38.734375,-22.016602,-53.620693,-28.392181,-60.472656
1993,-31.743164,4.0629883,-97.05176,-30.566406,-55.660156,-27.516113,-80.13068,-47.009064,-72.49902
1994,-45.640625,-7.0012207,-76.83301,-41.24414,-37.43872,-14.521973,-27.09227,-3.481842,-20.697754
1995,-41.906494,-4.7285156,-71.83496,-28.448242,-28.360474,-6.4194336,11.10812,28.222351,14.221436
1996,-31.8833,8.222168,-63.791016,-10.197266,-19.164062,10.33252,10.793781,37.150787,17.750488
1997,-22.46753,7.849365,-71.11914,-18.113281,-29.907227,-8.062988,-41.637436,-6.9752197,-37.7229
1998,-24.655273,16.99414,-78.11621,-22.67871,-42.776978,-20.48291,-80.149635,-46.34091,-78.26196
1999,-24.359863,22.062256,-79.96875,-21.036133,-39.628906,-11.6875,-38.87954,-15.075806,-35.239258
2000,-28.870117,13.083252,-84.975586,-21.206055,-41.512695,-5.8012695,-5.2913322,11.999023,-0.1652832
2001,-21.080566,17.251953,-77.27539,-11.8359375,-36.96814,14.3671875,-9.737385,23.697266,6.209961
2002,-26.913818,7.2890625,-71.80859,-27.157227,-33.004395,3.1010742,-34.557434,10.714386,-14.735352
2003,-24.661865,16.534424,-72.93359,-32.710938,-31.720703,-19.059082,-42.235184,-7.648987,-36.522705
2004,-27.061035,17.967285,-66.23633,-24.689453,-27.107788,-21.395508,-28.87011,-8.732544,-33.51294
2005,-31.175537,10.636963,-73.64551,-22.719727,-30.908081,-12.975586,-29.377571,-8.8559265,-32.14917
2006,-18.57959,21.988037,-74.47168,-24.833984,-36.850708,6.367676,-34.11455,-0.37005615,-23.654297
2007,-31.361084,12.106201,-92.59082,-42.311523,-51.301147,-0.97802734,-47.820076,-2.4691467,-23.547607
2008,-19.951416,28.329346,-77.71973,-28.875,-39.09314,-4.788574,-13.218147,14.205139,-1.6694336
2009,-10.977295,39.482178,-62.601562,-18.19629,-33.534668,-31.21289,-13.787186,3.3050842,-21.335693
2010,-13.805908,24.593262,-58.239258,-13.4609375,-48.04297,-30.279297,-52.21184,-22.040588,-54.74878
2011,-20.474121,16.854248,-68.11914,-20.898438,-37.284546,-3.7480469,-70.26815,-23.332306,-45.594727
2012,-33.628906,1.6782227,-76.72363,-41.6084,-25.687622,-6.838379,-35.584206,-7.4895325,-26.353027
2013,-44.835938,1.9057617,-83.31055,-38.395508,-28.84851,-5.0908203,-1.5495224,11.651184,-2.9316406
2014,-23.356201,19.214844,-63.625977,-7.413086,-19.734863,19.089355,15.945843,26.706665,11.235352
2015,-31.66748,1.8369141,-73.72949,-32.17871,-31.697998,-16.489746,-25.406242,0.16473389,-33.377686
2016,-17.301514,26.00415,-70.100586,-31.192383,-37.37329,-32.92871,-51.085686,-6.775543,-49.438965
2017,-12.581299,30.246094,-61.4541,-27.203125,-43.918335,-36.0542,-49.918064,-7.8329163,-35.34668
2018,-11.763916,34.137695,-63.899414,-11.56543,-35.80127,-16.980957,-26.02901,-4.864868,-19.395752
2019,-12.221191,30.717773,-67.18652,-2.4521484,-33.661255,9.913574,-19.520283,-10.287842,-23.137695
2020,-23.858643,14.31665,-81.49512,-33.304688,-33.32556,5.650879,-30.063663,-8.322754,-29.453125
2021,-19.319824,30.830322,-69.05664,-30.110352,-15.075684,4.958496,1.1867485,29.48404,-7.4833984
2022,-21.632812,17.895752,-64.08496,-38.81836,-12.273926,-17.69336,24.614033,42.497192,7.1501465
2023,-26.95996,15.716309,-70.74512,-40.1084,-33.44702,-41.78125,-13.275784,6.695221,-28.009521
2024,-10.086914,25.307617,-62.271484,-20.22461,-46.454956,-29.157227,-68.53216,-31.9794,-58.23535
2025,-13.361084,25.318848,-69.02051,-27.454102,-54.370605,-7.4799805,-81.1124,-44.78366,-55.176025
2026,-19.72583,27.818115,-69.34375,-26.65039,-20.91919,11.667969,-4.284008,20.060242,5.8879395
2027,-21.353516,19.224854,-61.40332,-19.061523,-8.024292,20.052734,47.525173,61.41931,43.578125
2028,-31.07788,6.304199,-74.26953,-31.066406,-19.729004,-1.3134766,18.519932,43.902527,10.188477
2029,-23.188477,13.114502,-76.98047,-34.614258,-41.324097,-26.378906,-53.424873,-14.356476,-47.938965
2030,-17.36206,22.097168,-76.00488,-36.737305,-47.977783,-32.941406,-74.285645,-35.319336,-61.34326
2031,-32.891113,14.315918,-83.89551,-40.140625,-50.475464,-33.438477,-48.438168,-21.216766,-33.18799
2032,-28.203125,8.4453125,-71.97949,-27.191406,-35.38037,-13.873535,1.1255608,19.600616,4.4375
2033,-16.145996,16.269775,-69.831055,-22.761719,-29.106812,5.5981445,2.3765373,27.277222,4.786133
2034,-27.439209,10.20166,-80.49121,-37.873047,-34.414673,-9.305176,-33.361332,5.4227295,-25.78833
2035,-20.813477,21.28125,-72.21289,-33.848633,-35.152344,-21.878418,-38.568596,-5.353668,-29.987793
2036,-5.8271484,40.447754,-65.73047,-9.87793,-32.891113,-16.42871,-15.117615,3.293213,-11.312256
2037,-37.015625,6.364502,-81.71777,-18.813477,-44.36389,-18.391113,-34.23633,-16.158936,-27.706787
2038,-41.82715,-0.95751953,-93.77637,-25.658203,-48.0802,-2.3862305,-44.520866,-7.889221,-21.549316
2039,-44.488525,2.2646484,-93.66406,-37.22168,-41.780884,-0.35302734,-39.454193,1.2483215,-16.310547
2040,-43.03247,4.255371,-86.70508,-44.16504,-40.134277,-16.717773,-21.129269,5.3482666,-10.702637
2041,-22.18042,20.499512,-72.94141,-27.893555,-33.854614,-21.282227,-10.474758,6.0364685,-19.895264
2042,-17.8125,25.0979,-74.92578,-21.043945,-46.25708,-27.092773,-48.513115,-15.1987,-45.436768
2043,-18.77539,28.518555,-80.91699,-15.182617,-42.368042,2.3564453,-53.74874,-8.932343,-29.301025
2044,-26.313477,19.579346,-80.62109,-27.612305,-40.39807,12.048828,-29.884487,4.530487,-3.7487793
2045,-27.758057,16.690918,-77.90723,-26.84961,-30.633545,5.291992,6.4784203,25.252533,19.444824
2046,-34.17798,12.95459,-82.475586,-29.207031,-32.6073,-2.868164,1.9399986,22.742126,11.550049
2047,-41.831543,4.9958496,-88.63867,-43.49121,-35.55481,-18.552246,-39.8049,-9.092407,-33.722656
2048,-36.931396,9.262207,-85.65625,-55.46289,-44.651367,-46.77588,-66.12796,-31.548187,-65.70239
2049,-19.08081,33.9209,-70.93555,-30.262695,-27.122192,-18.251465,-18.17189,7.9639893,-14.235352
2050,-27.876709,25.843018,-76.81543,-16.671875,-34.439697,2.166504,1.9756432,20.822449,14.048584
2051,-38.08374,13.16333,-86.63086,-15.1640625,-36.632202,13.799805,-13.253788,13.511566,8.260742
2052,-41.55542,-0.5710449,-94.987305,-33.299805,-39.95569,5.4711914,-40.88835,-4.959717,-23.819092
2053,-44.03076,-2.9958496,-80.46582,-51.311523,-23.839844,-19.907227,-34.67613,-10.853424,-32.75244
2054,-47.819824,-5.121338,-89.16406,-57.206055,-33.323242,-48.11621,-16.80685,-5.7967224,-31.518555
2055,-34.22046,12.723877,-88.81445,-26.713867,-39.56372,-23.458984,-7.685505,16.058136,-3.5952148
2056,-15.819336,28.596191,-80.231445,-3.0166016,-46.83374,18.069824,-32.964085,6.0161133,-2.338623
2057,-31.38208,22.55371,-96.2666,-18.90625,-57.4834,16.838867,-56.006737,-8.654724,-17.154297
2058,-32.246094,23.488281,-83.069336,-28.049805,-32.110962,7.2280273,-18.404404,4.547058,0.7314453
2059,-43.79663,8.922119,-89.52246,-31.324219,-28.681396,-10.428223,1.5492668,9.8932495,1.4794922
2060,-40.447998,2.0334473,-83.12891,-32.634766,-23.136475,-18.324219,-0.6025238,6.082184,-17.73413
2061,-39.00537,-0.7385254,-89.137695,-46.00586,-39.36438,-33.174805,-46.829052,-18.760315,-49.654053
2062,-25.213135,19.753662,-92.490234,-24.114258,-38.17151,2.2788086,-32.267986,12.131226,-3.0805664
2063,-19.599365,31.322754,-86.48535,-15.09082,-48.424072,15.402832,-16.261616,22.71341,24.989014
2064,-15.100098,36.113525,-75.56445,-9.609375,-45.959717,9.552734,-10.114372,14.186401,13.250732
2065,-14.057373,31.626953,-69.78516,-19.480469,-39.918823,3.0444336,-23.243526,-2.0319824,-15.918945
2066,-31.974121,9.76709,-86.90527,-48.71289,-42.210205,-19.285645,-48.10916,-17.753204,-45.55249
2067,-40.313965,14.821045,-86.96484,-50.621094,-30.827637,-27.48877,-19.376606,2.5877075,-27.006836
2068,-38.525146,14.5271,-82.12891,-44.591797,-29.239624,-30.35498,5.6032524,23.563599,-2.5839844
2069,-30.838867,11.86792,-83.06641,-30.104492,-45.80725,-5.811035,-18.478687,20.465973,6.5151367
2070,-32.513428,11.203857,-91.82422,-29.879883,-49.21411,4.324707,-46.814697,-2.1271973,-13.516846
2071,-36.118164,8.415283,-89.26465,-44.98535,-46.127075,-8.686523,-43.834778,-8.540558,-26.736084
2072,-21.769287,21.138428,-75.368164,-28.86621,-29.68457,-3.711914,-1.7768936,14.719452,-3.6669922
2073,-21.893066,22.774414,-82.18555,-33.316406,-44.063354,-22.465332,-4.654602,8.683777,-12.333496
2074,-18.95044,19.587158,-80.461914,-34.69922,-45.85669,-23.108398,-31.85505,-1.7701111,-29.098145
2075,-14.862793,25.352783,-83.12012,-30.83789,-42.221924,0.1850586,-44.848053,1.4125061,-12.532471
2076,-29.912842,9.3984375,-96.177734,-47.779297,-50.080322,-15.496094,-39.578156,-5.68692,-13.832275
2077,-33.297607,11.444336,-91.475586,-43.819336,-46.485107,-28.114258,-16.871342,-3.6806335,-10.329834
2078,-16.094727,22.223633,-77.50391,-28.170898,-36.845093,-22.516602,-7.575592,-0.046447754,-20.052246
2079,-20.599365,15.250488,-80.94238,-31.910156,-40.031982,-10.818359,-36.912018,-14.783783,-37.14746
2080,-12.171143,27.438965,-72.5918,-36.88672,-41.06067,-12.461914,-44.218517,-5.7433167,-28.738281
2081,-19.952637,30.339111,-83.61621,-24.00586,-36.901,5.63916,-5.9231415,30.773376,24.854736
2082,-15.9279785,27.56128,-71.62402,-14.975586,-26.592041,5.563965,15.525021,39.448517,37.809814
2083,-39.65161,-4.126709,-84.643555,-38.617188,-35.756348,-11.811523,-10.868069,8.166351,-3.8969727
2084,-52.421143,-17.084717,-93.328125,-60.573242,-49.289307,-31.529297,-49.217686,-25.160889,-50.194336
2085,-38.125,3.081787,-88.24121,-44.20117,-35.287354,-18.283203,-36.93174,-14.889038,-34.949463
2086,-31.602783,14.6188965,-83.51465,-37.323242,-33.97339,-13.762207,-14.440765,5.306671,-3.298584
2087,-18.613525,23.702393,-69.66992,-15.97168,-31.624023,7.0117188,-5.9114075,25.573456,23.892822
2088,-15.630371,22.450684,-66.350586,-20.080078,-26.216919,23.623535,-14.024635,30.667206,25.073486
2089,-31.079834,2.6264648,-84.958984,-40.83008,-31.297485,1.078125,-20.315952,20.756134,4.2973633
2090,-27.178467,15.057861,-70.05664,-42.911133,-10.144531,-6.0625,16.54594,31.68042,13.064453
2091,-27.720459,10.681641,-73.36426,-48.120117,-20.202759,-28.739746,3.9741325,0.5733948,-15.953369
2092,-27.631348,7.650635,-75.918945,-37.460938,-30.93628,-16.845703,-24.62358,-11.981903,-27.919922
2093,-13.583008,20.433838,-76.02344,-35.11914,-37.82251,2.8920898,-42.81109,-0.34005737,-16.48584
2094,-5.2199707,37.60205,-74.956055,-28.71875,-30.166504,18.426758,-25.973484,24.006653,20.211426
2095,-14.70166,37.914062,-65.793945,-25.829102,-24.02893,17.47754,15.3671,47.105896,44.154053
2096,-9.28125,42.911377,-57.524414,-8.196289,-6.819458,21.632812,31.308445,51.577026,42.535645
2097,-14.389648,22.078857,-68.3584,-35.801758,-24.837769,-8.133301,-22.817574,-1.847992,-17.686523
2098,-23.136719,18.951172,-75.40723,-43.956055,-30.66748,-17.199707,-52.749317,-27.735077,-45.172363
2099,-7.925537,32.628418,-71.78516,-31.95996,-17.668945,-4.7163086,-15.444649,8.953369,1.4953613
2100,-15.213135,28.029297,-72.89453,-29.067383,-24.682007,8.0,10.969456,40.22644,37.74829
2101,6.6914062,41.412598,-59.06836,-4.6445312,-14.447876,42.868164,30.728909,60.818756,61.919678
2102,-4.473877,34.92627,-81.231445,-20.511719,-31.392334,23.858887,-18.519432,22.937561,9.828857
2103,-11.395996,31.690918,-70.77344,-40.737305,-17.23999,8.092285,-22.162197,6.5346375,-10.000732
2104,-13.637939,34.072266,-72.82129,-37.8125,-17.817139,-3.1835938,-2.1249847,10.69278,0.15795898
2105,-8.728516,29.112305,-77.31738,-38.166016,-25.899292,-15.644531,2.616787,12.974243,8.744873
2106,-1.0397949,32.781982,-76.07324,-29.751953,-30.453003,-4.8027344,-14.532269,20.727112,8.118408
2107,-7.328125,30.62915,-84.95508,-34.529297,-38.813354,0.3173828,-29.651268,11.883301,-1.0371094
2108,-0.6381836,44.20923,-64.91504,-20.832031,-20.040527,16.600098,-3.7148857,27.015411,20.621338
2109,-4.1000977,48.05664,-65.36719,-14.298828,-18.008667,15.108887,9.721996,20.642426,23.431396
2110,-8.570801,35.91626,-66.71484,-12.572266,-18.600708,9.594727,-0.3840027,11.496643,3.4211426
2111,-18.874512,19.09497,-83.07422,-39.341797,-35.75171,-9.985352,-38.002705,-9.598663,-24.934082
2112,0.2548828,43.703125,-65.88281,-31.666992,-23.14563,-4.6777344,-32.691086,11.92038,-5.930664
2113,4.356201,50.226562,-70.14453,-26.710938,-31.898193,-15.220703,-15.44714,18.049713,7.498047
2114,-4.4345703,39.945312,-62.549805,-20.05664,-31.919312,-2.4726562,2.418148,25.27536,22.373291
2115,-11.4453125,28.612549,-68.42383,-24.529297,-33.911987,3.9814453,-21.334637,3.7591553,3.737793
2116,-26.050293,17.655762,-87.97168,-42.40039,-40.97583,7.243164,-41.605114,-7.11438,-7.8913574
2117,-34.215332,19.104248,-95.418945,-48.99707,-41.98047,-6.525879,-35.007957,-0.8161926,-11.333496
2118,-21.08496,31.722656,-73.14844,-29.600586,-29.012207,-11.259766,-5.181507,20.69046,4.753174
2119,4.9179688,47.158936,-68.14746,-6.3476562,-28.473022,-15.746094,-16.68312,15.073273,-1.8896484
2120,3.5603027,44.47754,-80.02734,-20.430664,-40.486816,-2.262207,-52.546764,-6.550293,-17.343506
2121,-13.738037,30.716309,-83.48828,-41.67285,-38.89087,4.2504883,-45.729286,-5.548767,-12.364502
2122,-16.574707,39.825928,-76.94043,-24.308594,-30.536255,8.108398,-6.6949577,27.37555,24.269043
2123,-21.203857,32.575684,-77.427734,-27.020508,-26.917603,4.998535,14.727688,35.357147,30.68628
2124,-21.25122,30.187744,-75.65625,-21.62207,-30.043701,10.26416,-10.787678,20.271576,9.053955
2125,-3.628662,44.575928,-75.7666,-22.329102,-27.125732,4.0307617,-48.32542,-3.9141235,-25.464355
2126,1.6853027,53.58496,-71.99902,-30.1875,-33.06909,-15.937012,-47.675823,-10.288452,-24.861572
2127,-10.229736,53.726074,-79.4375,-25.067383,-39.6261,-19.373047,-29.82484,1.9694214,-3.588379
2128,-11.774658,47.22339,-72.62402,-13.37207,-31.327393,9.035645,8.563068,31.33728,31.508545
2129,-8.28418,47.32007,-79.666016,-4.8964844,-21.734375,34.63965,14.653858,49.903595,40.675293
2130,-23.484375,35.61621,-91.38672,-23.123047,-35.20117,22.145508,-26.368011,15.253998,6.412842
2131,-15.526367,52.392822,-85.22266,-19.106445,-31.427368,5.036621,-24.71233,6.0329285,-1.8896484
2132,-24.285645,44.784668,-83.197266,-19.118164,-29.33899,-9.883301,-6.013958,18.770386,5.1123047
2133,-12.478516,48.104248,-77.15527,-10.707031,-29.099854,-8.937988,-19.742855,10.955048,-2.4067383
2134,-9.811279,48.031494,-77.79199,-23.490234,-37.77246,-4.398926,-50.2692,1.4094849,-9.193359
2135,-11.143066,55.41162,-79.49121,-20.167969,-27.01831,16.842773,-15.615448,31.377625,20.97876
2136,-8.191895,61.299805,-79.11719,-7.576172,-27.400146,22.015625,17.888035,43.942657,42.690186
2137,-12.423828,61.19287,-70.52637,4.0214844,-17.660156,29.33252,26.384266,49.744965,49.639893
2138,-18.51831,45.500732,-87.27344,-14.557617,-34.11389,19.604004,-24.884151,8.40567,3.9089355
2139,-24.553223,42.461914,-92.82031,-22.881836,-39.7406,8.623535,-57.207527,-7.1972656,-11.645996
2140,-15.712158,51.64209,-77.19043,-30.924805,-24.163818,-7.4384766,-29.680473,10.222595,-1.104248
2141,-10.653809,54.06494,-72.58008,-13.030273,-13.586914,-1.0546875,3.7657433,33.35019,25.16455
2142,4.4506836,73.09424,-68.680664,-0.6513672,-19.283081,22.044922,2.4032097,33.940918,30.536621
2143,-9.904541,54.436035,-76.27051,-1.3808594,-29.22522,39.759766,-20.677666,24.571167,16.0896
2144,-12.987549,56.85376,-72.77637,-9.378906,-20.16272,44.62256,-11.125256,39.172302,35.283203
2145,-17.529053,53.6167,-75.50293,-19.368164,-23.894165,20.478027,-1.9840698,35.643677,32.253418
2146,-17.155273,51.399902,-69.56445,-12.901367,-17.69629,10.187988,0.9701042,29.022888,24.37378
2147,-20.45166,34.621094,-68.94238,-30.103516,-23.950317,-11.15332,-33.65288,-0.99645996,-19.956055
2148,-35.246338,19.479004,-81.549805,-52.711914,-27.445435,-12.638672,-52.359833,-12.703125,-29.579346
2149,-30.123047,35.529053,-74.37305,-28.24707,-17.084106,7.2734375,-21.104813,18.395538,4.394043
2150,-15.55542,50.935303,-69.00391,-6.678711,-17.534668,23.586426,11.519375,36.191986,34.595947
2151,-11.314209,49.520508,-65.32422,-5.201172,-19.965088,32.390625,7.71159,34.36557,33.16504
2152,-19.596436,41.541504,-72.32031,-16.324219,-18.579834,26.354492,-21.054932,13.446075,7.3308105
2153,-11.025879,47.12085,-67.32031,-27.05957,-11.313232,11.963867,-26.124855,14.416504,-0.98876953
2154,-27.502197,42.766846,-80.609375,-41.59082,-26.061646,-18.07129,-24.308064,5.8081665,-10.253906
2155,-21.439453,46.351807,-75.96094,-24.195312,-20.569946,-3.3774414,-1.6039543,21.138306,13.268311
2156,-16.72876,43.40796,-74.575195,-16.774414,-28.762085,16.526855,-17.00319,17.682953,14.281982
2157,-17.936035,40.986084,-77.24609,-20.798828,-45.63391,8.193848,-50.894394,-0.93634033,-3.1049805
2158,-29.229736,38.456787,-73.375,-28.294922,-21.765137,10.76123,-15.854778,18.419373,14.389893
2159,-23.780762,44.085205,-74.506836,-12.974609,-17.181152,8.000977,10.914989,31.26416,26.422607
2160,-28.197266,41.246582,-74.41406,-16.894531,-24.334839,-12.563965,1.6000938,18.836365,1.8312988
2161,-21.295898,43.700684,-74.73242,-1.4189453,-29.906616,-1.1357422,-32.166466,3.479248,-11.070557
2162,-16.53418,47.142334,-75.56055,-5.423828,-35.114258,7.663086,-54.6371,-3.9212952,-12.852539
2163,-14.598633,61.89868,-64.25293,-5.4248047,-24.75476,7.223633,-16.97321,21.330109,19.251953
2164,-17.260986,55.157715,-71.63379,-4.3066406,-14.64856,4.754883,15.301495,31.55243,29.31665
2165,-27.510498,38.800293,-79.90234,-14.405273,-31.452026,-7.5649414,-15.256584,8.473053,3.5185547
2166,-23.197021,38.16382,-82.55078,-18.680664,-43.370117,-18.113281,-55.50894,-11.210602,-25.215088
2167,-22.92334,44.162354,-85.325195,-21.476562,-39.238525,-31.8667,-58.75046,-17.215332,-31.344238
2168,-18.81372,52.868896,-70.899414,-5.629883,-32.929565,-20.303223,-25.359173,4.8936768,-2.4660645
2169,0.05834961,61.446533,-63.180664,14.722656,-24.723145,6.727539,-5.0416107,23.774689,25.07788
2170,-23.221191,40.365723,-79.41797,2.0107422,-29.138916,4.1289062,-23.332478,4.3559875,-0.16479492
2171,-29.428223,33.842773,-85.97363,-18.307617,-33.717285,-13.555176,-47.736332,-11.954071,-17.416016
2172,-25.719727,42.680176,-70.77344,-18.49414,-24.173584,-17.098633,-21.468273,10.268738,2.901123
2173,-19.355957,53.370605,-74.28613,-5.416992,-25.580078,-29.686035,-16.289223,7.982605,0.9580078
2174,-11.507324,51.448486,-77.51758,-0.77246094,-48.292725,-47.141113,-53.72991,-19.971985,-34.702393
2175,-3.835205,56.55127,-69.18262,8.677734,-48.69275,-4.4833984,-79.24133,-30.534668,-26.7771
2176,-26.745117,41.982178,-76.02246,-11.032227,-27.121094,1.8896484,-43.44381,0.1574707,1.9897461
2177,-25.220703,51.16284,-66.17578,9.021484,1.1345215,14.055176,18.304173,43.601562,43.72583
2178,-31.153564,37.741455,-73.74707,2.7539062,-8.157959,-3.074707,27.934338,41.596375,36.233154
2179,-26.358643,38.235107,-82.7959,4.1416016,-22.672852,-7.7299805,-13.149879,16.390503,7.5688477
2180,-25.569824,38.760254,-89.62012,-6.466797,-38.639038,-20.57666,-66.37246,-19.098053,-27.743164
2181,-12.728516,53.44751,-81.578125,0.55566406,-44.692993,-26.939453,-66.73842,-13.029968,-16.666992
2182,-8.969238,64.521484,-71.58203,21.330078,-38.360107,-11.065918,-24.696999,15.889648,21.04004
2183,-11.389404,68.88916,-79.206055,33.65918,-29.653076,9.748047,0.9095955,34.374634,32.869873
2184,-6.069336,61.978027,-84.41016,19.240234,-25.181396,0.61279297,-21.167301,13.30484,3.9401855
2185,-20.244873,49.753174,-85.51074,0.84765625,-17.23767,-14.831543,-32.001648,-1.4259949,-13.208252
2186,-24.401855,50.15576,-82.06445,-5.4140625,-20.904541,-33.05371,-20.032063,-1.1751709,-9.425781
2187,-16.645508,53.731445,-75.05957,16.125977,-23.976318,-29.046387,-9.859108,10.66214,0.03149414
2188,-17.147705,49.43164,-80.24219,15.537109,-48.201782,-10.972168,-55.311283,-2.8966064,-1.5957031
2189,-22.826172,44.94629,-85.41406,10.826172,-44.91687,4.625,-53.578377,2.2142944,1.1418457
2190,-19.539062,44.552002,-87.87695,-5.6660156,-33.437134,-9.950195,-23.935966,12.124847,2.6140137
2191,-25.87915,49.010742,-72.25293,0.88964844,-8.140259,-22.21289,16.246227,32.062866,15.780273
2192,-30.276367,34.093994,-79.82031,-6.776367,-17.532715,-41.557617,0.035705566,7.765808,-7.4040527
2193,-31.400879,36.109863,-79.37305,0.41503906,-29.069336,-27.891113,-40.61746,-5.519226,-20.133057
2194,-21.935303,49.492676,-82.81348,7.064453,-42.960693,-2.5854492,-59.51797,3.556366,0.8017578
2195,-26.827637,53.950928,-82.1416,17.501953,-40.358643,6.1103516,-37.16318,14.031097,23.216553
2196,-21.875244,53.81909,-73.118164,25.017578,-31.607544,2.1992188,-1.9739151,22.407745,27.607422
2197,-28.72461,43.11377,-87.09766,14.887695,-36.448486,-8.141602,-14.368679,5.3638306,-1.2199707
2198,-29.625244,43.188477,-82.51367,13.499023,-23.14795,-6.4023438,-26.202244,1.978302,-13.560791
2199,-24.619629,48.874268,-72.831055,16.210938,-15.92395,2.395996,-15.531406,17.266937,7.6691895
2200,-29.362549,44.217285,-68.87012,16.981445,-31.99414,-4.935547,-6.460102,29.3638,29.118896
2201,-27.086182,47.896484,-74.96387,32.6416,-42.460693,2.5986328,-20.956429,25.569702,36.44702
2202,-18.766357,50.702393,-75.32129,28.842773,-40.244263,3.1933594,-48.437862,-6.854706,-2.5239258
2203,-25.761963,43.766357,-81.65918,15.713867,-31.513428,-5.708496,-54.047405,-24.507477,-32.43042
2204,-28.781738,41.260742,-72.22656,19.782227,-13.164185,-6.7714844,-6.242958,8.953278,-3.0981445
2205,-34.05542,40.03174,-68.62598,36.92285,-7.008789,10.344727,29.473095,47.527252,41.8916
2206,-37.248047,31.304688,-82.5166,30.689453,-31.257812,1.4389648,-3.6249619,26.149994,22.340576
2207,-27.92212,36.88965,-77.291016,27.77832,-36.77942,11.060059,-42.25367,15.6241455,11.696045
2208,-22.322998,53.327637,-77.13086,24.024414,-40.524414,-7.0756836,-57.529034,-3.620636,-8.229004
2209,-14.472168,53.568115,-72.240234,19.429688,-35.85608,-29.056152,-39.789337,-12.63269,-20.466064
2210,-18.6792,49.753662,-70.6875,31.070312,-18.720459,-10.862305,-4.2448006,7.4990845,6.012207
2211,-35.292236,28.826904,-81.17969,23.649414,-32.215088,-2.0908203,-25.911533,3.1047363,1.9709473
2212,-30.054688,38.77466,-79.40137,21.72168,-26.221924,17.824219,-33.98626,16.859924,16.851807
2213,-28.006592,40.716064,-74.55371,14.725586,-30.44043,2.6777344,-25.857182,17.676208,21.359863
2214,-16.189697,52.852783,-74.206055,34.947266,-23.659912,7.0234375,-0.5154953,31.01001,31.988525
2215,-12.354492,52.763184,-75.75879,28.626953,-45.06372,-25.010254,-39.280758,-5.8277283,-13.998047
2216,-15.494141,47.152832,-82.65527,16.921875,-41.960938,-25.822754,-50.926342,-7.9952087,-24.78955
2217,-38.212646,30.057617,-88.33301,7.9101562,-26.424316,-16.155273,-32.907463,2.5881653,-7.629883
2218,-49.027832,20.83374,-82.146484,9.006836,-20.599365,-6.1503906,-2.5213814,29.363983,28.15918
2219,-39.520996,31.862305,-85.53223,22.749023,-21.567139,0.35791016,10.0704155,32.600006,37.45117
2220,-21.472412,45.906006,-71.46289,30.976562,-32.285522,0.9345703,-21.644913,12.519501,10.046631
2221,-16.098145,46.941406,-79.274414,18.216797,-47.014038,-17.246094,-70.19606,-15.296082,-25.205566
2222,-10.924805,60.193604,-81.97754,13.211914,-47.76294,-33.675293,-54.317448,-4.1284485,-22.591309
2223,-23.429932,49.507324,-77.53613,20.61914,-38.499268,-31.898926,-5.259762,21.105347,8.487305
2224,-30.369873,39.445557,-78.66797,35.558594,-17.094116,4.6015625,14.858204,43.788452,42.496826
2225,-26.150879,40.18457,-79.12012,45.640625,-14.669556,30.125977,-2.370041,41.9299,42.477295
2226,-35.40747,31.762695,-80.49414,25.485352,-23.254395,17.926758,-33.45602,11.407837,10.916016
2227,-32.874268,35.727295,-83.04785,18.009766,-26.751831,-5.929199,-26.983967,7.576111,7.9455566
2228,-27.385254,49.21216,-72.24609,33.39258,-30.999634,-12.65918,-12.689976,20.535034,18.57544
2229,2.5500488,74.57666,-55.65332,61.280273,-26.300537,-10.268555,-11.011738,28.395233,12.598633
2230,-2.864502,62.365234,-67.76758,49.658203,-30.904785,-9.716309,-29.806156,23.341217,5.2836914
2231,-28.569092,47.80591,-75.256836,37.533203,-20.612183,-5.0473633,-14.704636,34.24002,26.53247
2232,-41.95874,32.115234,-83.78516,21.22754,-28.549194,-15.018066,0.0182724,25.300232,29.15332
2233,-41.875732,29.40918,-75.66211,35.5791,-25.087646,-2.915039,-3.204235,20.094757,22.513184
2234,-44.083008,26.48462,-80.86035,22.316406,-30.870483,-4.069824,-41.28134,-5.10495,-11.540527
2235,-32.26294,36.386475,-79.228516,22.297852,-38.79297,-12.818359,-63.554195,-13.557343,-25.44458
2236,-28.84082,48.423096,-70.34668,33.91211,-23.307007,-13.077148,-16.912533,20.93991,11.557617
2237,-24.028564,57.21631,-67.515625,39.598633,-28.145386,-22.979492,9.946102,36.708405,30.614258
2238,-32.135742,43.23706,-67.262695,43.944336,-23.154907,-0.09765625,1.5395775,35.384644,34.47119
2239,-40.353516,25.455078,-86.31836,25.575195,-35.191162,-10.103027,-39.45771,1.4146423,-2.6452637
2240,-44.755127,23.432861,-80.06152,22.319336,-33.037964,-5.302246,-42.71027,-4.964813,-7.5026855
2241,-34.627686,38.244873,-81.118164,34.10742,-30.138672,-8.327148,-16.247551,10.440033,4.515869
2242,-24.76587,49.77588,-79.60254,50.444336,-33.037476,-10.606934,-12.886551,15.791107,9.624023
2243,-24.351562,41.233887,-75.40137,37.37207,-46.531494,-27.454102,-54.927547,-14.791565,-24.529785
2244,-16.214355,55.081787,-64.368164,38.72168,-23.570923,-14.771973,-35.27831,5.618347,-9.813232
2245,-19.742676,54.27539,-61.64746,38.70215,-8.949341,-1.7460938,1.2774773,31.787384,22.097412
2246,-21.53003,54.356445,-69.365234,45.183594,-15.596191,-0.34765625,19.770283,38.81186,35.535645
2247,-18.98291,50.843506,-78.98633,55.802734,-20.922485,13.78125,9.7273445,37.06024,32.998047
2248,-27.317627,41.80127,-80.009766,49.655273,-27.875488,12.333008,-35.244427,10.912323,3.3776855
2249,-30.874023,40.230225,-77.96582,27.986328,-40.209106,-13.433105,-69.938934,-17.80017,-22.545654
2250,-15.570801,54.160645,-61.171875,44.74414,-27.480957,-27.598633,-41.857735,-10.192627,-13.423584
2251,-30.374512,41.830566,-61.666016,38.51172,-20.287598,-23.908691,-1.842804,20.421448,16.562988
2252,-34.65503,30.263672,-64.58594,43.31543,-11.025269,-0.5151367,3.1696663,34.442505,28.15332
2253,-24.762695,44.72876,-72.609375,45.726562,-20.758057,14.244141,-19.782043,24.431885,18.29419
2254,-36.101074,38.31006,-91.93945,42.257812,-28.161133,10.01123,-22.506577,17.034485,14.840576
2255,-37.99878,37.124023,-75.76465,38.543945,-28.866577,-14.974609,-19.366154,3.0011597,-0.46801758
2256,-25.378906,45.560303,-63.569336,57.569336,-29.573853,-11.225098,-34.107018,-3.8485107,-7.5351562
2257,-29.230713,41.06958,-70.79004,43.95703,-42.27588,-30.918945,-63.646896,-15.609467,-26.07666
2258,-44.062256,28.510254,-73.993164,30.070312,-26.831665,-19.827637,-33.79033,12.389862,-0.8366699
2259,-45.56372,34.75415,-74.163086,46.17285,-14.642944,3.8574219,14.746403,45.711945,38.978516
2260,-53.634766,28.886719,-86.38281,57.06543,-27.1427,10.19873,16.279575,40.49765,39.157715
2261,-47.79785,28.735596,-79.041016,62.52246,-21.582764,22.07129,-0.09634018,27.019379,26.659912
2262,-46.85913,20.944824,-89.5625,32.72754,-43.791626,-4.8256836,-64.25218,-13.308899,-16.938232
2263,-31.642334,34.414062,-73.802734,45.51758,-32.536743,-10.118652,-45.32264,5.9981995,0.12573242
2264,-27.261475,47.525146,-70.15918,47.739258,-27.976074,-32.45752,-7.543812,18.826843,12.726318
2265,-40.58008,37.110596,-77.26172,53.867188,-36.640625,-22.026367,-2.7120132,23.047668,16.916016
2266,-23.279297,50.27173,-78.68457,69.76758,-37.1615,11.658691,-10.969936,28.57724,20.684082
2267,-30.192627,45.186768,-87.56543,63.305664,-29.098755,12.40332,-21.800694,26.478333,18.747559
2268,-46.068604,34.91748,-80.978516,49.88672,-19.934326,1.890625,-11.246479,22.712372,19.537842
2269,-52.79834,26.001465,-76.725586,53.56836,-24.303955,-16.041016,-15.939518,11.10144,12.714844
2270,-34.79126,37.659912,-69.30469,65.34961,-34.875977,-20.973145,-36.984253,1.68219,-3.0664062
2271,-33.08838,43.897217,-70.24121,66.109375,-32.420776,-18.32373,-48.60345,-0.039215088,-7.7338867
2272,-56.462646,26.029541,-85.01367,46.908203,-36.235962,-19.129395,-37.89197,4.9837036,2.6123047
2273,-39.353516,49.378906,-72.18457,69.1084,-15.2282715,0.4897461,17.613987,42.828796,42.555176
2274,-40.19409,46.33374,-82.81738,70.86621,-26.413086,3.4936523,10.928928,35.07547,34.44458
2275,-41.27002,41.318115,-83.259766,73.2207,-24.608398,13.672852,-13.218979,22.180756,22.281494
2276,-47.350098,34.866943,-82.22949,54.416016,-26.57373,3.9716797,-47.151062,5.437958,1.769043
2277,-43.718994,45.78955,-77.51172,50.95508,-25.627808,-21.305176,-37.252903,6.1236267,1.4094238
2278,-63.423096,22.901855,-76.05078,43.33008,-11.201904,-26.126953,9.7366295,29.534393,23.661621
2279,-43.53711,37.55298,-64.53418,71.39551,-2.7529297,5.7299805,31.382282,61.09955,51.072266
2280,-38.686768,44.12451,-84.831055,70.26953,-23.368042,6.4140625,-8.592602,33.479767,24.992188
2281,-46.19043,41.189697,-96.74902,63.878906,-29.595825,10.743652,-20.462502,22.081787,16.512451
2282,-43.035645,49.352295,-75.44043,75.13965,-18.868774,9.046387,-1.9022522,33.31778,28.935547
2283,-42.2146,47.0459,-76.2041,78.90332,-26.99707,-10.3671875,-6.9842873,21.70404,18.379395
2284,-49.13257,31.896484,-82.09082,65.77246,-36.26001,-17.924316,-32.651215,1.0238342,-7.104248
2285,-56.52417,19.58496,-83.19922,64.197266,-25.97998,4.057129,-26.197807,17.332214,8.773193
2286,-50.640137,27.087646,-73.103516,49.168945,-13.254272,-3.1166992,5.4857216,39.267,33.71997
2287,-52.87036,29.207031,-79.23242,54.898438,-19.958008,-12.979004,17.977901,43.046387,37.82788
2288,-38.46997,38.592773,-74.10254,67.91699,-21.670898,-9.667969,5.3899803,34.05542,24.751465
2289,-36.4104,35.34375,-73.72461,61.158203,-33.29944,-18.755371,-45.903282,-4.3554688,-18.306885
2290,-47.326904,32.453857,-85.77539,48.86328,-40.442017,-27.512695,-59.253307,-14.443146,-23.081299
2291,-49.448242,35.69336,-85.52051,49.456055,-26.08545,-16.000977,-9.365341,18.625916,19.450195
2292,-55.849854,31.325195,-80.674805,68.13672,-15.520996,5.745117,28.143879,53.573456,55.672607
2293,-54.432373,24.61084,-77.62988,61.807617,-23.203491,5.60791,9.462498,43.958862,39.083252
2294,-57.70459,21.790771,-79.19336,60.6875,-22.06665,1.3730469,-20.07185,23.343842,14.655518
2295,-39.53784,45.5625,-72.3457,59.12793,-29.382446,-20.601074,-32.549183,8.614319,-2.6933594
2296,-31.499512,59.05664,-73.91699,60.666992,-42.137695,-37.58008,-18.526276,12.626129,1.079834
2297,-51.317383,38.223633,-87.4209,74.862305,-35.484863,-13.489258,-10.308617,15.621887,13.073242
2298,-59.22412,18.674072,-84.83301,64.02246,-24.553955,2.4511719,-11.170433,19.732635,16.033691
2299,-60.52881,22.910889,-88.15918,57.4541,-26.567383,5.880371,-20.313442,22.304108,17.579834
2300,-63.620117,23.099121,-81.615234,55.86035,-11.98999,6.6015625,7.3956413,36.961,36.022705
2301,-58.620117,32.27466,-84.538086,60.945312,-21.222656,-19.078125,12.393978,34.189423,26.253418
2302,-36.83911,48.898438,-81.94141,78.69238,-38.916504,-20.286621,-16.28484,26.909363,11.070557
2303,-38.556885,39.472168,-87.45117,74.36328,-49.43994,-23.183105,-42.21414,10.946045,-9.350098
2304,-65.66577,23.598877,-87.890625,63.94043,-32.279053,2.368164,-22.754673,18.850983,16.333252
2305,-60.526367,32.786865,-77.33594,75.41504,-7.5617676,20.458984,35.44839,54.83203,59.414795
2306,-67.83765,21.659668,-75.44824,78.85742,-14.114502,18.242676,36.818645,52.66092,57.820312
2307,-63.23047,18.249023,-90.81543,65.40234,-30.236206,-0.5498047,-16.202953,18.099976,10.090332
2308,-59.093506,28.471191,-97.82129,60.48242,-38.572876,-13.88916,-48.7405,1.1351013,-9.483643
2309,-59.739258,30.279053,-82.896484,54.555664,-37.358032,-38.930664,-34.30302,7.9759827,-2.3657227
2310,-55.765137,34.092773,-75.68262,68.37109,-32.716187,-36.160156,-1.3791656,29.508453,23.061035
2311,-59.80371,23.370117,-79.86719,68.56738,-30.379517,-3.2905273,5.8197136,34.881226,32.417725
2312,-68.15503,14.336426,-94.384766,71.59082,-38.858154,21.970703,-18.64692,29.838867,29.235352
2313,-72.639404,11.968994,-90.609375,68.45117,-20.689331,31.562012,-5.788471,39.906494,36.528076
2314,-69.715576,24.231445,-82.0459,68.918945,-13.17395,8.724609,11.514111,46.399506,45.26367
2315,-71.14502,18.750977,-84.131836,68.759766,-27.340942,-10.110352,4.767399,34.167694,30.697998
2316,-64.99243,17.659424,-82.12305,49.53125,-32.891846,-41.90869,-26.52555,10.790955,-4.9157715
2317,-67.129395,18.068848,-85.03027,54.466797,-33.73584,-21.541504,-39.645786,10.300415,1.1271973
2318,-71.82373,16.936768,-103.98535,54.80664,-55.42163,-9.660156,-27.566029,17.627869,16.851562
2319,-60.61621,34.15625,-82.299805,88.06641,-21.130249,18.646973,24.488422,55.201874,56.78247
2320,-64.17822,27.890625,-79.80371,91.74219,-16.705933,28.185059,25.20602,47.444458,45.80371
2321,-60.97583,22.937744,-83.674805,82.703125,-26.90149,25.943848,-13.002319,33.010376,24.903809
2322,-66.9563,21.041992,-87.26172,56.95703,-41.245605,-2.5751953,-41.109375,21.724152,9.571289
2323,-77.930664,19.011475,-93.12305,48.63379,-35.441162,-28.387207,-16.810871,27.662231,22.045654
2324,-53.555176,39.82251,-81.41992,75.62207,-25.312744,-14.736328,14.880184,40.520905,40.68457
2325,-69.010254,9.90918,-89.1582,50.47168,-39.832886,-27.568848,-12.665764,15.623718,6.621338
2326,-74.263916,8.605469,-92.94043,52.01172,-26.897827,-14.25,-18.21603,25.093811,7.984619
2327,-57.451904,35.13452,-77.80664,85.756836,-12.449341,27.513184,11.323917,61.07538,54.22827
2328,-58.631348,36.069824,-77.36035,90.819336,-21.24524,27.265625,17.802288,63.240967,71.34448
2329,-56.69043,31.846436,-99.10742,77.27246,-53.102905,0.9199219,-26.12696,24.466888,35.984863
2330,-50.225586,34.957764,-84.65918,71.640625,-35.04724,-16.916992,-33.633278,7.070587,0.19604492
2331,-61.160645,19.446533,-86.33008,57.515625,-25.467896,-26.344238,-20.784157,21.31018,-1.3845215
2332,-61.773926,27.749756,-84.74805,62.868164,-28.519653,-19.666504,10.576397,39.651,24.25122
2333,-71.54663,12.7229,-92.984375,68.9668,-34.44702,-10.887207,21.426182,51.16385,49.782715
2334,-61.119873,25.61084,-95.08789,89.25488,-39.31555,22.399902,-8.200035,48.511078,55.788086
2335,-54.414795,27.763184,-95.896484,81.72266,-47.518555,12.839355,-49.31853,15.716705,23.776123
2336,-53.88867,26.704346,-78.0625,56.3916,-32.787598,-18.166016,-38.822758,7.7243958,3.6972656
2337,-59.463867,20.583496,-81.95117,53.27246,-31.277588,-46.512207,-1.2839813,17.237762,2.7558594
2338,-60.52295,24.676025,-84.13086,65.115234,-26.877441,-22.279297,22.607533,45.999237,27.69043
2339,-59.730957,14.450195,-91.17285,70.5791,-40.32129,-2.7104492,-11.693859,33.754242,23.035645
2340,-58.014893,23.598389,-96.42969,71.075195,-37.707886,17.96582,-24.270958,40.072144,37.290527
2341,-70.83594,12.895508,-94.10156,56.58789,-31.251587,4.291992,-5.0153694,47.934143,44.606445
2342,-70.116455,12.138916,-83.92578,63.969727,-25.829712,-6.3286133,12.039837,50.34198,44.77539
2343,-65.02637,15.951904,-83.58984,58.558594,-32.10559,-30.17871,-4.5696335,28.088745,6.199707
2344,-58.60742,18.480225,-91.21582,60.032227,-36.0354,-30.027832,-26.773415,17.284729,-13.845947
2345,-60.918213,24.800049,-98.90527,66.53613,-50.73877,-12.880859,-38.508434,17.497711,2.173584
2346,-61.215332,29.600098,-86.17969,76.55664,-31.410645,7.7817383,10.9393425,51.056213,50.319336
2347,-70.173584,19.050781,-75.06641,79.549805,-19.293457,11.44043,38.501034,77.243225,71.89917
2348,-58.20215,24.488037,-77.61133,75.66699,-21.246948,14.998047,11.380108,64.250244,54.553223
2349,-61.04785,20.945312,-86.680664,66.07031,-27.82373,7.145508,-23.476822,42.170776,30.511475
2350,-47.58545,39.780273,-81.802734,73.0625,-34.45044,-13.058105,-26.94828,31.14273,11.866211
2351,-45.101074,48.686768,-89.78223,83.25488,-52.661255,-23.77295,-16.20932,28.938782,13.002197
2352,-54.30078,31.687988,-86.46875,78.62598,-41.01953,-12.809082,-2.621502,40.539825,27.411133
2353,-61.76123,17.42041,-84.44629,65.85156,-31.71936,3.1855469,-6.5559616,44.246918,26.308594
2354,-74.71924,5.2783203,-81.01953,55.335938,-33.885864,3.2597656,-11.534142,45.428864,33.936035
2355,-72.47412,6.8115234,-82.71289,60.336914,-23.395386,-3.0097656,11.2231865,55.95114,52.303955
2356,-55.23242,27.25708,-74.40625,70.58594,-32.416748,-8.968262,-5.0403137,39.769775,37.049316
2357,-38.074463,40.30664,-93.21777,80.54492,-61.864136,-22.26709,-55.389107,4.0421143,-7.1152344
2358,-45.84912,34.03174,-90.43945,61.960938,-51.23584,-40.808105,-48.82876,3.81604,-31.37378
2359,-61.972412,20.895264,-80.44629,55.538086,-23.026611,-14.022949,7.5174065,51.85309,29.188477
2360,-70.27783,14.000244,-80.100586,53.248047,-29.871094,-13.100586,29.883305,62.97754,52.083496
2361,-69.77417,10.753174,-75.13867,71.569336,-12.360474,14.633301,31.614323,71.050476,67.41284
2362,-65.39209,9.246094,-86.706055,60.791016,-39.473755,2.8857422,-40.3851,19.252869,19.585205
2363,-44.950928,33.3208,-83.118164,67.31445,-47.916992,-6.618164,-55.351875,11.904541,4.357422
2364,-48.303223,26.813477,-87.9209,58.510742,-48.897705,-44.37744,-30.263885,17.86905,-5.2890625
2365,-52.093018,25.67212,-73.981445,74.625,-25.233398,-13.541016,29.1311,54.82489,37.358643
2366,-63.49292,10.695557,-80.84961,70.8457,-28.73938,0.21044922,15.441273,53.864258,41.214355
2367,-67.55786,9.354492,-78.990234,68.200195,-26.935547,8.54248,-9.98217,41.80774,30.010742
2368,-69.07251,18.172852,-85.046875,60.78711,-28.459839,1.625,-15.720604,31.976532,28.829834
2369,-69.253174,17.028809,-90.56055,54.64258,-45.541626,-28.539062,-22.949024,24.809052,19.193604
2370,-54.42798,31.392334,-71.37793,78.47656,-34.63916,-23.533203,-8.087917,40.076843,23.625
2371,-59.638428,21.628418,-80.65137,77.72656,-53.851074,-15.5859375,-43.921288,14.262238,-2.4528809
2372,-61.606445,18.752686,-90.02832,70.56152,-55.190308,2.0307617,-40.72962,19.523987,13.832764
2373,-73.22583,3.3410645,-81.13672,54.373047,-38.305542,1.6606445,8.013401,53.60263,44.068115
2374,-66.75708,18.746094,-76.384766,78.78418,-15.905029,21.652832,49.47526,84.52374,82.373535
2375,-62.85962,17.013672,-77.96777,77.612305,-29.43042,7.2563477,6.0788765,47.433594,42.723877
2376,-51.4834,22.86377,-74.65527,62.94043,-32.60254,-9.0625,-38.875504,22.512787,2.1469727
2377,-43.549805,31.963623,-73.93262,56.938477,-41.836914,-34.027344,-50.39671,11.081177,-10.463135
2378,-36.89453,47.55127,-66.59082,79.18262,-36.127686,-11.032227,-4.813202,50.624268,42.093994
2379,-41.89331,39.311523,-77.76758,84.06543,-44.480347,1.4619141,15.965511,61.54138,57.25952
2380,-51.60327,22.197998,-83.20996,76.87305,-42.026733,14.606934,-2.1012917,51.08377,44.040527
2381,-69.88916,6.5925293,-89.03711,57.39453,-36.543945,7.1069336,-26.439869,33.333496,21.790283
2382,-62.686768,11.635254,-83.958984,53.557617,-35.656128,-8.475586,-19.355186,33.369904,21.456299
2383,-39.31787,41.242676,-60.859375,77.54883,-20.03186,-15.758301,1.7992287,48.69644,34.080566
2384,-32.289307,35.989502,-70.81152,77.43164,-41.89612,-21.654785,-25.070904,27.684021,14.221191
2385,-37.363525,36.88501,-78.22656,75.25,-51.57495,-10.2421875,-38.5663,22.326965,10.338135
2386,-36.76538,32.520752,-78.5,62.864258,-50.953857,0.5029297,-21.491684,47.46045,36.156006
2387,-55.26294,20.71875,-72.73828,60.45508,-27.501587,-3.128418,26.560574,76.75812,64.16333
2388,-45.120117,28.728271,-66.043945,69.41016,-24.290894,-1.6025391,30.699345,70.746704,59.250244
2389,-50.47632,12.2907715,-71.55469,61.98633,-33.794067,-15.629395,-26.594833,26.292664,11.169922
2390,-40.393555,24.841064,-73.39453,52.78418,-43.0094,-33.59375,-65.1707,2.2870483,-23.307373
2391,-34.79785,38.62207,-72.268555,54.85547,-36.633545,-25.064453,-34.270725,21.330872,0.099609375
2392,-19.44873,59.69629,-64.51367,89.89551,-32.05371,6.3564453,18.357212,63.558533,56.669434
2393,-30.516113,43.604492,-71.91504,92.89746,-37.453857,19.51123,20.774158,72.31726,62.94995
2394,-39.89624,27.428955,-65.41211,74.137695,-27.69458,17.551758,-9.087872,48.855133,38.46216
2395,-46.52588,20.079834,-78.887695,56.55664,-38.417725,-2.2270508,-43.13191,18.191376,5.5895996
2396,-45.387695,25.425537,-67.30859,49.933594,-26.218872,-16.761719,-22.560883,30.85379,16.534668
2397,-39.177246,34.307373,-65.36328,65.40918,-20.700684,-23.0625,1.8598671,44.139954,22.646973
2398,-37.752197,38.453125,-71.206055,84.84668,-37.560913,1.515625,-18.551537,32.76776,16.464111
2399,-26.25586,45.447998,-81.44824,78.64844,-67.1134,13.817871,-53.04512,20.53064,12.851318
2400,-34.020752,42.602295,-71.208984,72.70117,-51.17566,14.874023,-26.617477,39.228577,35.177734
2401,-39.309814,38.71997,-48.125977,85.24512,-24.70996,13.958496,16.675037,58.621338,56.291504
2402,-33.835693,43.263916,-53.998047,100.177734,-17.85669,20.531738,22.461887,62.325806,56.027832
2403,-47.852783,13.829102,-61.731445,72.04004,-28.279541,-9.748047,-25.118622,31.109863,7.3100586
2404,-61.105957,8.486084,-78.11133,53.448242,-40.407715,-10.316895,-50.863228,9.02829,-9.859375
2405,-41.91284,28.56372,-75.68164,65.39453,-35.724,9.495117,-20.948822,33.771698,26.687988
2406,-40.560547,24.572266,-72.87988,65.27637,-43.172607,-10.00293,-7.8331375,32.0365,31.854736
2407,-39.645996,26.493164,-69.63281,62.15039,-37.549927,-4.8046875,0.100818634,47.26245,37.17627
2408,-32.328857,28.495361,-60.92578,66.53027,-29.555298,14.547852,-12.689041,51.98889,36.07959
2409,-42.032227,28.127686,-65.79297,67.706055,-32.830933,5.099121,-17.817627,52.805847,34.42871
2410,-34.655273,48.428955,-62.773438,92.94043,-32.32141,7.5493164,-2.5388222,57.112396,42.259766
2411,-33.203125,37.93921,-72.606445,92.56641,-51.379395,10.8359375,-24.606789,27.495636,25.164062
2412,-41.971436,25.18335,-79.296875,74.711914,-56.50598,6.996582,-44.990364,11.22406,4.8188477
2413,-62.472412,4.717285,-83.23926,37.041992,-46.089355,-16.634277,-37.57532,16.379944,-3.1347656
2414,-43.25415,33.95337,-63.194336,49.689453,-26.029663,-14.033691,3.8675804,56.494812,37.211914
2415,-26.702148,44.912598,-53.637695,61.862305,-22.40039,-28.78418,15.160435,63.999634,38.48413
2416,-11.277832,57.44751,-63.073242,83.67676,-43.22937,-19.336914,-23.62941,32.331787,13.452637
2417,-5.07666,62.29126,-78.40039,92.49219,-64.15198,18.955566,-64.64371,14.876648,3.941162
2418,-30.119629,43.327637,-83.74219,80.52539,-45.877808,37.711914,-27.805313,40.921326,32.238525
2419,-32.86914,38.820312,-74.32715,72.950195,-24.431885,23.726074,22.06142,68.150085,59.1416
2420,-46.993652,22.040527,-64.36328,71.45801,-19.732178,9.545898,34.17419,72.99451,59.071533
2421,-56.216064,8.885498,-78.53613,47.674805,-28.64685,-17.401367,-12.492043,46.37976,20.003662
2422,-32.135742,34.286133,-60.79785,57.432617,-29.056274,-25.44873,-43.048347,32.00949,1.5522461
2423,-23.098877,48.860596,-66.8916,65.521484,-35.638184,-23.620605,-36.12692,25.429626,1.0610352
2424,-24.115234,52.35132,-68.46875,80.819336,-39.43689,5.4453125,-0.05848694,50.27942,43.116455
2425,-19.530273,51.53882,-72.31445,85.57324,-43.394287,20.074707,7.048954,55.854218,44.906006
2426,-31.53833,36.458984,-77.359375,73.12207,-41.554077,28.16504,-18.627258,42.89914,28.600586
2427,-33.571533,37.762695,-78.56445,65.396484,-39.22998,12.237305,-40.33858,27.040863,12.763428
2428,-32.109375,42.068848,-63.948242,60.625977,-39.42578,-10.135742,-27.973782,33.736053,16.479004
2429,-28.385986,40.971924,-57.740234,60.79297,-43.025024,-35.319336,-16.879593,40.157288,20.607666
2430,-26.948486,40.614746,-59.996094,64.069336,-39.91992,-29.780273,-21.569092,40.32086,13.38623
2431,-37.675293,26.717773,-67.62988,49.40625,-39.813477,-9.460449,-26.509693,40.022064,13.993164
2432,-40.291504,31.533203,-68.03906,58.007812,-20.721191,17.930664,8.672802,68.34442,51.00952
2433,-44.93335,23.975098,-75.40137,63.05664,-32.604004,10.791016,0.7717476,46.866608,44.989746
2434,-50.570557,23.06128,-74.33984,77.953125,-37.588013,12.761719,-20.109688,31.045685,28.034668
2435,-45.876465,11.283936,-76.450195,57.01465,-55.67859,-4.1713867,-62.768986,7.8717957,-5.248291
2436,-56.433594,6.244629,-72.96875,32.61133,-58.76477,-33.2041,-72.729034,3.0856628,-20.955078
2437,-45.027344,23.434326,-67.58984,38.65332,-46.299194,-32.506836,-24.80806,36.035492,12.640381
2438,-38.793457,18.508057,-64.07617,44.174805,-38.604004,-19.484375,10.994282,55.492645,37.431885
2439,-41.715088,11.360352,-63.98535,52.05371,-33.703247,-9.555176,-1.645462,43.775757,24.692627
2440,-46.397705,8.069336,-73.69922,40.0791,-47.81909,-14.059082,-53.68677,9.991943,-10.441895
2441,-46.081055,12.618652,-74.22754,40.171875,-48.154907,-20.722656,-49.93698,15.679871,-7.029541
2442,-42.223877,23.849365,-68.569336,52.180664,-56.269775,-26.205566,-33.86724,27.89206,9.866943
2443,-30.998047,30.270508,-60.148438,69.5625,-50.643433,-13.438477,-17.478443,39.320618,25.44043
2444,-42.7854,18.476807,-70.30664,63.46875,-52.85388,-1.5161133,-38.07306,27.398163,13.066895
2445,-39.068848,24.747803,-69.00293,53.24121,-34.85205,1.1186523,-36.038536,27.806763,8.482422
2446,-56.028076,9.531006,-85.73242,33.124023,-49.21289,-27.655762,-36.16018,14.872192,-3.8312988
2447,-43.67163,28.25586,-74.86328,64.018555,-44.765015,-10.450195,-11.7824745,32.80847,18.877197
2448,-15.540039,48.83618,-75.66504,77.69629,-62.901855,-2.0170898,-46.360153,15.058868,3.8928223
2449,-22.088135,40.225098,-70.63281,75.40918,-57.000366,-1.9736328,-69.01474,6.461212,-10.591553
2450,-51.267822,14.049561,-79.0332,49.103516,-59.47632,-6.708008,-62.56679,7.3092957,-1.4658203
2451,-48.710938,17.215332,-69.06445,46.223633,-39.096924,-12.740723,-12.205059,41.20343,28.993652
2452,-46.94336,8.328613,-59.801758,53.323242,-30.88269,-15.166504,8.964489,48.237915,31.786865
2453,-43.905518,13.515869,-73.01758,57.53418,-45.35193,-13.574707,-31.460428,22.086304,-2.991455
2454,-20.123047,33.007812,-76.19629,51.844727,-61.75464,-14.390137,-74.59291,-0.42889404,-26.930908
2455,-25.49414,40.3562,-61.873047,60.695312,-48.241333,-5.772461,-53.119747,16.726807,1.4853516
2456,-41.994873,26.35254,-64.625,53.655273,-44.829712,-17.16455,-25.234676,28.406189,18.005371
2457,-47.60327,8.2734375,-63.597656,48.604492,-42.232178,-13.405762,-12.740894,31.55661,21.310059
2458,-51.556885,-3.6916504,-75.89453,38.8291,-51.648315,-12.549805,-43.506023,21.48645,-0.20336914
2459,-50.69507,2.683838,-83.58496,37.82129,-52.82251,-16.564941,-49.642487,18.271576,-7.2419434
2460,-28.6875,30.348389,-74.45996,41.0459,-56.59961,-27.055664,-48.762886,7.4443054,-10.409912
2461,-0.7236328,58.695557,-65.47461,74.1875,-61.40857,-9.568848,-45.403862,11.4487915,6.869385
2462,-6.706787,46.60791,-62.916016,79.50586,-57.78479,14.455566,-47.469887,21.466736,9.584717
2463,-13.482178,37.91626,-58.88965,72.55469,-38.173218,25.531738,-32.744057,41.385773,25.668945
2464,-26.264404,35.327637,-51.89258,59.541016,-19.039307,19.214844,-1.0266151,59.921448,48.644043
2465,-47.19165,8.782715,-62.713867,35.50586,-29.213867,-18.228516,5.6036797,45.721924,24.233887
2466,-53.7334,1.5842285,-68.58008,39.5459,-36.028442,-20.855469,-9.253769,29.794586,4.2521973
2467,-41.948975,7.231201,-81.93945,37.026367,-56.507324,-32.591797,-63.1213,-1.6839294,-33.49756
2468,-15.819824,41.579346,-73.200195,57.74414,-56.611694,-12.234863,-65.20751,8.568481,-20.210938
2469,-8.862793,49.697998,-61.86133,64.77539,-50.928467,0.100097656,-29.844639,31.56784,17.517822
2470,-31.347656,28.690918,-62.182617,64.09766,-44.508545,7.474121,-3.6919975,51.67563,44.66626
2471,-44.891113,8.8046875,-65.40332,63.364258,-31.339966,19.029785,-7.522972,53.308716,37.19043
2472,-49.082764,0.4050293,-76.63672,41.47168,-44.939575,1.5986328,-50.208,10.233093,-7.2402344
2473,-53.06372,9.806885,-77.90527,27.00586,-44.113525,-25.896973,-47.230072,11.166199,-21.264648
2474,-64.78076,0.07910156,-82.97461,35.61914,-48.66809,-36.765625,-26.071102,24.506653,-3.8198242
2475,-59.05713,11.266846,-76.55859,65.61621,-57.296997,-17.72754,-28.119267,26.700378,4.5168457
2476,-74.12988,-10.474365,-92.302734,61.899414,-72.98804,-6.4970703,-61.142082,9.292267,-12.432861
2477,-87.07568,-24.643066,-90.48926,54.350586,-58.819824,7.527832,-55.153385,16.305145,-4.790283
2478,-115.75537,-46.871338,-94.54785,32.36035,-49.25,-4.3911133,-19.611221,32.579315,11.634766
2479,-119.26416,-52.070312,-86.60742,36.567383,-35.64099,-3.8857422,9.396862,50.240692,28.366943
2480,-131.12671,-66.79541,-88.262695,32.84668,-44.699463,-6.9414062,-12.392731,42.015198,18.817139
2481,-148.74976,-84.03076,-111.53906,23.063477,-64.05896,-27.138184,-59.83112,10.751587,-23.496094
2482,-135.94385,-68.730225,-83.44336,31.998047,-47.799072,-20.472656,-52.28427,19.399902,-8.857422
2483,-159.18286,-82.63696,-93.59375,35.192383,-51.865356,-7.8129883,-24.070587,27.473083,16.589111
2484,-172.969,-106.90234,-95.930664,38.560547,-53.19397,-2.041504,-1.6433716,38.77414,30.108154
2485,-175.9043,-107.47266,-99.82715,38.91504,-49.913086,9.3984375,-11.556713,45.46817,21.90332
2486,-182.02026,-107.78882,-98.82324,39.51172,-38.43872,22.70752,-17.916359,47.324646,23.740967
2487,-197.51367,-117.42163,-106.54883,28.356445,-43.72693,4.3916016,-17.536343,39.978943,14.566406
2488,-207.0686,-126.05762,-106.24609,33.65625,-55.22888,-16.688477,-15.189053,32.539124,12.664307
2489,-199.65283,-119.85864,-104.381836,47.828125,-54.62097,-3.260254,-18.329647,37.569702,16.851807
2490,-206.49878,-126.645996,-108.734375,32.003906,-61.375122,-0.5126953,-44.398254,21.925201,0.9897461
2491,-215.74219,-143.71411,-116.86426,10.229492,-59.328125,-3.2841797,-39.557663,23.969452,6.9333496
2492,-217.89526,-136.91626,-112.538086,20.501953,-46.275513,4.628418,2.0834236,50.864746,36.743652
2493,-225.21143,-143.58301,-112.21484,21.186523,-54.940063,-4.4921875,4.8757973,48.536316,28.445068
2494,-221.12231,-143.33667,-115.506836,23.74121,-58.448364,2.4135742,-24.460236,36.99814,14.625488
2495,-234.84375,-156.62305,-132.05762,8.299805,-64.34802,-4.07959,-48.219067,19.287506,-4.366699
2496,-247.32886,-162.7356,-131.86035,-3.8720703,-62.870483,-19.628906,-39.185726,17.707642,-2.9924316
2497,-240.0061,-150.8125,-119.73633,9.365234,-52.679688,-18.375,-7.5182114,36.028137,18.364014
2498,-223.72754,-139.2893,-113.77246,38.66992,-43.770752,13.904785,1.5858498,53.52469,36.3667
2499,-233.0,-151.84839,-123.15332,21.688477,-59.661987,7.194336,-39.729637,23.230743,2.4863281
2500,-243.40796,-159.1101,-123.31152,13.46582,-59.06604,5.770508,-45.848053,22.073425,0.4008789
2501,-235.03564,-146.0603,-122.5791,12.203125,-59.05957,-7.083496,-27.429592,27.474579,9.45752
2502,-228.99146,-142.10718,-121.12891,19.22461,-55.94934,-4.1123047,-1.2646713,40.2872,24.028076
2503,-235.11914,-154.40161,-115.12793,7.5458984,-47.635742,-8.223633,-15.420334,33.245148,9.770996
2504,-236.89551,-158.08472,-123.01953,1.5732422,-50.936523,-4.5947266,-41.3499,19.24234,-5.4553223
2505,-248.24707,-164.02734,-132.1748,-9.336914,-63.97827,-17.324707,-44.480827,15.896606,-3.7338867
2506,-247.99536,-155.5708,-126.69238,8.348633,-52.129272,-5.5405273,-8.033421,39.69879,25.53247
2507,-242.79492,-157.2002,-120.77539,13.506836,-54.339355,-8.513184,-11.641941,30.937592,15.718262
2508,-251.13892,-168.40356,-134.70898,0.9003906,-68.58313,-11.280273,-47.296562,6.829254,-12.542236
2509,-242.7107,-160.4353,-123.274414,-3.3417969,-56.399902,-5.3100586,-45.093987,16.038483,-8.018066
2510,-251.10254,-162.41064,-123.62305,-9.941406,-42.798462,-9.503418,-9.1549835,39.313873,15.808594
2511,-256.8269,-168.0625,-129.1582,-2.8964844,-43.14807,-9.725098,10.93092,47.540802,30.89795
2512,-243.66626,-163.00781,-124.66113,8.0859375,-54.421143,-2.7963867,-16.80727,34.325287,16.572754
2513,-237.92065,-157.20752,-131.03125,7.0634766,-65.427246,-0.96191406,-55.820553,11.4609375,-7.008545
2514,-227.71753,-140.07568,-118.35449,11.214844,-54.30237,2.5771484,-34.518013,25.522064,3.9279785
2515,-247.0293,-157.82178,-129.0752,-2.8671875,-60.04248,-19.878906,-14.952461,31.041534,9.255127
2516,-240.43018,-154.12329,-117.74609,22.405273,-46.188477,0.7470703,2.5877953,47.244873,27.939697
2517,-242.92114,-157.60962,-132.61426,16.073242,-59.466675,-0.45166016,-29.73994,28.047455,5.9040527
2518,-251.15283,-167.48169,-140.1543,1.9472656,-65.69153,-5.6313477,-54.455284,12.514618,-11.928711
2519,-236.64844,-149.49243,-132.91797,10.15625,-59.52954,-5.5126953,-27.888596,26.393372,6.367676
2520,-230.77002,-143.1272,-136.11523,11.9140625,-67.37341,-14.356445,-16.053875,27.63034,14.067139
2521,-224.49097,-141.68726,-118.024414,25.06836,-51.98633,2.5488281,-11.9488945,35.020264,16.629639
2522,-253.57007,-177.01367,-132.55469,-1.7646484,-66.90759,-15.953613,-53.274216,6.943573,-21.264404
2523,-241.07153,-154.63232,-114.87891,5.348633,-43.80188,-3.4853516,-35.708344,19.73703,-2.9313965
2524,-256.42407,-169.55273,-123.149414,-4.7441406,-50.85498,-18.589844,-17.731808,24.485687,9.67627
2525,-237.25659,-153.70581,-117.424805,23.723633,-48.982056,0.9111328,0.84732056,40.84204,29.069336
2526,-241.59473,-159.7666,-138.27832,13.580078,-74.7168,-7.6816406,-46.219677,8.209564,-7.779785
2527,-245.8706,-163.18799,-141.96191,-2.2080078,-80.94971,-16.158203,-72.39521,-9.492065,-26.800293
2528,-252.4668,-167.27026,-133.9082,-1.3994141,-64.3125,-19.47998,-41.048637,13.850128,-6.8164062
2529,-252.56616,-172.05786,-120.37012,9.373047,-45.9281,-4.7231445,5.336361,42.918793,30.058594
2530,-252.02124,-168.72314,-125.762695,12.863281,-49.990112,-1.6098633,-2.9897537,39.33246,22.266602
2531,-255.14331,-172.70728,-136.18652,-3.0644531,-71.10266,-14.199219,-51.132923,2.2575378,-20.418213
2532,-248.44653,-164.27368,-137.75195,-3.1240234,-68.33423,-12.093262,-58.991173,4.1170044,-17.66504
2533,-236.92383,-152.01147,-129.02148,-6.341797,-60.738403,-16.887695,-19.121277,27.664368,11.064209
2534,-239.9856,-154.65381,-132.99512,2.975586,-59.45056,-11.709961,-2.7388535,35.5849,21.91455
2535,-232.53955,-156.17847,-126.28906,8.011719,-61.21399,-5.178711,-30.1548,18.720642,0.70581055
2536,-242.2561,-164.7102,-134.5918,-1.109375,-65.51465,-5.6118164,-59.66133,3.3042297,-15.509277
2537,-253.14258,-170.1023,-132.56348,-11.4375,-62.98889,-15.853027,-44.94391,5.559723,-11.149902
2538,-244.34302,-159.35376,-121.07422,0.026367188,-56.08972,-8.961426,-10.10228,30.98822,17.530273
2539,-243.12598,-159.73804,-132.67383,7.0458984,-59.8468,-8.462891,-11.433495,27.669434,13.609619
2540,-249.96802,-170.19946,-145.41406,-5.96875,-75.815796,-19.26416,-57.066113,-5.0634155,-22.599365
2541,-241.70752,-159.27612,-138.58008,-7.7646484,-67.91565,-9.222656,-57.01329,0.20233154,-14.950684
2542,-240.03003,-153.94434,-127.006836,-6.9345703,-55.247925,-16.092285,-27.188572,18.9346,3.9836426
2543,-247.65845,-165.47314,-127.41797,-8.174805,-68.32837,-28.810059,-23.695446,19.12085,1.4631348
2544,-245.18701,-164.91089,-135.4502,-1.0205078,-72.631226,-21.162598,-42.305443,6.494568,-7.159668
2545,-239.47241,-162.79688,-140.7832,-5.4375,-78.34302,-18.47998,-72.443085,-13.456116,-26.898682
2546,-243.36963,-160.59766,-136.75977,-21.935547,-75.489624,-31.734863,-66.073166,-16.993958,-32.801025
2547,-243.57715,-159.56958,-123.52637,-5.3554688,-62.12793,-29.056152,-28.923458,10.22821,-3.0541992
2548,-251.41187,-168.84888,-135.08594,-3.5908203,-70.94739,-27.400879,-27.86372,11.786224,-4.077881
2549,-242.08081,-165.51538,-136.64941,-0.63964844,-73.32654,-18.937988,-50.355247,-0.14196777,-19.48877
2550,-243.0105,-158.01611,-137.49805,-5.5625,-73.17871,-16.760742,-74.36154,-12.032043,-31.687744
2551,-244.5896,-157.47339,-144.59961,-14.8828125,-74.82776,-31.032715,-58.430218,-10.849823,-23.329102
2552,-237.05542,-151.2373,-133.10156,-7.692383,-67.8772,-35.61328,-27.989956,5.6419983,-7.886963
2553,-232.16162,-155.68066,-132.66699,-10.433594,-74.06958,-36.84082,-46.78264,-4.2817383,-21.981201
2554,-220.17627,-146.52075,-128.42578,-6.7802734,-71.03723,-22.99121,-65.315834,-6.8893433,-28.851074
2555,-223.83691,-141.56055,-129.47656,-8.8203125,-69.8031,-22.073242,-62.11677,0.13702393,-19.524902
2556,-242.33325,-156.88306,-143.50781,-23.163086,-79.59192,-40.262207,-45.22895,-4.678253,-18.673828
2557,-233.06128,-149.92017,-130.90527,-3.4277344,-70.42175,-24.811035,-25.746723,10.82254,-2.8547363
2558,-217.15015,-132.9148,-117.890625,17.262695,-56.961426,-1.9223633,-37.39939,11.735657,-4.3947754
2559,-221.15869,-140.15161,-126.82031,-3.2871094,-66.70398,-13.137695,-63.263233,0.5463867,-19.881592
2560,-96.24219,16.333252,-112.35156,-1.5810547,-80.42432,-43.930176,19.358982,32.035522,18.828125
2561,-102.12842,1.5805664,-121.75,-8.260742,-90.83728,-41.41797,-6.2668037,11.8854065,-5.322754
2562,-83.13452,25.412354,-116.03906,-5.154297,-83.058716,-37.230957,-21.998726,13.574768,-6.7111816
2563,-80.984375,34.542236,-122.36328,-8.327148,-88.780396,-56.228516,-30.508396,1.1758118,-14.70874
2564,-76.22412,36.539795,-109.75098,-4.7304688,-82.03943,-74.367676,-2.428978,16.132782,-8.867676
2565,-82.014404,30.416748,-108.16699,0.52734375,-90.98242,-66.66455,-13.16169,12.605255,-7.4645996
2566,-83.874756,19.494629,-112.453125,0.47753906,-76.49585,-24.567871,-5.969658,29.419678,8.645508
2567,-92.7959,23.32837,-123.2207,-3.7705078,-84.91577,-26.643555,-13.667053,20.965027,5.2453613
2568,-93.30176,17.382568,-121.69043,-15.866211,-85.339355,-52.23633,-8.013298,8.255554,-2.1430664
2569,-92.771484,20.40918,-125.140625,-0.6376953,-90.45679,-53.1792,-1.1315193,15.898773,4.5595703
2570,-90.56885,18.830078,-122.28613,2.8701172,-86.40222,-55.895996,-17.833134,7.3073425,-15.480469
2571,-85.34009,21.103027,-119.38379,-5.5195312,-88.04773,-49.948242,-38.317726,-1.9362793,-23.31665
2572,-79.56421,37.839844,-107.52246,2.8779297,-64.89746,-30.520508,3.4489555,32.048462,16.518799
2573,-94.92505,21.95581,-113.049805,-5.4121094,-67.44397,-32.430176,33.41199,49.257507,35.773438
2574,-90.788574,17.583008,-109.924805,0.8408203,-72.594604,-35.652344,25.028172,37.03009,23.129639
2575,-76.97046,31.876709,-114.84082,6.1972656,-79.836426,-40.320312,-20.799583,6.65271,-12.342041
2576,-86.92627,20.160645,-119.16992,-6.8095703,-76.88379,-47.945312,-24.180237,5.373993,-18.036377
2577,-80.31738,32.575928,-113.05371,6.1835938,-64.8042,-36.115234,13.973698,45.22351,28.879883
2578,-95.2417,17.051025,-115.64746,8.711914,-78.733765,-39.87549,25.382702,49.771423,38.27466
2579,-82.78833,21.197266,-104.68848,15.133789,-78.328735,-34.924805,7.173855,31.493103,17.60498
2580,-89.916504,19.367188,-114.66406,3.4023438,-80.559326,-37.01709,-29.65821,3.1789246,-17.392334
2581,-92.0979,12.390381,-126.95117,-12.12793,-84.04346,-57.3042,-36.082115,-16.273285,-38.835693
2582,-96.73535,14.967773,-115.32324,-1.3408203,-64.70056,-43.981445,23.906544,35.844116,15.62207
2583,-98.053955,17.212402,-114.9082,15.516602,-71.10474,-38.65674,34.34157,54.52957,35.394775
2584,-94.48901,10.610596,-115.7334,3.5332031,-76.92322,-38.59619,0.8124428,37.735107,13.880859
2585,-105.778564,4.659668,-127.78027,-14.175781,-91.88013,-54.861816,-36.055878,3.0718994,-19.14087
2586,-89.020996,22.42212,-120.075195,-9.5,-82.84668,-60.9209,-18.697521,3.2809448,-18.644531
2587,-91.15405,19.775635,-117.90137,-11.874023,-86.975586,-77.7417,-1.95541,-0.9944458,-23.371826
2588,-88.97119,17.20166,-130.64355,-10.064453,-99.13757,-67.28076,-24.171692,-12.264282,-27.49707
2589,-91.90039,10.6779785,-124.69922,-8.356445,-90.54224,-44.350098,-21.003826,11.632385,-9.738281
2590,-91.788574,16.636963,-112.569336,-15.357422,-83.13867,-55.373535,-9.234516,24.135712,-0.4494629
2591,-88.08154,22.048828,-111.50781,-14.288086,-71.279785,-70.70264,11.728901,29.265625,5.223877
2592,-97.11963,12.904785,-124.0459,-14.333008,-91.33923,-75.20361,-2.2209892,8.365967,-13.759033
2593,-88.87988,17.64502,-127.825195,-10.99707,-101.72034,-76.7959,-47.864613,-31.360657,-51.095215
2594,-94.31128,12.249023,-139.27832,-25.54004,-105.9906,-69.79004,-58.96928,-33.141296,-51.45508
2595,-97.93872,12.481934,-129.20605,-15.456055,-92.342285,-54.960938,-14.99234,11.680359,-6.0178223
2596,-100.61304,8.767578,-130.45312,-12.928711,-98.20032,-59.516113,3.5397682,27.46878,14.830811
2597,-82.14795,25.334229,-113.55469,4.0527344,-82.53308,-53.91748,9.885944,29.086761,9.280273
2598,-109.10693,-7.249756,-135.49902,-33.539062,-98.021484,-95.68994,-38.869305,-13.202301,-48.985107
2599,-84.28247,26.054932,-123.240234,-12.600586,-91.34717,-72.18994,-34.741776,-5.4988403,-34.856934
2600,-91.09839,20.756104,-125.12109,-13.780273,-89.97058,-71.24414,-10.6104965,4.036316,-15.110107
2601,-92.67749,16.72461,-123.728516,-0.81347656,-90.33655,-63.688477,8.761768,19.626434,7.4260254
2602,-94.57568,8.777588,-127.05176,-0.5048828,-95.74878,-51.89258,-6.2660255,20.603363,0.41992188
2603,-93.763916,6.172119,-128.3125,-13.987305,-100.61047,-56.487793,-40.669353,2.97995,-18.478516
2604,-94.52368,7.411133,-122.96387,-27.688477,-97.96802,-81.57666,-45.151413,-9.407349,-32.0188
2605,-91.80859,11.550537,-126.81055,-30.046875,-106.96704,-106.61133,-30.011608,-14.041992,-44.407227
2606,-100.153076,-2.4909668,-121.08594,-21.788086,-89.29578,-91.57861,-4.7179146,7.1602173,-20.64502
2607,-96.80908,3.8520508,-131.3418,-14.774414,-87.642456,-62.956055,-10.881523,19.872559,-9.878174
2608,-97.90698,9.220459,-130.97266,-19.088867,-82.809814,-50.618652,-11.939957,23.40802,-3.8483887
2609,-99.546875,11.219971,-133.04395,-28.13086,-89.63367,-58.260742,-0.6143112,26.819794,4.428955
2610,-87.72656,21.925049,-124.43652,-11.149414,-87.40332,-59.075684,6.3440666,21.48645,2.4667969
2611,-79.87378,29.418213,-124.38574,0.23730469,-101.00659,-63.73047,-30.318123,-6.1968384,-29.241455
2612,-89.81641,17.770996,-133.61914,-19.81836,-107.88269,-82.38379,-63.504105,-29.235138,-59.028076
2613,-85.78052,23.316895,-124.65625,-22.910156,-85.60376,-76.34375,-21.246437,5.15979,-24.991455
2614,-93.29346,24.01416,-124.956055,-12.131836,-81.73828,-55.063965,30.959194,46.534943,20.22705
2615,-88.2395,27.849365,-128.32324,1.8916016,-75.10535,-32.589355,39.47907,55.211273,32.080566
2616,-95.40112,17.032715,-144.6914,-19.876953,-105.37537,-46.2334,-25.274227,2.9607544,-18.303223
2617,-87.18091,29.34375,-136.98926,-20.424805,-107.37085,-52.6333,-58.545395,-15.536621,-39.326904
2618,-82.19556,39.257812,-126.203125,-7.2490234,-94.668335,-57.07422,-33.447163,5.5412903,-17.368408
2619,-76.57715,40.84497,-116.37988,2.7783203,-78.57019,-55.8667,15.615253,36.538727,11.205322
2620,-92.2041,24.367432,-117.12305,3.586914,-72.89661,-35.291992,32.07886,54.548676,27.939209
2621,-89.09277,28.305908,-129.13672,-0.390625,-72.746704,-18.547852,15.400341,42.589813,11.487793
2622,-88.68994,30.5542,-135.8252,-16.506836,-76.95276,-24.579102,1.4517555,25.922058,-1.0893555
2623,-94.62158,33.372314,-136.54102,-20.311523,-87.084595,-36.091797,5.276928,30.084656,10.471924
2624,-81.09277,38.874756,-116.6543,0.4169922,-83.19971,-43.649902,8.298428,39.839386,16.4021
2625,-82.87305,35.335938,-127.10156,-9.269531,-101.178345,-54.367676,-29.356544,16.436493,-15.1953125
2626,-75.12305,41.980225,-121.17383,3.5830078,-77.91785,-23.083496,-9.438061,27.656616,0.45458984
2627,-95.32031,29.273438,-130.21289,-6.4052734,-72.453735,-22.028809,19.349026,42.36685,14.916748
2628,-102.71045,19.831787,-133.1748,-14.586914,-75.64197,-28.59668,37.43561,47.943604,26.726074
2629,-90.17993,26.678223,-131.51074,-2.0634766,-80.75049,-17.777344,18.251171,45.622223,23.668701
2630,-77.96045,40.49585,-133.40527,-7.4990234,-93.65796,-26.184082,-29.33963,18.223999,-7.4350586
2631,-78.14551,42.551514,-128.47852,-17.302734,-102.05957,-54.430176,-51.647846,-3.2243652,-34.915527
2632,-76.565186,42.866943,-113.85742,-1.9296875,-82.25818,-50.47461,-7.315136,22.296387,-8.821045
2633,-94.84302,34.114502,-129.85449,9.517578,-79.708374,-20.875488,34.78935,47.65747,26.875488
2634,-100.6272,15.80835,-144.3125,-4.0976562,-86.542725,-12.474121,20.549015,45.801605,21.32959
2635,-94.56738,27.060547,-137.59766,-5.725586,-83.93591,2.2368164,-0.0046844482,41.743896,19.763184
2636,-100.54956,23.0896,-137.9043,-29.280273,-94.56152,-35.05664,-26.85677,14.926178,-4.1342773
2637,-83.9939,38.02417,-125.80176,-12.232422,-103.66382,-53.879395,-23.45422,12.82724,-13.805664
2638,-71.698,46.364258,-118.30371,-0.42285156,-99.67236,-60.643066,-21.962666,13.818359,-17.864502
2639,-99.607666,13.825195,-136.45508,-15.280273,-105.83374,-54.331543,-34.589676,5.462738,-26.611328
2640,-91.98071,25.148438,-129.5664,-10.563477,-79.4043,-16.012207,5.748623,45.600983,15.933594
2641,-105.56714,17.29004,-137.9668,-20.341797,-74.53125,-26.44873,28.164326,52.63138,29.396729
2642,-108.711426,9.012939,-139.77539,-21.444336,-84.65796,-41.415527,14.301685,25.74002,6.14624
2643,-106.82471,2.3154297,-143.23828,-31.720703,-104.524536,-55.95752,-42.2184,-4.980133,-27.11621
2644,-77.144775,38.75952,-128.16309,-11.55957,-102.14734,-41.952637,-52.77593,7.0789795,-22.081055
2645,-83.69165,26.941162,-128.12305,-25.828125,-100.77173,-58.92627,-34.67705,11.66684,-20.12085
2646,-95.136475,26.141357,-127.00293,-21.720703,-89.411865,-47.536133,18.040813,42.758636,13.644287
2647,-99.33154,15.386475,-126.109375,-16.22461,-82.88757,-32.543945,22.100552,45.19461,16.605957
2648,-101.96045,9.525635,-138.45605,-14.576172,-90.1803,-18.717773,-14.617916,17.361267,-5.942871
2649,-93.22925,13.338379,-137.62793,-27.539062,-97.2876,-32.141113,-44.427387,6.717102,-16.31836
2650,-84.84766,36.35498,-128.12598,-14.025391,-88.72864,-30.8833,-11.035614,44.214844,18.767822
2651,-81.24707,33.35669,-119.34277,-12.748047,-90.21277,-57.748047,6.1786385,43.236053,10.907959
2652,-86.54297,25.884521,-123.90137,-7.8476562,-88.38513,-33.527832,3.475315,39.337585,6.89209
2653,-89.57593,15.048828,-129.0166,-20.848633,-88.55957,-27.455078,-11.3784485,31.300903,-8.279297
2654,-96.49072,19.209717,-133.78223,-25.419922,-91.87012,-27.784668,-17.554,24.120392,-7.470703
2655,-103.0918,15.530518,-139.18066,-23.169922,-96.87402,-31.666992,-8.977562,27.783813,6.857666
2656,-79.531494,41.032227,-124.75586,2.8867188,-95.0625,-26.185059,-6.2749825,35.5589,9.625732
2657,-63.361572,50.64746,-131.34082,-4.963867,-100.12439,-43.49121,-29.870644,23.12503,-13.502441
2658,-77.63843,37.28711,-129.6289,-19.890625,-97.68005,-40.509766,-36.41194,19.664337,-20.224854
2659,-89.59424,24.638672,-135.78711,-30.96582,-87.57666,-41.69629,-9.082615,31.797668,-1.8774414
2660,-101.17505,13.441162,-127.97754,-24.480469,-82.693115,-32.498047,26.696857,51.387085,24.27124
2661,-110.89844,5.698242,-142.41797,-20.183594,-98.31995,-29.871094,-10.55714,25.986908,-4.830078
2662,-102.10181,10.411621,-140.43848,-24.30957,-103.63953,-27.779297,-49.21907,11.509674,-23.419678
2663,-93.82593,22.969238,-141.5625,-33.495117,-111.06665,-45.760742,-46.366943,13.667664,-26.015137
2664,-86.41016,27.879639,-134.13379,-30.234375,-95.1676,-50.484863,-7.6405525,35.510254,-2.2265625
2665,-82.75806,33.01416,-132.67969,-20.954102,-98.4563,-42.390625,5.9279747,40.67563,7.4020996
2666,-85.621826,21.886719,-137.7832,-25.073242,-105.93213,-40.029785,-25.804764,15.799286,-17.259521
2667,-92.4563,16.146484,-146.05469,-33.70703,-110.009155,-36.69922,-51.249855,-1.6574402,-36.24243
2668,-90.745605,24.166748,-138.71191,-25.701172,-91.36682,-19.370117,-21.631214,30.533691,0.29663086
2669,-89.01123,29.414307,-129.51855,-20.217773,-90.04382,-27.626465,3.0164757,43.9675,15.236816
2670,-77.245605,40.479004,-128.41016,-10.125,-100.05908,-43.10742,-9.394817,32.284973,-1.5498047
2671,-85.936035,28.254395,-137.0752,-19.526367,-99.04285,-40.121094,-34.164627,20.126678,-16.606445
2672,-86.31128,22.15503,-134.80469,-36.481445,-99.83484,-47.87793,-40.209427,9.642151,-27.80664
2673,-81.638916,32.78882,-124.83594,-27.240234,-79.29309,-46.035156,2.9866524,34.77771,-2.2028809
2674,-72.60376,36.60254,-123.61133,-16.84375,-85.13049,-29.670898,16.076046,46.781097,20.968018
2675,-75.82568,35.030273,-128.49219,-15.307617,-95.48035,-26.110352,-18.710567,28.543121,2.1228027
2676,-63.705566,44.004395,-135.41699,-17.743164,-109.22717,-36.19336,-58.00781,7.376953,-27.360596
2677,-73.66846,43.070312,-132.46289,-31.416992,-105.756836,-60.027344,-41.00644,11.85437,-28.8042
2678,-76.97827,42.030273,-125.365234,-23.513672,-95.59949,-66.79541,7.378872,37.544678,-3.7736816
2679,-70.84961,43.68286,-125.83887,-10.378906,-86.651245,-44.217773,18.486225,48.64868,5.965332
2680,-72.83008,41.096924,-133.13184,1.0146484,-83.6991,-15.72168,-4.164875,41.69397,6.875
2681,-86.23755,31.777344,-132.30371,-17.197266,-97.19202,-18.265625,-34.989624,25.097504,-3.8652344
2682,-66.74414,52.378662,-123.62207,-8.722656,-90.1228,-24.85791,-18.38284,37.38867,11.298828
2683,-78.65112,40.052734,-125.42383,-22.708984,-98.79773,-55.36328,-14.514713,25.511322,-6.326172
2684,-70.5708,42.439697,-126.68359,-30.685547,-106.83362,-77.677734,-34.630013,3.5945435,-41.654053
2685,-71.91553,39.966797,-131.90918,-33.374023,-108.50964,-78.55127,-44.254395,6.0110474,-47.520264
2686,-88.39551,33.672607,-133.35254,-35.967773,-97.022705,-58.96826,-21.185593,29.711792,-15.273193
2687,-81.7439,40.757812,-127.572266,-23.217773,-75.980835,-26.408691,25.498585,62.885925,33.73877
2688,-88.21411,33.70337,-130.20215,-15.029297,-89.13904,-22.154785,8.97913,51.288757,32.681396
2689,-85.81592,27.350342,-144.32715,-25.966797,-108.95618,-40.729492,-40.42738,15.773254,-18.417236
2690,-74.4812,40.43286,-128.91895,-34.68457,-101.62732,-55.563477,-51.356873,9.712524,-36.034668
2691,-75.39429,49.499023,-121.66504,-36.45215,-102.1803,-73.21582,-30.687939,20.730255,-24.331299
2692,-66.9187,57.45996,-118.140625,-24.085938,-96.24353,-62.253418,12.28236,51.045685,10.213135
2693,-57.56128,60.89966,-111.768555,-12.208008,-82.83923,-43.751953,19.217312,55.300262,13.689697
2694,-69.90161,52.93335,-123.65039,-12.175781,-72.73401,-18.400879,2.0744286,52.802856,11.558594
2695,-82.1709,42.870117,-115.20508,-23.763672,-63.982056,-13.361328,2.9950218,60.35022,20.938232
2696,-92.09619,36.613037,-117.12207,-30.876953,-67.440674,-32.39258,16.776623,60.11447,22.91455
2697,-80.41626,44.638428,-118.97266,-22.484375,-87.55945,-52.75293,-2.5239525,41.72882,0.66137695
2698,-63.810303,53.437256,-128.02832,-21.672852,-105.66528,-62.95459,-39.114227,17.304626,-31.307373
2699,-64.29932,57.339355,-122.33008,-20.78418,-103.7522,-50.256836,-37.510277,25.79367,-21.107178
2700,-72.29175,43.03711,-119.58496,-26.670898,-73.925415,-33.28955,19.414738,67.27594,25.218262
2701,-71.55542,48.165283,-110.37598,-9.110352,-50.188477,-13.984863,67.56473,96.87109,57.895508
2702,-88.7417,27.071533,-129.22461,-22.210938,-64.638916,-25.680664,30.685307,68.169495,27.0
2703,-80.68237,34.750977,-137.50195,-35.46582,-97.79114,-38.388184,-40.34234,19.736328,-23.706055
2704,-85.05713,31.461426,-138.61523,-43.536133,-105.09473,-46.6792,-44.81109,23.41983,-19.384033
2705,-74.461426,40.87793,-126.759766,-33.976562,-96.522095,-45.182617,-14.399639,40.605865,10.2421875
2706,-67.21289,55.743896,-110.262695,-10.953125,-75.37573,-25.394531,33.52252,76.32257,44.274414
2707,-67.39136,49.019287,-110.48828,-15.857422,-72.6062,-20.23584,21.839016,69.73413,29.461182
2708,-92.916504,24.315918,-130.70508,-40.043945,-82.402954,-27.253906,-15.5107,40.6568,-4.637451
2709,-90.943115,29.273682,-131.19727,-30.206055,-75.8949,-20.788086,-6.468422,45.886932,15.272949
2710,-91.913574,33.946533,-127.62207,-30.63086,-80.26416,-39.757812,3.5898552,50.414825,14.27124
2711,-74.90234,42.728516,-121.55762,-16.80664,-83.01099,-30.24121,-9.591217,44.55362,12.052734
2712,-81.23755,33.69629,-132.69336,-32.68457,-99.4375,-40.54297,-47.130867,17.210327,-19.812012
2713,-80.274414,37.2417,-139.93262,-40.75,-95.02307,-42.39502,-29.237915,27.519836,-11.005127
2714,-73.37842,50.79492,-131.98438,-28.916016,-77.88269,-30.013672,17.736698,63.10193,24.48169
2715,-80.13208,44.503662,-131.68164,-38.01172,-84.60254,-53.196777,15.824039,49.25421,11.628418
2716,-78.32251,40.696533,-128.6875,-21.489258,-90.24133,-43.249023,-9.142715,42.86081,2.599121
2717,-84.42383,35.17212,-139.31348,-38.225586,-112.75281,-50.402832,-65.17135,5.456787,-33.697998
2718,-76.8291,47.833496,-131.21387,-32.706055,-97.70093,-43.164062,-52.0388,11.479797,-17.482178
2719,-83.835205,35.760254,-135.24512,-32.313477,-97.21948,-49.287598,-10.196743,33.251434,6.453125
2720,-62.24121,60.325928,-136.16504,-10.8359375,-92.84326,-33.51367,10.91753,48.51526,15.838379
2721,-49.50464,70.39722,-129.27148,-13.361328,-96.15747,-32.762207,-16.157982,33.733856,-6.8288574
2722,-68.19946,52.481445,-128.60059,-27.902344,-83.5741,-38.74756,-22.212074,40.6102,-2.933838
2723,-52.880615,78.683105,-111.16797,-10.578125,-68.24536,-30.833008,0.7080841,62.001404,23.536621
2724,-62.940186,66.45337,-115.134766,-12.115234,-79.71411,-32.140137,1.5750389,48.331238,20.515137
2725,-60.65088,65.1687,-127.57715,-12.99707,-95.90869,-34.706055,-21.963291,24.925385,-6.166992
2726,-49.74585,77.0708,-131.45898,-8.55957,-95.71643,-24.062012,-31.694946,22.268463,-15.008789
2727,-49.42993,80.55664,-127.09473,-17.97461,-92.00903,-34.006348,-21.121685,34.58429,-7.750244
2728,-53.809326,81.326904,-119.84863,-10.192383,-83.29956,-40.680176,0.035518646,51.082428,18.317627
2729,-59.652832,73.319336,-118.884766,-9.211914,-84.97998,-48.13867,2.300068,47.847443,16.729736
2730,-59.601807,66.502686,-125.828125,-6.8828125,-84.7572,-27.928223,-20.244362,43.812042,12.564941
2731,-77.29248,52.302002,-136.68262,-27.289062,-91.48218,-31.629395,-42.12082,28.307495,-1.8745117
2732,-75.38257,60.015137,-131.1084,-18.45996,-76.19397,-20.27246,2.1200294,57.50363,19.534424
2733,-63.700928,71.74585,-119.918945,-10.203125,-75.34534,-27.198242,29.133694,62.048157,24.89038
2734,-54.419678,78.65869,-126.25293,7.1728516,-78.53601,-15.068359,16.23103,61.100952,30.29956
2735,-59.531006,73.56128,-128.375,-11.475586,-88.56738,-28.12207,-27.970604,41.518677,3.520752
2736,-56.119385,78.453125,-130.71875,-24.018555,-89.23828,-31.308594,-30.632626,47.09247,7.163574
2737,-57.966064,76.80029,-127.28906,-23.353516,-90.15527,-40.467773,-11.74474,47.48883,17.60254
2738,-55.573486,80.573,-116.206055,-7.3623047,-76.65637,-35.021484,10.726635,54.79727,20.865479
2739,-69.07202,66.711426,-126.21484,-15.7734375,-81.453,-37.961426,-4.3709145,37.004333,-7.824463
2740,-69.65869,68.13086,-128.8086,-13.953125,-83.54053,-22.676758,-22.158787,34.56552,-12.713623
2741,-79.55151,62.45459,-130.25098,-20.173828,-85.37305,-29.668945,-14.017384,42.96942,6.28125
2742,-73.9812,74.666016,-124.77734,-17.015625,-84.79321,-43.760254,0.63560104,53.824432,20.165527
2743,-63.815674,84.57593,-127.60547,-11.422852,-99.5022,-49.67627,-23.291515,31.106201,-1.4406738
2744,-68.035645,76.42554,-131.61914,-14.313477,-109.91211,-45.05078,-53.21889,10.932068,-31.649414
2745,-75.21118,67.40454,-126.771484,-24.479492,-88.888916,-32.293457,-26.520084,33.56952,-12.871826
2746,-95.90845,49.31714,-133.11621,-28.473633,-75.02515,-23.35791,21.293186,64.78711,22.396484
2747,-92.26001,51.553223,-128.69922,-13.607422,-70.678345,-18.339355,35.639233,76.255615,39.398926
2748,-95.21875,45.953613,-146.52246,-16.175781,-95.29285,-26.63086,-7.648369,52.75241,15.918213
2749,-85.13086,58.666016,-143.15918,-19.464844,-107.93213,-31.210938,-56.62767,25.588806,-13.625488
2750,-72.11743,71.48096,-140.3457,-27.101562,-111.87598,-56.648926,-68.78066,5.747467,-32.407227
2751,-63.9646,84.62793,-129.68066,-14.412109,-96.82544,-57.592285,-15.83099,29.509338,-8.76416
2752,-74.72217,75.3313,-131.71387,2.8291016,-83.583374,-23.22754,20.318249,61.699036,24.078857
2753,-89.608154,54.79883,-137.11914,-1.5185547,-83.07385,-2.421875,4.42548,61.640625,24.004639
2754,-91.80835,51.65332,-138.96387,-9.354492,-85.22534,-4.2192383,-10.928196,55.453094,18.603027
2755,-92.99756,57.850098,-140.59668,-16.985352,-76.99194,-16.158691,1.1072197,64.8363,29.628418
2756,-83.403076,67.55005,-136.54199,-14.875977,-98.15784,-38.05713,-14.075211,47.1055,10.627686
2757,-66.71265,78.242676,-133.53027,-11.827148,-105.71582,-47.96045,-45.911407,17.595581,-21.340576
2758,-69.4707,69.68652,-139.84961,-28.222656,-110.04016,-64.34277,-68.028015,-2.126068,-49.08667
2759,-79.03247,71.180664,-133.7627,-22.038086,-87.924805,-33.395996,-14.335709,48.78015,2.6311035
2760,-74.17554,82.34009,-121.52051,0.38183594,-71.55493,-9.171387,35.50565,92.51892,52.541504
2761,-79.514404,73.61743,-129.27344,12.248047,-75.51404,4.027832,32.914898,84.41327,52.490723
2762,-77.15918,74.076904,-140.53223,-3.6533203,-95.681274,-8.6875,-24.515968,42.86902,8.162109
2763,-77.45068,69.48169,-142.63867,-17.605469,-107.18445,-34.106934,-67.27225,11.38147,-25.69336
2764,-77.19141,76.81543,-135.72949,-24.862305,-95.93872,-62.7417,-50.744747,13.428436,-27.528809
2765,-87.46582,62.523926,-131.39551,-17.780273,-83.81506,-58.121582,4.9271355,52.60208,3.9689941
2766,-74.82568,78.50293,-127.356445,10.307617,-76.180664,-14.245117,21.011524,82.191345,40.665283
2767,-78.582275,63.609375,-136.1875,3.1445312,-96.01892,-4.260742,-23.306057,47.12863,14.990723
2768,-89.012695,65.15527,-146.59375,-9.143555,-93.15552,1.7895508,-24.62999,47.88321,17.792725
2769,-87.80469,67.0376,-140.0293,-6.294922,-87.76709,-7.748047,-13.0059395,48.566956,20.428955
2770,-82.75757,69.98755,-127.916016,-7.970703,-84.256714,-28.880371,-3.7665672,53.61664,18.347656
2771,-66.76318,80.57544,-124.88379,-1.3515625,-82.75476,-41.02295,-15.910778,47.496765,-3.8444824
2772,-69.06421,82.94922,-134.88086,-1.4667969,-83.89221,-31.07129,-22.418854,52.419678,0.1628418
2773,-86.626465,73.62891,-133.52832,0.4248047,-80.747925,-0.67626953,6.9427223,81.948975,46.211426
2774,-76.81494,77.21875,-137.73633,13.829102,-82.759155,12.682129,22.825344,81.84442,61.059326
2775,-89.687256,59.82666,-144.62012,7.6660156,-97.23633,4.248047,-3.7693634,55.21872,31.419922
2776,-82.41943,63.212646,-134.0,-9.43457,-93.27063,-10.575195,-29.526344,48.633514,4.91626
2777,-72.8562,74.93652,-129.84082,-11.049805,-84.55237,-22.11084,-26.867516,59.147583,5.515381
2778,-90.36987,61.05078,-130.82812,-24.052734,-76.28516,-42.353027,4.976864,67.97888,20.20166
2779,-94.16797,54.227295,-133.33594,-16.044922,-75.233765,-21.667969,29.890316,87.02429,51.131836
2780,-82.920166,60.58838,-141.28125,-0.27246094,-95.60156,-3.8222656,-1.7650833,63.476868,32.236572
2781,-70.94263,65.436035,-143.69531,-3.9873047,-95.91785,-4.4379883,-32.27437,42.930817,10.157959
2782,-70.58984,70.79321,-144.77148,-17.41211,-100.70581,-20.519043,-38.203957,34.74771,0.45996094
2783,-62.064697,85.05713,-130.15039,-10.112305,-89.64172,-33.293945,3.7843208,65.2027,24.263184
2784,-62.101807,87.20776,-130.45605,-7.9570312,-93.2832,-41.030273,1.0788078,64.710754,16.603027
2785,-56.616943,81.68628,-126.22949,3.7509766,-83.18567,-9.114746,-12.728836,62.80426,23.144531
2786,-75.02832,72.56201,-131.40527,-7.036133,-84.39783,-5.635742,-24.604244,55.351135,22.922607
2787,-78.40674,70.98413,-147.93457,-16.644531,-97.71155,-27.106445,-23.565071,42.099,11.501465
2788,-91.70508,60.43506,-146.25879,-22.323242,-92.12439,-37.9292,-4.9521675,44.99121,7.3952637
2789,-73.486084,73.55884,-133.36621,-10.762695,-85.76428,-31.302246,-4.4995613,53.640656,4.6330566
2790,-60.37549,83.542725,-136.29883,-18.151367,-99.56641,-38.370605,-34.660576,47.491302,-11.427734
2791,-63.283203,91.178955,-140.19824,-7.873047,-94.96716,-16.447754,-22.73322,61.459534,16.864258
2792,-72.95093,88.02344,-142.7002,-0.8310547,-96.34778,-13.403809,4.976284,73.873535,43.642822
2793,-79.35181,71.4646,-146.38477,0.66796875,-98.38684,-16.510254,4.18742,64.630554,30.34497
2794,-86.04956,59.03003,-148.42969,-18.926758,-96.4126,-22.682617,-27.277264,39.85791,0.09057617
2795,-81.84082,67.960205,-148.2832,-18.530273,-93.898926,-15.081543,-40.608826,40.07907,-5.204834
2796,-76.50488,74.29004,-144.03125,-29.267578,-92.57861,-31.441895,-17.017128,56.56079,10.060791
2797,-67.9126,86.30762,-133.84766,-13.669922,-93.1875,-41.702637,6.3130913,73.86243,27.07788
2798,-56.481445,93.99585,-139.21191,4.317383,-105.00183,-33.87451,-9.52705,59.463043,20.26294
2799,-61.79248,90.59009,-146.53027,-1.3623047,-114.955444,-16.003906,-39.43921,44.27835,-1.347168
2800,-64.92969,91.24121,-129.21875,1.3681641,-87.673706,-8.21582,-21.68391,57.788513,13.135498
2801,-95.69922,64.07886,-138.32227,-10.368164,-79.42883,-10.269531,14.573757,76.82349,35.519775
2802,-76.43628,73.864746,-128.72656,1.8378906,-75.52783,-9.520508,25.242672,86.102356,42.91455
2803,-72.354004,73.65552,-136.89648,-6.1904297,-94.2959,-24.075195,-16.097427,60.00772,10.943359
2804,-70.70752,78.423584,-142.13184,-17.177734,-97.767456,-39.2959,-47.493763,36.39389,-16.533447
2805,-61.50952,91.14453,-143.83105,-10.56543,-106.90552,-38.865723,-39.06891,36.756073,-8.373291
2806,-64.733154,83.83716,-141.67383,-0.52734375,-102.73096,-24.641602,-1.2175217,59.89749,20.042236
2807,-67.12402,85.00415,-130.70605,6.5742188,-101.12854,-20.438965,-2.2628212,64.64197,20.800293
2808,-70.364746,77.27515,-134.01953,1.7265625,-97.64172,-7.072754,-27.3382,57.82132,13.080078
2809,-82.77319,68.56006,-142.00293,-21.890625,-100.321045,-27.901367,-43.256294,47.08777,-2.5810547
2810,-82.18579,74.880615,-132.70898,-24.390625,-94.57349,-51.839355,-18.69352,54.572845,1.8413086
2811,-77.17651,79.59424,-130.92578,-11.293945,-90.95654,-54.871094,-8.651531,50.60971,-1.9897461
2812,-69.896484,82.528564,-143.24707,1.2109375,-103.41467,-27.805664,-25.664051,46.71219,-0.93310547
2813,-70.71509,85.42871,-150.96973,7.5742188,-106.26819,-7.415039,-31.263758,61.694702,14.279297
2814,-67.495605,89.0437,-138.76855,1.5419922,-98.436035,-2.5742188,-13.959347,68.565674,27.77832
2815,-80.124756,80.37891,-132.51172,-3.774414,-90.05298,-11.064453,16.575993,87.879395,46.403564
2816,-77.10693,76.383545,-132.1211,5.086914,-93.07678,-16.070312,1.5306358,76.963135,29.426025
2817,-81.05444,72.86914,-139.16797,-6.817383,-105.89343,-43.38916,-54.39431,28.761322,-27.37207
2818,-91.22925,67.9292,-141.96973,-23.550781,-98.49634,-60.347168,-51.400024,21.09256,-38.18042
2819,-93.20215,72.24585,-140.82715,-10.2421875,-86.73535,-27.911133,-4.0532303,63.743835,14.408447
2820,-82.04736,83.336914,-145.22559,7.9833984,-88.65283,-17.218262,22.49606,85.85077,38.196533
2821,-81.870605,75.20337,-153.42383,3.5449219,-115.46509,-23.01416,-26.05814,53.902435,10.061279
2822,-71.22095,78.32959,-145.2998,-16.27832,-114.97522,-32.589844,-59.354637,35.68628,-12.6779785
2823,-63.32373,91.71997,-135.59766,-22.97461,-99.73071,-43.89795,-48.640976,44.215485,-12.66626
2824,-78.903076,84.24756,-133.59668,-15.1171875,-88.33887,-54.38379,-1.8178406,63.837402,4.7734375
2825,-91.250244,73.707275,-140.48438,0.6699219,-89.87866,-53.841797,8.628025,64.70618,3.0859375
2826,-93.05444,69.383545,-143.56055,6.098633,-101.04724,-13.574219,-11.1790695,67.47943,13.430176
2827,-86.02637,78.81592,-156.82422,1.4746094,-111.75488,-1.9335938,-40.55464,63.072998,16.151367
2828,-92.71387,78.063965,-161.00586,-16.634766,-110.489136,-9.229004,-34.224648,64.09015,30.159424
2829,-78.9187,87.573,-135.73633,4.173828,-93.789185,-3.7167969,2.6353493,88.451904,52.938232
2830,-54.91797,110.64722,-126.96387,21.407227,-79.9635,-6.8032227,0.501461,79.760315,33.13965
2831,-56.45288,110.57373,-136.67773,3.9736328,-94.99707,-43.845703,-34.738388,48.78369,-20.756592
2832,-67.19678,106.85425,-141.89746,-9.422852,-95.24451,-47.29541,-24.080242,58.37433,-7.6137695
2833,-78.85718,98.73462,-139.32031,-0.4296875,-86.857056,-30.182617,15.916622,88.942444,37.28833
2834,-86.923584,93.55371,-147.0166,13.369141,-98.07764,-27.271973,6.810154,80.67389,37.528076
2835,-93.63867,81.83252,-153.57617,14.807617,-112.14905,-4.6723633,-39.489296,56.0036,24.51123
2836,-92.809814,82.42432,-158.89648,5.298828,-108.88953,1.9169922,-54.331306,47.79355,13.082764
2837,-88.42822,92.62964,-143.30469,6.2001953,-93.627686,-9.524414,-20.42638,64.04523,15.090576
2838,-80.52173,103.33838,-133.58203,18.81543,-84.450806,-23.182129,21.048603,88.358215,32.864014
2839,-84.75195,93.98071,-144.69629,4.0546875,-93.44116,-44.98242,9.23444,74.93866,14.861328
2840,-90.68213,87.40991,-160.24219,5.7734375,-102.55945,-20.25586,-21.203136,66.36774,8.155273
2841,-94.99951,80.73389,-152.50879,2.9658203,-97.49805,-6.0078125,-27.690426,75.07886,28.788086
2842,-96.07324,82.37988,-145.32129,7.5820312,-84.67053,4.42041,9.747143,95.81854,59.814453
2843,-101.173584,84.40259,-148.05957,19.379883,-91.40076,2.8999023,14.9555855,93.370056,56.54297
2844,-89.53833,89.68823,-145.12012,26.389648,-89.9021,1.2661133,-3.049652,82.01544,34.945312
2845,-96.95239,84.82593,-146.84082,10.318359,-97.62634,-16.13086,-34.407196,61.26764,2.1989746
2846,-102.82007,79.91431,-156.16406,-14.53418,-108.29663,-55.980957,-38.33715,42.64554,-17.438477
2847,-93.666504,91.468506,-151.89941,0.4296875,-106.666626,-47.862305,-7.8691864,60.07962,6.76416
2848,-99.69238,84.85327,-154.71582,10.160156,-107.11426,-26.919434,-8.581551,60.881836,18.51123
2849,-114.05615,67.218994,-161.57031,7.9990234,-106.35901,-3.8461914,-22.019894,74.62781,33.126465
2850,-101.8916,77.24756,-148.2334,13.836914,-87.33972,19.36914,-15.28196,89.6889,49.04004
2851,-103.78589,81.35278,-141.29395,10.02832,-80.14368,1.4487305,4.8633385,91.0293,48.28955
2852,-90.782715,90.711426,-131.51758,25.833008,-80.11682,-9.608398,13.059765,86.07892,41.89673
2853,-89.20679,93.65698,-146.34863,25.408203,-107.9906,-21.098145,-30.883999,52.196167,2.800293
2854,-95.59497,88.55493,-159.72266,8.722656,-112.8009,-21.990234,-44.943672,49.622925,-3.190918
2855,-104.42334,84.95752,-151.31543,10.698242,-85.5437,1.4638672,-0.72951126,89.93713,37.799072
2856,-100.25806,93.17627,-147.23633,19.80957,-79.372314,6.1694336,26.85616,106.57568,61.659668
2857,-98.75366,99.00928,-143.26465,40.597656,-74.877686,14.705566,23.434887,100.60516,62.129883
2858,-95.14331,94.36279,-156.38281,28.19043,-97.51184,4.688965,-32.29425,53.679535,11.746094
2859,-96.99219,95.948,-161.62793,15.34668,-108.79602,-8.586914,-53.508087,40.37726,-6.157959
2860,-93.96167,104.023926,-159.28906,17.527344,-108.47839,-27.40918,-21.471294,57.40323,10.138672
2861,-98.351074,102.7251,-150.74023,28.637695,-93.657104,-10.854004,29.273159,93.14111,45.62622
2862,-95.12085,104.8042,-149.22754,44.64453,-86.10596,11.003906,24.1339,102.86383,54.151123
2863,-92.79199,102.01831,-157.80762,30.28418,-100.82483,1.9277344,-28.811241,67.58484,17.692383
2864,-98.02832,104.62207,-154.4209,21.015625,-99.46277,-8.241211,-46.878143,55.318085,8.630615
2865,-95.91333,110.538574,-145.06738,18.725586,-106.83069,-21.530762,-34.459106,51.120697,16.310303
2866,-86.35889,120.49463,-137.77344,43.414062,-97.06091,-17.682617,1.049839,75.47803,31.463623
2867,-92.47998,110.40845,-152.59766,27.408203,-100.040405,-18.37207,-7.9270706,73.64966,20.563477
2868,-90.43359,107.05469,-144.30664,27.021484,-86.69812,-6.3046875,-8.492218,85.00073,26.184814
2869,-102.31372,103.3833,-149.48926,29.881836,-82.30505,1.0014648,5.0189476,98.01019,48.671143
2870,-106.850586,96.46924,-153.90039,27.271484,-99.57202,-22.501465,-11.858479,71.77014,32.54663
2871,-100.02783,101.91504,-148.80664,36.58008,-105.52344,-18.083008,-30.982033,53.62915,12.792725
2872,-88.66235,106.873535,-139.3877,32.61035,-102.35242,-19.78955,-48.732788,41.6481,-11.906982
2873,-86.276855,113.258545,-146.56445,23.517578,-90.14929,-23.399414,-23.699215,59.468903,-2.3305664
2874,-88.97119,113.12622,-145.37012,29.327148,-79.40442,-0.036621094,20.72459,103.38104,49.852783
2875,-85.11743,116.03345,-143.83691,54.56543,-75.76587,15.595215,38.300747,118.99274,75.122314
2876,-92.369385,106.80713,-149.85547,54.291992,-86.97229,16.438965,-3.440792,93.26904,51.25
2877,-91.291016,102.84741,-150.73828,29.219727,-97.61157,-2.0893555,-53.331177,55.391968,8.471436
2878,-98.99878,102.74829,-148.01367,18.848633,-92.98767,-19.416992,-31.145443,60.685303,11.01123
2879,-81.08276,116.958984,-136.85742,31.464844,-84.53064,-23.391602,15.022404,86.30707,32.371338
2880,-90.70093,109.67456,-147.35352,40.504883,-100.63428,-12.057129,2.3738441,82.74304,34.62256
2881,-79.85742,120.90576,-146.12598,56.33789,-92.07361,11.573242,-12.958733,89.65973,39.887695
2882,-107.1272,95.62598,-160.53613,27.429688,-95.33008,-0.9194336,-23.615383,79.21973,31.472412
2883,-105.33594,101.4978,-140.78418,33.73047,-91.69507,-4.711914,-8.759068,81.10614,41.0437
2884,-99.16382,106.51367,-145.25098,33.914062,-95.43982,-19.157715,-6.0270653,70.50116,27.242432
2885,-92.37378,107.423096,-147.5293,31.541016,-98.99634,-32.583008,-19.10532,56.682465,1.2631836
2886,-88.374756,110.14453,-157.20605,31.82129,-103.59619,-26.510254,-38.120422,49.637604,-9.148682
2887,-97.50537,112.0249,-147.67773,43.081055,-93.67346,7.2973633,-0.97607803,93.12024,43.516846
2888,-100.3584,107.363525,-150.71582,48.66797,-84.04956,9.808105,36.470654,116.56085,75.2417
2889,-110.70288,99.91089,-154.30371,51.143555,-95.54639,3.145996,15.290363,99.33557,53.815918
2890,-92.738525,112.741455,-156.1914,50.67871,-104.49133,1.7817383,-27.846806,70.45819,25.916016
2891,-93.815674,110.7417,-149.99219,28.478516,-115.12402,-27.7583,-50.520905,47.67227,-6.897949
2892,-92.111084,126.9021,-148.06055,42.510742,-95.44397,-20.355469,-7.810581,77.94501,21.563477
2893,-103.86133,113.701904,-145.85059,50.049805,-87.89526,-9.091797,25.43613,93.85339,40.32715
2894,-108.71362,104.66699,-150.86621,62.23047,-76.35193,21.303223,40.632244,118.8338,67.659424
2895,-114.84912,94.34204,-165.7207,49.560547,-95.52136,21.578125,-5.910511,90.60712,41.481934
2896,-113.1311,103.098145,-161.33984,47.268555,-90.76953,16.472656,-11.551285,86.59656,46.22412
2897,-103.46118,114.00342,-167.41992,36.668945,-105.663574,-19.233887,-11.443901,73.807556,34.010498
2898,-105.745605,108.166504,-158.72461,40.73633,-108.49072,-37.00293,-7.5734444,69.09552,19.959473
2899,-97.535645,110.6416,-149.6416,56.216797,-102.19495,-17.201172,-17.832104,66.40338,10.828125
2900,-100.57959,111.94287,-157.38867,51.70703,-92.47339,8.283691,-9.423527,80.425964,30.356934
2901,-113.43384,105.76001,-153.90625,48.210938,-90.29077,14.803223,19.245495,102.20587,61.74243
2902,-105.25049,117.60962,-158.0039,60.995117,-86.72705,24.263184,37.87927,114.82922,81.40967
2903,-103.78223,107.88501,-160.1377,58.148438,-97.95679,22.808594,8.160099,99.87744,68.96973
2904,-104.135254,99.44287,-165.07617,26.092773,-115.166626,-22.24121,-47.436512,52.89981,5.6765137
2905,-115.55127,94.3916,-161.13867,7.0341797,-106.84302,-52.916504,-36.094284,49.013092,-12.844238
2906,-115.329346,102.3999,-157.6748,25.50293,-94.14612,-34.657715,9.306995,82.8111,24.270752
2907,-110.90112,108.7959,-154.00586,46.617188,-96.0166,1.0810547,32.63988,103.2818,61.974854
2908,-105.253174,107.3208,-156.06348,67.109375,-91.88379,33.77002,24.75629,115.02667,75.5083
2909,-110.04077,105.992676,-166.35742,47.19922,-102.19617,26.750488,-17.953285,86.13373,51.955322
2910,-102.2041,121.16846,-160.86621,49.680664,-99.15747,25.749512,-9.8321495,92.14636,58.349854
2911,-108.21387,107.20337,-160.04199,38.875977,-106.44263,-19.454102,-5.198311,77.57074,33.799316
2912,-102.07324,103.261475,-156.91895,32.436523,-106.63696,-47.21045,-6.7210693,71.32257,9.12793
2913,-111.524414,98.66016,-159.75977,31.396484,-106.523315,-29.418945,-19.810837,63.19873,5.51001
2914,-109.052734,98.97119,-158.80762,36.256836,-97.81848,-4.2055664,-3.9785576,84.70355,36.713135
2915,-122.77173,99.72876,-164.53223,40.786133,-95.11499,2.3745117,23.86301,109.16852,68.91016
2916,-128.2312,86.04297,-172.43457,35.006836,-108.70911,-9.272461,11.59486,96.143616,59.230225
2917,-107.59912,107.91577,-164.47363,50.745117,-113.73071,-6.645996,-23.028278,68.46753,34.68042
2918,-111.89526,98.79199,-165.16309,25.371094,-119.597534,-30.182129,-63.461525,36.91443,-15.0859375
2919,-117.113525,102.748535,-160.44824,22.239258,-108.47302,-42.109375,-33.086075,53.756805,-5.6538086
2920,-110.2854,110.55127,-149.97363,40.467773,-84.618164,-17.677246,35.347614,104.11578,51.255615
2921,-127.599365,88.66455,-164.0332,49.8916,-101.00452,9.340332,38.50085,110.45386,73.25122
2922,-123.5022,89.54736,-175.58398,51.753906,-108.45032,15.141602,10.843578,102.52002,57.76758
2923,-119.08862,95.80542,-160.62988,38.69043,-103.33826,8.23584,-15.754623,79.305115,40.671875
2924,-125.020996,89.41992,-156.31348,30.813477,-101.20068,-19.973633,-13.189659,70.43585,27.34668
2925,-115.13745,97.562256,-154.0498,41.67285,-99.80078,-34.97998,-0.8031235,75.0686,26.705078
2926,-115.3938,93.40161,-158.02441,52.051758,-102.506714,-30.448242,0.5314903,80.160706,25.375977
2927,-128.74536,84.89746,-172.32422,42.75,-103.86694,2.125,-2.229496,88.537964,39.347656
2928,-121.42822,94.06323,-167.24121,52.433594,-91.54529,26.316895,19.840923,112.11182,70.65747
2929,-123.03516,87.535645,-166.75684,42.634766,-90.67627,11.370117,40.12615,118.24237,83.77954
2930,-116.38086,92.98242,-158.08105,42.376953,-104.88953,-13.680176,14.071728,84.9552,53.17456
2931,-117.69043,87.10303,-157.85449,38.189453,-116.75073,-30.505371,-32.6557,50.108337,8.415039
2932,-108.25049,103.50708,-162.13477,51.91797,-106.055786,-20.659668,-28.523281,64.97919,10.196533
2933,-116.178955,100.78076,-169.23535,57.210938,-99.99548,9.877441,21.804745,105.82855,60.499756
2934,-122.57251,96.322266,-163.30762,63.198242,-92.372925,17.464844,54.27142,132.28387,94.63159
2935,-130.40186,81.47925,-162.16016,56.200195,-92.83862,16.815918,39.38831,117.21344,82.184326
2936,-128.89648,83.49487,-168.42871,36.38672,-107.18213,-6.73584,-22.218517,62.875977,21.95752
2937,-133.35596,83.345215,-171.46289,22.748047,-115.658325,-26.26123,-38.84532,51.524323,15.43457
2938,-113.26416,100.518555,-155.55957,47.9541,-102.566284,-24.658203,0.13068771,82.34943,46.50049
2939,-117.8855,96.113525,-165.45898,50.59668,-111.499756,-19.303223,16.336437,91.291565,50.216553
2940,-138.32422,71.44043,-160.88867,50.41504,-97.27576,3.6381836,25.104824,102.8006,56.114502
2941,-135.28125,73.874756,-166.09473,46.98535,-90.74133,21.860352,20.191067,108.84802,64.12671
2942,-131.67334,76.135254,-161.67383,35.487305,-91.86438,9.733398,17.663776,99.56323,64.2832
2943,-132.79248,75.99365,-161.85645,30.114258,-101.128784,-17.299316,9.56242,79.80603,48.539795
2944,-109.30127,95.98413,-157.21094,51.823242,-109.10498,-18.487305,-11.570442,70.64563,39.412598
2945,-109.34863,88.727295,-157.17871,46.95996,-116.31372,-24.986816,-35.25563,62.397766,18.705078
2946,-115.831055,87.87305,-156.02246,35.1084,-107.22571,-24.578613,-14.16383,84.21045,40.416992
2947,-106.07349,95.16675,-141.10547,42.963867,-79.668945,0.33789062,47.67877,131.01752,87.71582
2948,-110.421875,96.112305,-148.16211,52.75879,-90.84204,-2.5449219,49.459286,118.35559,84.590576
2949,-108.431885,85.32056,-152.74902,48.379883,-93.51941,2.0615234,22.723522,94.80493,53.257812
2950,-112.420654,86.20996,-160.49316,42.69922,-107.091675,0.049804688,-18.823193,67.446594,26.588623
2951,-111.11157,89.85571,-159.87988,38.86914,-106.88684,-13.281738,-16.595295,72.03717,29.506836
2952,-107.32202,99.26318,-158.4502,45.720703,-109.53662,-25.458008,11.218777,94.68097,59.23242
2953,-97.50879,99.68262,-148.39062,53.4541,-103.331665,-23.371582,25.181355,104.99213,59.566895
2954,-89.34546,106.67456,-150.56152,55.126953,-99.15161,-10.844727,8.0168495,92.77307,46.83203
2955,-86.98779,112.75879,-154.91309,57.058594,-97.97864,2.6142578,0.55119705,85.768616,44.07788
2956,-93.551025,110.01514,-147.2959,56.8125,-85.48279,-0.7421875,27.226437,100.14447,60.896484
2957,-97.3811,101.38281,-146.8789,61.999023,-89.032104,1.5126953,42.09142,114.10504,76.28052
2958,-84.48828,106.29248,-149.25293,68.25098,-99.0896,11.986328,28.562428,115.76483,75.35181
2959,-78.31079,106.90405,-149.07422,60.194336,-99.04956,15.384277,11.343456,110.711365,69.09375
2960,-83.909424,113.21533,-153.87988,44.820312,-106.8009,-12.104492,12.926754,102.708435,61.72534
2961,-89.22778,105.56641,-154.06055,45.453125,-108.31128,-27.454102,24.87125,93.51471,51.38745
2962,-79.644775,110.70044,-148.74902,59.385742,-105.46167,-15.064941,13.836178,83.76611,38.75415
2963,-70.06128,112.77124,-145.23242,60.573242,-101.346436,1.7211914,-10.611534,74.62134,32.60132
2964,-83.612305,105.92993,-150.81152,52.27246,-101.23767,10.864258,1.0178909,94.68652,55.274902
2965,-79.116455,112.0647,-144.29395,58.301758,-93.113525,13.870117,39.85484,117.625,84.809814
2966,-80.80005,107.95825,-153.55957,57.26953,-101.440186,-0.024902344,37.156956,109.07605,72.72949
2967,-75.13159,103.805664,-149.97461,47.57422,-114.433105,-33.231934,-9.414646,70.87012,20.993408
2968,-71.340576,112.706055,-152.91309,34.987305,-119.49634,-58.075195,-43.930424,39.4476,-21.138672
2969,-76.954834,107.69678,-143.99121,38.710938,-97.57617,-31.49121,-11.211464,60.795624,11.633789
2970,-77.63281,114.04346,-136.67578,60.69043,-86.210815,5.194824,41.95786,106.76318,75.018555
2971,-74.226074,110.4187,-139.67871,66.19336,-91.950806,23.319336,45.181255,123.54895,93.643555
2972,-85.213135,89.877686,-153.33496,39.46875,-102.216064,4.569824,5.383198,100.61792,62.49951
2973,-103.37427,79.5979,-168.23828,14.865234,-122.91321,-29.538086,-24.711933,73.61401,33.56421
2974,-62.293945,121.80737,-142.34863,41.11621,-107.73218,-39.710938,-7.3050537,78.04712,37.713135
2975,-56.697754,129.67114,-139.24902,50.614258,-121.629395,-58.032227,-6.3378143,66.21326,23.064697
2976,-66.54834,111.381836,-142.07617,47.140625,-113.218506,-56.538086,-10.507389,54.946014,4.748291
2977,-73.18359,105.4104,-151.86914,45.101562,-92.901855,-32.33838,5.3567314,84.218445,23.198242
2978,-83.917725,94.66162,-149.48926,33.4541,-92.34558,-21.60791,29.878986,107.341125,53.976807
2979,-78.898926,96.924805,-144.29395,48.5459,-83.58374,-7.069824,59.89014,131.12842,88.56641
2980,-82.75171,88.46387,-147.22754,48.07617,-103.73474,-13.387207,25.10252,100.560425,63.53125
2981,-65.67041,96.400635,-151.53809,48.645508,-129.88147,-24.604492,-42.107735,51.02112,17.13623
2982,-71.14429,96.56543,-154.69043,35.353516,-129.48462,-46.854004,-55.588387,35.45883,-7.44458
2983,-68.340576,102.611084,-135.83594,35.259766,-98.4281,-48.655273,9.660442,77.753784,31.602783
2984,-77.26001,88.43457,-139.25684,32.76953,-99.40527,-45.100586,41.668644,102.84454,49.920166
2985,-74.12109,90.12891,-136.50195,47.4541,-84.51611,-13.175781,46.878704,114.44403,59.37036
2986,-79.10889,78.80713,-153.06055,35.057617,-107.20984,-19.711426,0.5793953,84.06012,31.717285
2987,-75.04639,86.707275,-148.49121,32.490234,-110.03003,-24.797363,-13.598194,76.17511,33.91577
2988,-69.19238,91.563965,-148.95215,38.62793,-126.201294,-34.362793,-14.204311,71.9538,41.144287
2989,-68.72632,95.74097,-140.26758,42.601562,-118.66846,-43.717285,0.033164978,66.97211,35.428223
2990,-70.82666,85.59253,-142.15234,37.679688,-111.462036,-35.874023,-12.027245,62.132996,19.635986
2991,-76.16016,86.69165,-146.90039,42.57129,-101.76587,-8.17334,4.787533,89.0459,43.260986
2992,-75.28174,87.420166,-135.74512,33.351562,-92.60986,-8.336426,31.970127,108.47125,66.84497
2993,-72.08179,90.32568,-134.59473,50.124023,-89.114624,-0.44433594,50.83814,119.562805,88.0542
2994,-68.69678,81.52832,-143.41602,39.79785,-114.56604,-12.777832,0.55716324,78.65875,51.321777
2995,-62.46875,87.27637,-152.46191,34.57617,-142.3053,-32.541504,-59.34874,39.15338,11.441895
2996,-60.094727,90.13306,-146.88086,21.248047,-140.28088,-47.98828,-49.985943,41.305023,2.4780273
2997,-66.650635,90.59302,-131.77832,30.496094,-106.11218,-28.04004,22.151554,89.61499,53.42627
2998,-70.29053,81.73828,-129.92578,40.378906,-90.22693,-11.116699,55.474552,113.37677,77.80615
2999,-77.19873,65.397705,-140.93164,36.92285,-99.00232,-5.376953,24.198406,95.52252,61.225098
